Spatial_Coordinate_X,Temporal_Coordinate_T,Predicted_Velocity_U
-1.0,1.0,0.006190131665628346
-0.9899497487437185,1.0,0.01318386564184576
-0.9798994974874372,1.0,0.02020102980395741
-0.9698492462311558,1.0,0.027242116409653377
-0.9597989949748744,1.0,0.03430763784657942
-0.949748743718593,1.0,0.041398120035572666
-0.9396984924623115,1.0,0.04851409534126239
-0.9296482412060302,1.0,0.05565609501430124
-0.9195979899497487,1.0,0.06282464119401476
-0.9095477386934674,1.0,0.07002023850463213
-0.8994974874371859,1.0,0.07724336528246681
-0.8894472361809045,1.0,0.0844944644754177
-0.8793969849246231,1.0,0.09177393425994176
-0.8693467336683417,1.0,0.0990821184242962
-0.8592964824120604,1.0,0.10641929657029756
-0.8492462311557789,1.0,0.11378567418927804
-0.8391959798994975,1.0,0.12118137267135853
-0.8291457286432161,1.0,0.12860641931077038
-0.8190954773869347,1.0,0.13606073737379876
-0.8090452261306533,1.0,0.1435441363002804
-0.7989949748743719,1.0,0.15105630211439602
-0.7889447236180904,1.0,0.15859678812604766
-0.778894472361809,1.0,0.16616500601039635
-0.7688442211055276,1.0,0.173760217360153
-0.7587939698492463,1.0,0.1813815258129985
-0.7487437185929648,1.0,0.18902786986487324
-0.7386934673366834,1.0,0.19669801648855278
-0.728643216080402,1.0,0.20439055568568565
-0.7185929648241206,1.0,0.21210389610872016
-0.7085427135678393,1.0,0.21983626189644556
-0.6984924623115578,1.0,0.22758569087250174
-0.6884422110552764,1.0,0.2353500342594903
-0.6783919597989949,1.0,0.2431269580614504
-0.6683417085427136,1.0,0.2509139462637512
-0.6582914572864322,1.0,0.25870830599110406
-0.6482412060301508,1.0,0.2665071747508805
-0.6381909547738693,1.0,0.2743075298697689
-0.6281407035175879,1.0,0.2821062002067424
-0.6180904522613065,1.0,0.2898998801945186
-0.6080402010050251,1.0,0.2976851462255238
-0.5979899497487438,1.0,0.30545847535777726
-0.5879396984924623,1.0,0.31321626627248134
-0.5778894472361809,1.0,0.32095486237053994
-0.5678391959798995,1.0,0.3286705768524394
-0.5577889447236181,1.0,0.336359719588625
-0.5477386934673367,1.0,0.3440186255602268
-0.5376884422110553,1.0,0.35164368463851065
-0.5276381909547738,1.0,0.3592313724826796
-0.5175879396984925,1.0,0.3667782823780331
-0.507537688442211,1.0,0.374281157919774
-0.4974874371859297,1.0,0.38173692658311276
-0.48743718592964824,1.0,0.3891427344199829
-0.4773869346733668,1.0,0.39649598239907846
-0.46733668341708545,1.0,0.4037943652703716
-0.457286432160804,1.0,0.4110359142949589
-0.44723618090452255,1.0,0.41821904573500335
-0.4371859296482412,1.0,0.4253426176299877
-0.42713567839195976,1.0,0.4324059980518514
-0.4170854271356784,1.0,0.43940914864893377
-0.40703517587939697,1.0,0.4463527277117254
-0.3969849246231155,1.0,0.45323821699069544
-0.3869346733668342,1.0,0.46006807572407904
-0.37688442211055273,1.0,0.4668459233154697
-0.3668341708542714,1.0,0.47357674823312657
-0.35678391959798994,1.0,0.480267134308091
-0.3467336683417085,1.0,0.4869254860909149
-0.33668341708542715,1.0,0.4935622220824033
-0.3266331658291457,1.0,0.500189889191975
-0.31658291457286436,1.0,0.5068231360645068
-0.3065326633165829,1.0,0.5134784718057683
-0.29648241206030146,1.0,0.5201737379773745
-0.2864321608040201,1.0,0.5269272457631994
-0.27638190954773867,1.0,0.533756586718253
-0.26633165829145733,1.0,0.5406772179061248
-0.2562814070351759,1.0,0.5477010392399292
-0.24623115577889443,1.0,0.5548352897992246
-0.2361809045226131,1.0,0.5620821390290925
-0.22613065326633164,1.0,0.569439285209972
-0.2160804020100502,1.0,0.5769016745467112
-0.20603015075376885,1.0,0.5844641517258309
-0.1959798994974874,1.0,0.5921245267283981
-0.18592964824120606,1.0,0.5998862757680705
-0.1758793969849246,1.0,0.6077599219635865
-0.16582914572864316,1.0,0.6157620441948102
-0.15577889447236182,1.0,0.6239108088409191
-0.14572864321608037,1.0,0.6322169185368967
-0.13567839195979903,1.0,0.6406690157068542
-0.12562814070351758,1.0,0.6492131342706151
-0.11557788944723613,1.0,0.6577275449224024
-0.10552763819095479,1.0,0.6659994285338938
-0.09547738693467334,1.0,0.673723009799259
-0.085427135678392,1.0,0.6805665627985835
-0.07537688442211055,1.0,0.6863895510949183
-0.0653266331658291,1.0,0.6916405477497599
-0.055276381909547756,1.0,0.6975866613408334
-0.045226130653266305,1.0,0.7054628665722634
-0.035175879396984966,1.0,0.7146184451057329
-0.025125628140703515,1.0,0.7196439555426957
-0.015075376884422065,1.0,0.6892117645667483
-0.005025125628140725,1.0,0.39761700950234236
0.005025125628140614,1.0,-0.34709355807913556
0.015075376884422065,1.0,-0.6699167747407527
0.025125628140703515,1.0,-0.705784945560402
0.035175879396984966,1.0,-0.7043278228218668
0.045226130653266416,1.0,-0.7000035922715317
0.055276381909547645,1.0,-0.6944468750428562
0.0653266331658291,1.0,-0.6880145274735225
0.07537688442211055,1.0,-0.6811945139155451
0.085427135678392,1.0,-0.6743231812514321
0.09547738693467345,1.0,-0.6675810375228959
0.1055276381909549,1.0,-0.6610270676563023
0.11557788944723613,1.0,-0.6546259319257831
0.12562814070351758,1.0,-0.6482922503443408
0.13567839195979903,1.0,-0.6419446839263507
0.14572864321608048,1.0,-0.635539575757169
0.15577889447236193,1.0,-0.6290689265071026
0.16582914572864316,1.0,-0.6225371881497186
0.1758793969849246,1.0,-0.615941794916149
0.18592964824120606,1.0,-0.6092687626947106
0.1959798994974875,1.0,-0.6024985146711513
0.20603015075376896,1.0,-0.5956130904382242
0.2160804020100502,1.0,-0.5886003386153681
0.22613065326633164,1.0,-0.5814550696731432
0.2361809045226131,1.0,-0.5741785452029955
0.24623115577889454,1.0,-0.5667773533501216
0.256281407035176,1.0,-0.5592621509365333
0.2663316582914572,1.0,-0.5516464419225904
0.27638190954773867,1.0,-0.5439454593161661
0.2864321608040201,1.0,-0.5361751923345438
0.29648241206030157,1.0,-0.5283515863443253
0.306532663316583,1.0,-0.5204899255256045
0.31658291457286425,1.0,-0.5126043909287682
0.3266331658291457,1.0,-0.5047077740275958
0.33668341708542715,1.0,-0.49681131930593314
0.3467336683417086,1.0,-0.48892466789994316
0.35678391959799005,1.0,-0.48105587614665624
0.3668341708542713,1.0,-0.47321148647589795
0.37688442211055273,1.0,-0.4653966322761698
0.3869346733668342,1.0,-0.4576151624594457
0.39698492462311563,1.0,-0.44986977508010684
0.4070351758793971,1.0,-0.44216215238871925
0.4170854271356783,1.0,-0.43449309211276727
0.42713567839195976,1.0,-0.42686263161114235
0.4371859296482412,1.0,-0.41927016293193936
0.44723618090452266,1.0,-0.4117145378031083
0.4572864321608041,1.0,-0.40419416228553395
0.46733668341708534,1.0,-0.39670708128898213
0.4773869346733668,1.0,-0.3892510534516671
0.48743718592964824,1.0,-0.38182361706016854
0.4974874371859297,1.0,-0.374422147774203
0.5075376884422111,1.0,-0.36704390894763383
0.5175879396984926,1.0,-0.35968609532341755
0.5276381909547738,1.0,-0.3523458708409146
0.5376884422110553,1.0,-0.345020401239815
0.5477386934673367,1.0,-0.3377068820833945
0.5577889447236182,1.0,-0.3304025627599586
0.5678391959798996,1.0,-0.323104766958766
0.5778894472361809,1.0,-0.315810910057324
0.5879396984924623,1.0,-0.30851851380213235
0.5979899497487438,1.0,-0.3012252186152725
0.6080402010050252,1.0,-0.2939287938147999
0.6180904522613067,1.0,-0.2866271459977798
0.6281407035175879,1.0,-0.27931832580045746
0.6381909547738693,1.0,-0.27200053322043516
0.6482412060301508,1.0,-0.2646721216600778
0.6582914572864322,1.0,-0.2573316008285489
0.6683417085427137,1.0,-0.249977638621205
0.6783919597989949,1.0,-0.2426090620793499
0.6884422110552764,1.0,-0.23522485752006042
0.6984924623115578,1.0,-0.22782416991464777
0.7085427135678393,1.0,-0.22040630158504565
0.7185929648241207,1.0,-0.21297071027966555
0.728643216080402,1.0,-0.20551700668387515
0.7386934673366834,1.0,-0.19804495141498887
0.7487437185929648,1.0,-0.19055445154732897
0.7587939698492463,1.0,-0.18304555670937103
0.7688442211055277,1.0,-0.17551845479213404
0.778894472361809,1.0,-0.16797346730560786
0.7889447236180904,1.0,-0.16041104441811307
0.7989949748743719,1.0,-0.1528317597119744
0.8090452261306533,1.0,-0.14523630468755214
0.8190954773869348,1.0,-0.13762548304671662
0.829145728643216,1.0,-0.1300002047858786
0.8391959798994975,1.0,-0.1223614801279784
0.8492462311557789,1.0,-0.11471041332212073
0.8592964824120604,1.0,-0.1070481963388892
0.8693467336683418,1.0,-0.09937610248876455
0.879396984924623,1.0,-0.09169547999040353
0.8894472361809045,1.0,-0.0840077455148936
0.8994974874371859,1.0,-0.07631437773137853
0.9095477386934674,1.0,-0.06861691087867985
0.9195979899497488,1.0,-0.0609169283867268
0.9296482412060301,1.0,-0.05321605657069142
0.9396984924623115,1.0,-0.0455159584197711
0.949748743718593,1.0,-0.03781832750149655
0.9597989949748744,1.0,-0.030124882001327485
0.9698492462311559,1.0,-0.02243735891609533
0.9798994974874373,1.0,-0.014757508418605236
0.9899497487437185,1.0,-0.007087088409354736
1.0,1.0,0.0005721407300370018
-1.0,1.010204081632653,0.006635248986702064
-0.9899497487437185,1.010204081632653,0.013563038068017563
-0.9798994974874372,1.010204081632653,0.020513691834129044
-0.9698492462311558,1.010204081632653,0.027487719629185142
-0.9597989949748744,1.010204081632653,0.03448565116711283
-0.949748743718593,1.010204081632653,0.04150803002662204
-0.9396984924623115,1.010204081632653,0.04855540667230884
-0.9296482412060302,1.010204081632653,0.05562833102744125
-0.9195979899497487,1.010204081632653,0.0627273446285278
-0.9095477386934674,1.010204081632653,0.0698529723960884
-0.8994974874371859,1.010204081632653,0.07700571406018525
-0.8894472361809045,1.010204081632653,0.08418603528311178
-0.8793969849246231,1.010204081632653,0.0913943585252402
-0.8693467336683417,1.010204081632653,0.09863105370334002
-0.8592964824120604,1.010204081632653,0.10589642869376162
-0.8492462311557789,1.010204081632653,0.11319071973574868
-0.8391959798994975,1.010204081632653,0.12051408179293643
-0.8291457286432161,1.010204081632653,0.12786657893382258
-0.8190954773869347,1.010204081632653,0.1352481747948841
-0.8090452261306533,1.010204081632653,0.14265872319306794
-0.7989949748743719,1.010204081632653,0.15009795895786276
-0.7889447236180904,1.010204081632653,0.15756548905705825
-0.778894472361809,1.010204081632653,0.16506078409478536
-0.7688442211055276,1.010204081632653,0.17258317026552433
-0.7587939698492463,1.010204081632653,0.18013182185345622
-0.7487437185929648,1.010204081632653,0.18770575437272252
-0.7386934673366834,1.010204081632653,0.19530381845071665
-0.728643216080402,1.010204081632653,0.20292469456313778
-0.7185929648241206,1.010204081632653,0.2105668887358585
-0.7085427135678393,1.010204081632653,0.21822872933427562
-0.6984924623115578,1.010204081632653,0.2259083650650754
-0.6884422110552764,1.010204081632653,0.2336037643177793
-0.6783919597989949,1.010204081632653,0.24131271597327875
-0.6683417085427136,1.010204081632653,0.2490328318032492
-0.6582914572864322,1.010204081632653,0.25676155057715505
-0.6482412060301508,1.010204081632653,0.26449614398210464
-0.6381909547738693,1.010204081632653,0.2722337244445382
-0.6281407035175879,1.010204081632653,0.2799712549216242
-0.6180904522613065,1.010204081632653,0.2877055607042259
-0.6080402010050251,1.010204081632653,0.29543334324291215
-0.5979899497487438,1.010204081632653,0.30315119597451434
-0.5879396984924623,1.010204081632653,0.3108556220905568
-0.5778894472361809,1.010204081632653,0.3185430541524874
-0.5678391959798995,1.010204081632653,0.3262098754246764
-0.5577889447236181,1.010204081632653,0.3338524427682216
-0.5477386934673367,1.010204081632653,0.34146711092124404
-0.5376884422110553,1.010204081632653,0.34905025799021516
-0.5276381909547738,1.010204081632653,0.35659831199905834
-0.5175879396984925,1.010204081632653,0.3641077783965283
-0.507537688442211,1.010204081632653,0.37157526851778944
-0.4974874371859297,1.010204081632653,0.37899752914416773
-0.48743718592964824,1.010204081632653,0.38637147351806334
-0.4773869346733668,1.010204081632653,0.3936942144600162
-0.46733668341708545,1.010204081632653,0.4009631006124482
-0.457286432160804,1.010204081632653,0.40817575730536293
-0.44723618090452255,1.010204081632653,0.4153301340996741
-0.4371859296482412,1.010204081632653,0.4224245616930644
-0.42713567839195976,1.010204081632653,0.4294578215228466
-0.4170854271356784,1.010204081632653,0.4364292319784603
-0.40703517587939697,1.010204081632653,0.4433387554886409
-0.3969849246231155,1.010204081632653,0.4501871306346613
-0.3869346733668342,1.010204081632653,0.4569760325137693
-0.37688442211055273,1.010204081632653,0.46370826236935014
-0.3668341708542714,1.010204081632653,0.470387963448347
-0.35678391959798994,1.010204081632653,0.47702085355016055
-0.3467336683417085,1.010204081632653,0.48361445535902525
-0.33668341708542715,1.010204081632653,0.4901782934615573
-0.3266331658291457,1.010204081632653,0.4967240130206644
-0.31658291457286436,1.010204081632653,0.5032653621897523
-0.3065326633165829,1.010204081632653,0.5098179736397651
-0.29648241206030146,1.010204081632653,0.5163988876434537
-0.2864321608040201,1.010204081632653,0.5230257888922645
-0.27638190954773867,1.010204081632653,0.5297159882831275
-0.26633165829145733,1.010204081632653,0.5364852677216935
-0.2562814070351759,1.010204081632653,0.5433468037268051
-0.24623115577889443,1.010204081632653,0.550310459091282
-0.2361809045226131,1.010204081632653,0.5573827349453079
-0.22613065326633164,1.010204081632653,0.5645675725738993
-0.2160804020100502,1.010204081632653,0.5718679866894147
-0.20603015075376885,1.010204081632653,0.5792882487874106
-0.1959798994974874,1.010204081632653,0.5868360938565298
-0.18592964824120606,1.010204081632653,0.5945242450162752
-0.1758793969849246,1.010204081632653,0.6023704333834996
-0.16582914572864316,1.010204081632653,0.6103949973178238
-0.15577889447236182,1.010204081632653,0.6186150626449202
-0.14572864321608037,1.010204081632653,0.6270342814173842
-0.13567839195979903,1.010204081632653,0.6356272635042959
-0.12562814070351758,1.010204081632653,0.6443184563079445
-0.11557788944723613,1.010204081632653,0.6529571230528725
-0.10552763819095479,1.010204081632653,0.6612954774548162
-0.09547738693467334,1.010204081632653,0.6689909820977253
-0.085427135678392,1.010204081632653,0.6756832174119954
-0.07537688442211055,1.010204081632653,0.6812320162889638
-0.0653266331658291,1.010204081632653,0.6861521637207523
-0.055276381909547756,1.010204081632653,0.6918785394166271
-0.045226130653266305,1.010204081632653,0.6998615762912264
-0.035175879396984966,1.010204081632653,0.7094275986968562
-0.025125628140703515,1.010204081632653,0.7145458614457371
-0.015075376884422065,1.010204081632653,0.6824763904434126
-0.005025125628140725,1.010204081632653,0.3871971760119043
0.005025125628140614,1.010204081632653,-0.3468083290629263
0.015075376884422065,1.010204081632653,-0.6650491236947925
0.025125628140703515,1.010204081632653,-0.7006343005480095
0.035175879396984966,1.010204081632653,-0.6991034979250154
0.045226130653266416,1.010204081632653,-0.6950247897556514
0.055276381909547645,1.010204081632653,-0.6897865449449164
0.0653266331658291,1.010204081632653,-0.6835734576518894
0.07537688442211055,1.010204081632653,-0.676844980006895
0.085427135678392,1.010204081632653,-0.6699722182487478
0.09547738693467345,1.010204081632653,-0.6631853553578746
0.1055276381909549,1.010204081632653,-0.6565877821016723
0.11557788944723613,1.010204081632653,-0.6501719956740492
0.12562814070351758,1.010204081632653,-0.6438583197179987
0.13567839195979903,1.010204081632653,-0.6375525145362981
0.14572864321608048,1.010204081632653,-0.631190957031746
0.15577889447236193,1.010204081632653,-0.6247506590076948
0.16582914572864316,1.010204081632653,-0.6182313749324703
0.1758793969849246,1.010204081632653,-0.6116340919911464
0.18592964824120606,1.010204081632653,-0.6049517341250757
0.1959798994974875,1.010204081632653,-0.5981712547828348
0.20603015075376896,1.010204081632653,-0.5912792945476739
0.2160804020100502,1.010204081632653,-0.5842662546347552
0.22613065326633164,1.010204081632653,-0.5771278918665371
0.2361809045226131,1.010204081632653,-0.5698653479013733
0.24623115577889454,1.010204081632653,-0.5624844915349351
0.256281407035176,1.010204081632653,-0.554995007650478
0.2663316582914572,1.010204081632653,-0.547409402490298
0.27638190954773867,1.010204081632653,-0.5397420127099186
0.2864321608040201,1.010204081632653,-0.5320080876908393
0.29648241206030157,1.010204081632653,-0.5242229990929042
0.306532663316583,1.010204081632653,-0.5164016083986808
0.31658291457286425,1.010204081632653,-0.5085577992859357
0.3266331658291457,1.010204081632653,-0.5007041634236526
0.33668341708542715,1.010204081632653,-0.49285181764081654
0.3467336683417086,1.010204081632653,-0.48501032631296015
0.35678391959799005,1.010204081632653,-0.4771877031708872
0.3668341708542713,1.010204081632653,-0.4693904695909888
0.37688442211055273,1.010204081632653,-0.4616237503291566
0.3869346733668342,1.010204081632653,-0.4538913917024605
0.39698492462311563,1.010204081632653,-0.44619609091530155
0.4070351758793971,1.010204081632653,-0.43853952835844545
0.4170854271356783,1.010204081632653,-0.43092249723384957
0.42713567839195976,1.010204081632653,-0.42334502681572705
0.4371859296482412,1.010204081632653,-0.4158064971272831
0.44723618090452266,1.010204081632653,-0.4083057438813774
0.4572864321608041,1.010204081632653,-0.4008411532863444
0.46733668341708534,1.010204081632653,-0.39341074682894683
0.4773869346733668,1.010204081632653,-0.38601225647590465
0.48743718592964824,1.010204081632653,-0.37864319093247767
0.4974874371859297,1.010204081632653,-0.37130089369921077
0.5075376884422111,1.010204081632653,-0.3639825937049983
0.5175879396984926,1.010204081632653,-0.3566854492878351
0.5276381909547738,1.010204081632653,-0.3494065862598007
0.5376884422110553,1.010204081632653,-0.34214313074137515
0.5477386934673367,1.010204081632653,-0.33489223739018714
0.5577889447236182,1.010204081632653,-0.327651113586243
0.5678391959798996,1.010204081632653,-0.32041704007329164
0.5778894472361809,1.010204081632653,-0.31318738849652594
0.5879396984924623,1.010204081632653,-0.305959636221682
0.5979899497487438,1.010204081632653,-0.2987313787705413
0.6080402010050252,1.010204081632653,-0.2915003401629862
0.6180904522613067,1.010204081632653,-0.28426438141614613
0.6281407035175879,1.010204081632653,-0.27702150741653797
0.6381909547738693,1.010204081632653,-0.26976987235099803
0.6482412060301508,1.010204081632653,-0.26250778385635465
0.6582914572864322,1.010204081632653,-0.25523370602561696
0.6683417085427137,1.010204081632653,-0.24794626138963893
0.6783919597989949,1.010204081632653,-0.2406442319772695
0.6884422110552764,1.010204081632653,-0.23332655954360665
0.6984924623115578,1.010204081632653,-0.22599234504471027
0.7085427135678393,1.010204081632653,-0.21864084742779774
0.7185929648241207,1.010204081632653,-0.21127148179814867
0.728643216080402,1.010204081632653,-0.20388381701753291
0.7386934673366834,1.010204081632653,-0.1964775727836979
0.7487437185929648,1.010204081632653,-0.1890526162361387
0.7587939698492463,1.010204081632653,-0.18160895812983166
0.7688442211055277,1.010204081632653,-0.1741467486157839
0.778894472361809,1.010204081632653,-0.16666627266491382
0.7889447236180904,1.010204081632653,-0.1591679451699218
0.7989949748743719,1.010204081632653,-0.15165230575829622
0.8090452261306533,1.010204081632653,-0.144120013348359
0.8190954773869348,1.010204081632653,-0.1365718404792607
0.829145728643216,1.010204081632653,-0.12900866744496148
0.8391959798994975,1.010204081632653,-0.12143147626152992
0.8492462311557789,1.010204081632653,-0.11384134449640845
0.8592964824120604,1.010204081632653,-0.10623943898769489
0.8693467336683418,1.010204081632653,-0.09862700948088565
0.879396984924623,1.010204081632653,-0.09100538220993296
0.8894472361809045,1.010204081632653,-0.08337595344879567
0.8994974874371859,1.010204081632653,-0.0757401830590266
0.9095477386934674,1.010204081632653,-0.06809958805816302
0.9195979899497488,1.010204081632653,-0.06045573623291217
0.9296482412060301,1.010204081632653,-0.052810239820215765
0.9396984924623115,1.010204081632653,-0.04516474927836389
0.949748743718593,1.010204081632653,-0.03752094716925125
0.9597989949748744,1.010204081632653,-0.029880542171802416
0.9698492462311559,1.010204081632653,-0.022245263245381758
0.9798994974874373,1.010204081632653,-0.014616853960758625
0.9899497487437185,1.010204081632653,-0.006997067014889752
1.0,1.010204081632653,0.0006123410556236053
-1.0,1.0204081632653061,0.007098757486251689
-0.9899497487437185,1.0204081632653061,0.013961335391726032
-0.9798994974874372,1.0204081632653061,0.020846227935880562
-0.9698492462311558,1.0204081632653061,0.027753961460379423
-0.9597989949748744,1.0204081632653061,0.034685082868081446
-0.949748743718593,1.0204081632653061,0.0416401532088288
-0.9396984924623115,1.0204081632653061,0.0486197408098375
-0.9296482412060302,1.0204081632653061,0.05562441397752546
-0.9195979899497487,1.0204081632653061,0.06265473330209986
-0.9095477386934674,1.0204081632653061,0.06971124360052008
-0.8994974874371859,1.0204081632653061,0.07679446553749175
-0.8894472361809045,1.0204081632653061,0.08390488696788084
-0.8793969849246231,1.0204081632653061,0.09104295404733259
-0.8693467336683417,1.0204081632653061,0.09820906216092518
-0.8592964824120604,1.0204081632653061,0.10540354672238927
-0.8492462311557789,1.0204081632653061,0.11262667389883085
-0.8391959798994975,1.0204081632653061,0.11987863131802134
-0.8291457286432161,1.0204081632653061,0.12715951881731513
-0.8190954773869347,1.0204081632653061,0.13446933929513694
-0.8090452261306533,1.0204081632653061,0.1418079897279525
-0.7989949748743719,1.0204081632653061,0.14917525241773766
-0.7889447236180904,1.0204081632653061,0.15657078653735534
-0.778894472361809,1.0204081632653061,0.16399412004403646
-0.7688442211055276,1.0204081632653061,0.17144464203434295
-0.7587939698492463,1.0204081632653061,0.17892159561770438
-0.7487437185929648,1.0204081632653061,0.18642407138966943
-0.7386934673366834,1.0204081632653061,0.19395100159043466
-0.728643216080402,1.0204081632653061,0.20150115503870203
-0.7185929648241206,1.0204081632653061,0.20907313293526208
-0.7085427135678393,1.0204081632653061,0.21666536563448846
-0.6984924623115578,1.0204081632653061,0.22427611048475593
-0.6884422110552764,1.0204081632653061,0.23190345084014763
-0.6783919597989949,1.0204081632653061,0.23954529634514077
-0.6683417085427136,1.0204081632653061,0.24719938459072988
-0.6582914572864322,1.0204081632653061,0.2548632842341298
-0.6482412060301508,1.0204081632653061,0.26253439966434206
-0.6381909547738693,1.0204081632653061,0.27020997728216506
-0.6281407035175879,1.0204081632653061,0.27788711344553646
-0.6180904522613065,1.0204081632653061,0.28556276410947373
-0.6080402010050251,1.0204081632653061,0.2932337561648396
-0.5979899497487438,1.0204081632653061,0.30089680045242095
-0.5879396984924623,1.0204081632653061,0.30854850639977494
-0.5778894472361809,1.0204081632653061,0.3161853981997892
-0.5678391959798995,1.0204081632653061,0.3238039324246381
-0.5577889447236181,1.0204081632653061,0.33140051695021844
-0.5477386934673367,1.0204081632653061,0.3389715310587318
-0.5376884422110553,1.0204081632653061,0.3465133465965162
-0.5276381909547738,1.0204081632653061,0.35402235009750826
-0.5175879396984925,1.0204081632653061,0.3614949658482374
-0.507537688442211,1.0204081632653061,0.3689276799779029
-0.4974874371859297,1.0204081632653061,0.3763170658180074
-0.48743718592964824,1.0204081632653061,0.38365981100209856
-0.4773869346733668,1.0204081632653061,0.39095274707911387
-0.46733668341708545,1.0204081632653061,0.3981928828030338
-0.457286432160804,1.0204081632653061,0.40537744274100584
-0.44723618090452255,1.0204081632653061,0.41250391340530357
-0.4371859296482412,1.0204081632653061,0.4195700997362919
-0.42713567839195976,1.0204081632653061,0.42657419538956387
-0.4170854271356784,1.0204081632653061,0.43351487081133866
-0.40703517587939697,1.0204081632653061,0.4403913833597233
-0.3969849246231155,1.0204081632653061,0.4472037134995396
-0.3869346733668342,1.0204081632653061,0.453952730019039
-0.37688442211055273,1.0204081632653061,0.46064038484024783
-0.3668341708542714,1.0204081632653061,0.46726993380467563
-0.35678391959798994,1.0204081632653061,0.4738461733274488
-0.3467336683417085,1.0204081632653061,0.48037567377770396
-0.33668341708542715,1.0204081632653061,0.48686697920597466
-0.3266331658291457,1.0204081632653061,0.4933307310505408
-0.31658291457286436,1.0204081632653061,0.4997796638621069
-0.3065326633165829,1.0204081632653061,0.5062284191414196
-0.29648241206030146,1.0204081632653061,0.5126931361312542
-0.2864321608040201,1.0204081632653061,0.5191908128722063
-0.27638190954773867,1.0204081632653061,0.5257384900751537
-0.26633165829145733,1.0204081632653061,0.532352387678256
-0.2562814070351759,1.0204081632653061,0.5390471978319094
-0.24623115577889443,1.0204081632653061,0.5458357730558978
-0.2361809045226131,1.0204081632653061,0.5527294072482385
-0.22613065326633164,1.0204081632653061,0.5597387736634301
-0.2160804020100502,1.0204081632653061,0.566875381738983
-0.20603015075376885,1.0204081632653061,0.5741532030939395
-0.1959798994974874,1.0204081632653061,0.5815899540941304
-0.18592964824120606,1.0204081632653061,0.5892074206464543
-0.1758793969849246,1.0204081632653061,0.5970301314986669
-0.16582914572864316,1.0204081632653061,0.6050815862578564
-0.15577889447236182,1.0204081632653061,0.6133771350536743
-0.14572864321608037,1.0204081632653061,0.6219125704357283
-0.13567839195979903,1.0204081632653061,0.6306476714663674
-0.12562814070351758,1.0204081632653061,0.6394846244984803
-0.11557788944723613,1.0204081632653061,0.6482432661238618
-0.10552763819095479,1.0204081632653061,0.6566407876556675
-0.09547738693467334,1.0204081632653061,0.6642982006462949
-0.085427135678392,1.0204081632653061,0.6708268519361534
-0.07537688442211055,1.0204081632653061,0.6760870911168356
-0.0653266331658291,1.0204081632653061,0.6806596108253147
-0.055276381909547756,1.0204081632653061,0.686148411442884
-0.045226130653266305,1.0204081632653061,0.694226717566977
-0.035175879396984966,1.0204081632653061,0.7042046075028685
-0.025125628140703515,1.0204081632653061,0.7094107374268533
-0.015075376884422065,1.0204081632653061,0.675613097801787
-0.005025125628140725,1.0204081632653061,0.3766161752526672
0.005025125628140614,1.0204081632653061,-0.34689339760498583
0.015075376884422065,1.0204081632653061,-0.6604815238945383
0.025125628140703515,1.0204081632653061,-0.6956656473953073
0.035175879396984966,1.0204081632653061,-0.6939831338529484
0.045226130653266416,1.0204081632653061,-0.6901094605968241
0.055276381909547645,1.0204081632653061,-0.68518405002017
0.0653266331658291,1.0204081632653061,-0.679203267543864
0.07537688442211055,1.0204081632653061,-0.672582713146092
0.085427135678392,1.0204081632653061,-0.6657183690734185
0.09547738693467345,1.0204081632653061,-0.6588856102527878
0.1055276381909549,1.0204081632653061,-0.6522327271280672
0.11557788944723613,1.0204081632653061,-0.6457845559767522
0.12562814070351758,1.0204081632653061,-0.6394733063977929
0.13567839195979903,1.0204081632653061,-0.6331966254000513
0.14572864321608048,1.0204081632653061,-0.6268723304589702
0.15577889447236193,1.0204081632653061,-0.6204608210991669
0.16582914572864316,1.0204081632653061,-0.6139544551490606
0.1758793969849246,1.0204081632653061,-0.6073557387088364
0.18592964824120606,1.0204081632653061,-0.6006636843268388
0.1959798994974875,1.0204081632653061,-0.5938718453572295
0.20603015075376896,1.0204081632653061,-0.5869719031524725
0.2160804020100502,1.0204081632653061,-0.5799572654101071
0.22613065326633164,1.0204081632653061,-0.5728249471922948
0.2361809045226131,1.0204081632653061,-0.5655761125791501
0.24623115577889454,1.0204081632653061,-0.5582159165504117
0.256281407035176,1.0204081632653061,-0.5507529907577392
0.2663316582914572,1.0204081632653061,-0.5431987209382795
0.27638190954773867,1.0204081632653061,-0.5355664156810329
0.2864321608040201,1.0204081632653061,-0.5278704633334814
0.29648241206030157,1.0204081632653061,-0.5201255604028421
0.306532663316583,1.0204081632653061,-0.5123460665337525
0.31658291457286425,1.0204081632653061,-0.5045455099915669
0.3266331658291457,1.0204081632653061,-0.4967362427603798
0.33668341708542715,1.0204081632653061,-0.4889292288422036
0.3467336683417086,1.0204081632653061,-0.48113394207875426
0.35678391959799005,1.0204081632653061,-0.47335834834588125
0.3668341708542713,1.0204081632653061,-0.46560894888834586
0.37688442211055273,1.0204081632653061,-0.4578908650689277
0.3869346733668342,1.0204081632653061,-0.4502079487502228
0.39698492462311563,1.0204081632653061,-0.442562906269358
0.4070351758793971,1.0204081632653061,-0.4349574272067418
0.4170854271356783,1.0204081632653061,-0.4273923117974031
0.42713567839195976,1.0204081632653061,-0.4198675929055114
0.4371859296482412,1.0204081632653061,-0.41238265004900176
0.44723618090452266,1.0204081632653061,-0.4049363141084978
0.4572864321608041,1.0204081632653061,-0.3975269621686578
0.46733668341708534,1.0204081632653061,-0.39015260249684014
0.4773869346733668,1.0204081632653061,-0.38281095002758525
0.48743718592964824,1.0204081632653061,-0.37549949294317975
0.4974874371859297,1.0204081632653061,-0.3682155510607392
0.5075376884422111,1.0204081632653061,-0.36095632678570677
0.5175879396984926,1.0204081632653061,-0.35371894939313087
0.5276381909547738,1.0204081632653061,-0.34650051336892373
0.5376884422110553,1.0204081632653061,-0.3392981114953034
0.5477386934673367,1.0204081632653061,-0.33210886330682854
0.5577889447236182,1.0204081632653061,-0.3249299394814811
0.5678391959798996,1.0204081632653061,-0.31775858266940293
0.5778894472361809,1.0204081632653061,-0.3105921252025008
0.5879396984924623,1.0204081632653061,-0.3034280040728679
0.5979899497487438,1.0204081632653061,-0.2962637735175474
0.6080402010050252,1.0204081632653061,-0.28909711550197126
0.6180904522613067,1.0204081632653061,-0.2819258483543882
0.6281407035175879,1.0204081632653061,-0.27474793376853757
0.6381909547738693,1.0204081632653061,-0.2675614823614255
0.6482412060301508,1.0204081632653061,-0.26036475794684244
0.6582914572864322,1.0204081632653061,-0.2531561806628572
0.6683417085427137,1.0204081632653061,-0.24593432907246524
0.6783919597989949,1.0204081632653061,-0.23869794134045086
0.6884422110552764,1.0204081632653061,-0.2314459155759777
0.6984924623115578,1.0204081632653061,-0.2241773094190958
0.7085427135678393,1.0204081632653061,-0.21689133893987594
0.7185929648241207,1.0204081632653061,-0.20958737691111098
0.728643216080402,1.0204081632653061,-0.2022649505090351
0.7386934673366834,1.0204081632653061,-0.19492373849124617
0.7487437185929648,1.0204081632653061,-0.18756356789668782
0.7587939698492463,1.0204081632653061,-0.18018441030905252
0.7688442211055277,1.0204081632653061,-0.17278637772211947
0.778894472361809,1.0204081632653061,-0.1653697180432633
0.7889447236180904,1.0204081632653061,-0.15793481026953318
0.7989949748743719,1.0204081632653061,-0.15048215936922854
0.8090452261306533,1.0204081632653061,-0.14301239090068993
0.8190954773869348,1.0204081632653061,-0.13552624539906533
0.829145728643216,1.0204081632653061,-0.12802457256099714
0.8391959798994975,1.0204081632653061,-0.12050832525646285
0.8492462311557789,1.0204081632653061,-0.11297855339642596
0.8592964824120604,1.0204081632653061,-0.10543639768430724
0.8693467336683418,1.0204081632653061,-0.09788308327880019
0.879396984924623,1.0204081632653061,-0.09031991339491757
0.8894472361809045,1.0204081632653061,-0.08274826286958131
0.8994974874371859,1.0204081632653061,-0.0751695717174086
0.9095477386934674,1.0204081632653061,-0.06758533870161865
0.9195979899497488,1.0204081632653061,-0.05999711494425411
0.9296482412060301,1.0204081632653061,-0.052406497598981805
0.9396984924623115,1.0204081632653061,-0.04481512360888054
0.949748743718593,1.0204081632653061,-0.03722466357056059
0.9597989949748744,1.0204081632653061,-0.029636815724879417
0.9698492462311559,1.0204081632653061,-0.022053300093374334
0.9798994974874373,1.0204081632653061,-0.014475852778240511
0.9899497487437185,1.0204081632653061,-0.006906220442433247
1.0,1.0204081632653061,0.0006538450149534414
-1.0,1.030612244897959,0.007580573053158013
-0.9899497487437185,1.030612244897959,0.014378655642861227
-0.9798994974874372,1.030612244897959,0.021198519385971587
-0.9698492462311558,1.030612244897959,0.0280407075564216
-0.9597989949748744,1.030612244897959,0.03490578413485995
-0.949748743718593,1.030612244897959,0.04179432748451464
-0.9396984924623115,1.030612244897959,0.04870692358995696
-0.9296482412060302,1.030612244897959,0.055644158886757084
-0.9195979899497487,1.030612244897959,0.06260661271449855
-0.9095477386934674,1.030612244897959,0.0695948494298842
-0.8994974874371859,1.030612244897959,0.0766094102206131
-0.8894472361809045,1.030612244897959,0.08365080466433616
-0.8793969849246231,1.030612244897959,0.09071950208020296
-0.8693467336683417,1.030612244897959,0.09781592272331358
-0.8592964824120604,1.030612244897959,0.10494042887475008
-0.8492462311557789,1.030612244897959,0.11209331588181418
-0.8391959798994975,1.030612244897959,0.11927480320464234
-0.8291457286432161,1.030612244897959,0.1264850255266482
-0.8190954773869347,1.030612244897959,0.13372402398723238
-0.8090452261306533,1.030612244897959,0.14099173759610573
-0.7989949748743719,1.030612244897959,0.14828799488941402
-0.7889447236180904,1.030612244897959,0.1556125058888157
-0.778894472361809,1.030612244897959,0.16296485442580994
-0.7688442211055276,1.030612244897959,0.17034449089500114
-0.7587939698492463,1.030612244897959,0.17775072550173354
-0.7487437185929648,1.030612244897959,0.18518272207154396
-0.7386934673366834,1.030612244897959,0.19263949249116696
-0.728643216080402,1.030612244897959,0.20011989185321033
-0.7185929648241206,1.030612244897959,0.2076226143789338
-0.7085427135678393,1.030612244897959,0.2151461901954803
-0.6984924623115578,1.030612244897959,0.22268898304515627
-0.6884422110552764,1.030612244897959,0.23024918900447439
-0.6783919597989949,1.030612244897959,0.2378248362892334
-0.6683417085427136,1.030612244897959,0.24541378621853638
-0.6582914572864322,1.030612244897959,0.253013735404807
-0.6482412060301508,1.030612244897959,0.26062221922831263
-0.6381909547738693,1.030612244897959,0.26823661664310805
-0.6281407035175879,1.030612244897959,0.275854156346635
-0.6180904522613065,1.030612244897959,0.2834719243275856
-0.6080402010050251,1.030612244897959,0.2910868727864868
-0.5979899497487438,1.030612244897959,0.2986958304015921
-0.5879396984924623,1.030612244897959,0.3062955138904347
-0.5778894472361809,1.030612244897959,0.3138825407965193
-0.5678391959798995,1.030612244897959,0.3214534434138869
-0.5577889447236181,1.030612244897959,0.32900468375291764
-0.5477386934673367,1.030612244897959,0.3365326694533065
-0.5376884422110553,1.030612244897959,0.3440337705702683
-0.5276381909547738,1.030612244897959,0.35150433720457674
-0.5175879396984925,1.030612244897959,0.35894071802451144
-0.507537688442211,1.030612244897959,0.3663392798478762
-0.4974874371859297,1.030612244897959,0.3736964286259884
-0.48743718592964824,1.030612244897959,0.3810086324104598
-0.4773869346733668,1.030612244897959,0.3882724471986452
-0.46733668341708545,1.030612244897959,0.39548454695305835
-0.457286432160804,1.030612244897959,0.4026417595757176
-0.44723618090452255,1.030612244897959,0.40974111118064516
-0.4371859296482412,1.030612244897959,0.41677988161699075
-0.42713567839195976,1.030612244897959,0.42375567479106935
-0.4170854271356784,1.030612244897959,0.4306665078119567
-0.40703517587939697,1.030612244897959,0.4375109231734491
-0.3969849246231155,1.030612244897959,0.4442881278367844
-0.3869346733668342,1.030612244897959,0.45099816185564146
-0.37688442211055273,1.030612244897959,0.45764209666944333
-0.3668341708542714,1.030612244897959,0.4642222589349796
-0.35678391959798994,1.030612244897959,0.4707424694133747
-0.3467336683417085,1.030612244897959,0.47720827794398635
-0.33668341708542715,1.030612244897959,0.48362716556695406
-0.3266331658291457,1.030612244897959,0.4900086752111217
-0.31658291457286436,1.030612244897959,0.496364426473626
-0.3065326633165829,1.030612244897959,0.5027079730518381
-0.29648241206030146,1.030612244897959,0.5090544794716878
-0.2864321608040201,1.030612244897959,0.5154202316002635
-0.27638190954773867,1.030612244897959,0.5218220520932132
-0.26633165829145733,1.030612244897959,0.5282767557460509
-0.2562814070351759,1.030612244897959,0.5348008257570668
-0.24623115577889443,1.030612244897959,0.5414104870696576
-0.2361809045226131,1.030612244897959,0.5481222719209994
-0.22613065326633164,1.030612244897959,0.5549540192656226
-0.2160804020100502,1.030612244897959,0.5619260665011536
-0.20603015075376885,1.030612244897959,0.5690622406412438
-0.1959798994974874,1.030612244897959,0.5763901726064788
-0.18592964824120606,1.030612244897959,0.5839404193624194
-0.1758793969849246,1.030612244897959,0.5917438210015075
-0.16582914572864316,1.030612244897959,0.5998264057881569
-0.15577889447236182,1.030612244897959,0.6082010257009458
-0.14572864321608037,1.030612244897959,0.6168548682628539
-0.13567839195979903,1.030612244897959,0.6257322000440877
-0.12562814070351758,1.030612244897959,0.6347124406003027
-0.11557788944723613,1.030612244897959,0.6435857930756215
-0.10552763819095479,1.030612244897959,0.6520346051772764
-0.09547738693467334,1.030612244897959,0.6596439611071842
-0.085427135678392,1.030612244897959,0.665997543972315
-0.07537688442211055,1.030612244897959,0.6709562190493955
-0.0653266331658291,1.030612244897959,0.6751656141845935
-0.055276381909547756,1.030612244897959,0.6803988257137795
-0.045226130653266305,1.030612244897959,0.688557927558148
-0.035175879396984966,1.030612244897959,0.6989448728570857
-0.025125628140703515,1.030612244897959,0.7042325378277969
-0.015075376884422065,1.030612244897959,0.6686248213077799
-0.005025125628140725,1.030612244897959,0.36590987872980263
0.005025125628140614,1.030612244897959,-0.3473313646364049
0.015075376884422065,1.030612244897959,-0.6562256711100058
0.025125628140703515,1.030612244897959,-0.690890094515867
0.035175879396984966,1.030612244897959,-0.6889723316283224
0.045226130653266416,1.030612244897959,-0.685257016394074
0.055276381909547645,1.030612244897959,-0.6806341096460335
0.0653266331658291,1.030612244897959,-0.6748966703608477
0.07537688442211055,1.030612244897959,-0.6684010655016189
0.085427135678392,1.030612244897959,-0.661557518983535
0.09547738693467345,1.030612244897959,-0.6546809752946956
0.1055276381909549,1.030612244897959,-0.647963870843001
0.11557788944723613,1.030612244897959,-0.6414669503084327
0.12562814070351758,1.030612244897959,-0.6351402819540088
0.13567839195979903,1.030612244897959,-0.6288787593780197
0.14572864321608048,1.030612244897959,-0.6225839734818878
0.15577889447236193,1.030612244897959,-0.6161987663685684
0.16582914572864316,1.030612244897959,-0.6097055449961704
0.1758793969849246,1.030612244897959,-0.6031060636140184
0.18592964824120606,1.030612244897959,-0.5964042882646791
0.1959798994974875,1.030612244897959,-0.589600231212952
0.20603015075376896,1.030612244897959,-0.58269097756337
0.2160804020100502,1.030612244897959,-0.5756734076290686
0.22613065326633164,1.030612244897959,-0.5685461559645524
0.2361809045226131,1.030612244897959,-0.5613106035034034
0.24623115577889454,1.030612244897959,-0.5539712360752505
0.256281407035176,1.030612244897959,-0.5465355738423555
0.2663316582914572,1.030612244897959,-0.5390137690518342
0.27638190954773867,1.030612244897959,-0.5314179715918832
0.2864321608040201,1.030612244897959,-0.5237615839306244
0.29648241206030157,1.030612244897959,-0.516058520406568
0.306532663316583,1.030612244897959,-0.5083225538643895
0.31658291457286425,1.030612244897959,-0.5005667938868089
0.3266331658291457,1.030612244897959,-0.49280330857609456
0.33668341708542715,1.030612244897959,-0.48504288056724487
0.3467336683417086,1.030612244897959,-0.47729487687520766
0.35678391959799005,1.030612244897959,-0.4695672084514656
0.3668341708542713,1.030612244897959,-0.4618663560572872
0.37688442211055273,1.030612244897959,-0.4541974420406645
0.3869346733668342,1.030612244897959,-0.44656433139123175
0.39698492462311563,1.030612244897959,-0.438969749218753
0.4070351758793971,1.030612244897959,-0.43141540515108984
0.4170854271356783,1.030612244897959,-0.4239021179267666
0.42713567839195976,1.030612244897959,-0.41642993565560027
0.4371859296482412,1.030612244897959,-0.40899824889613456
0.44723618090452266,1.030612244897959,-0.4016058949346172
0.4572864321608041,1.030612244897959,-0.3942512525335976
0.46733668341708534,1.030612244897959,-0.38693232702788316
0.4773869346733668,1.030612244897959,-0.3796468260484983
0.48743718592964824,1.030612244897959,-0.3723922264058449
0.4974874371859297,1.030612244897959,-0.36516583280408876
0.5075376884422111,1.030612244897959,-0.3579648291227182
0.5175879396984926,1.030612244897959,-0.35078632301283086
0.5276381909547738,1.030612244897959,-0.34362738453320485
0.5376884422110553,1.030612244897959,-0.3364850795076987
0.5477386934673367,1.030612244897959,-0.32935649823040347
0.5577889447236182,1.030612244897959,-0.32223878008469775
0.5678391959798996,1.030612244897959,-0.31512913458122377
0.5778894472361809,1.030612244897959,-0.30802485926079315
0.5879396984924623,1.030612244897959,-0.30092335485287774
0.5979899497487438,1.030612244897959,-0.2938221380297138
0.6080402010050252,1.030612244897959,-0.2867188520505429
0.6180904522613067,1.030612244897959,-0.2796112755500775
0.6281407035175879,1.030612244897959,-0.27249732968991136
0.6381909547738693,1.030612244897959,-0.2653750838607844
0.6482412060301508,1.030612244897959,-0.25824276009711217
0.6582914572864322,1.030612244897959,-0.2510987363425126
0.6683417085427137,1.030612244897959,-0.24394154868574583
0.6783919597989949,1.030612244897959,-0.23676989267022117
0.6884422110552764,1.030612244897959,-0.22958262376650013
0.6984924623115578,1.030612244897959,-0.22237875708578006
0.7085427135678393,1.030612244897959,-0.21515746640283842
0.7185929648241207,1.030612244897959,-0.2079180825490132
0.728643216080402,1.030612244897959,-0.2006600912293471
0.7386934673366834,1.030612244897959,-0.19338313031269563
0.7487437185929648,1.030612244897959,-0.18608698663930032
0.7587939698492463,1.030612244897959,-0.17877159238682672
0.7688442211055277,1.030612244897959,-0.1714370210330529
0.778894472361809,1.030612244897959,-0.16408348295113825
0.7889447236180904,1.030612244897959,-0.15671132067161586
0.7989949748743719,1.030612244897959,-0.14932100384377667
0.8090452261306533,1.030612244897959,-0.14191312392799202
0.8190954773869348,1.030612244897959,-0.1344883886495741
0.829145728643216,1.030612244897959,-0.12704761624399064
0.8391959798994975,1.030612244897959,-0.11959172952262023
0.8492462311557789,1.030612244897959,-0.11212174978763279
0.8592964824120604,1.030612244897959,-0.1046387906240401
0.8693467336683418,1.030612244897959,-0.09714405159645176
0.879396984924623,1.030612244897959,-0.08963881187750733
0.8894472361809045,1.030612244897959,-0.08212442383439902
0.8994974874371859,1.030612244897959,-0.0746023065992649
0.9095477386934674,1.030612244897959,-0.06707393964855837
0.9195979899497488,1.030612244897959,-0.059540856415746746
0.9296482412060301,1.030612244897959,-0.052004637960849726
0.9396984924623115,1.030612244897959,-0.04446690671943723
0.949748743718593,1.030612244897959,-0.036929320352696055
0.9597989949748744,1.030612244897959,-0.029393565719104536
0.9698492462311559,1.030612244897959,-0.021861352987110894
0.9798994974874373,1.030612244897959,-0.014334409906969103
0.9899497487437185,1.030612244897959,-0.006814476258584723
1.0,1.030612244897959,0.0006967015091153272
-1.0,1.0408163265306123,0.008080581406746778
-0.9899497487437185,1.0408163265306123,0.014814868289713151
-0.9798994974874372,1.0408163265306123,0.02157042045732699
-0.9698492462311558,1.0408163265306123,0.028347798072540703
-0.9597989949748744,1.0408163265306123,0.03514758210721555
-0.949748743718593,1.0408163265306123,0.04197036810764196
-0.9396984924623115,1.0408163265306123,0.04881675954103423
-0.9296482412060302,1.0408163265306123,0.05568736075208616
-0.9195979899497487,1.0408163265306123,0.06258276956312497
-0.9095477386934674,1.0408163265306123,0.0695035695556076
-0.8994974874371859,1.0408163265306123,0.07645032207459693
-0.8894472361809045,1.0408163265306123,0.08342355800135484
-0.8793969849246231,1.0408163265306123,0.09042376934223098
-0.8693467336683417,1.0408163265306123,0.09745140068461144
-0.8592964824120604,1.0408163265306123,0.10450684057270124
-0.8492462311557789,1.0408163265306123,0.11159041285747615
-0.8391959798994975,1.0408163265306123,0.11870236807615608
-0.8291457286432161,1.0408163265306123,0.12584287491711832
-0.8190954773869347,1.0408163265306123,0.1330120118263754
-0.8090452261306533,1.0408163265306123,0.14020975881162118
-0.7989949748743719,1.0408163265306123,0.14743598949952796
-0.7889447236180904,1.0408163265306123,0.1546904635015709
-0.778894472361809,1.0408163265306123,0.16197281914324813
-0.7688442211055276,1.0408163265306123,0.1692825666112326
-0.7587939698492463,1.0408163265306123,0.17661908157286987
-0.7487437185929648,1.0408163265306123,0.18398159932241775
-0.7386934673366834,1.0408163265306123,0.19136920950866798
-0.728643216080402,1.0408163265306123,0.1987808514988475
-0.7185929648241206,1.0408163265306123,0.2062153104339564
-0.7085427135678393,1.0408163265306123,0.21367121403072575
-0.6984924623115578,1.0408163265306123,0.22114703018488396
-0.6884422110552764,1.0408163265306123,0.2286410654292061
-0.6783919597989949,1.0408163265306123,0.2361514642973951
-0.6683417085427136,1.0408163265306123,0.2436762096410644
-0.6582914572864322,1.0408163265306123,0.2512131239414751
-0.6482412060301508,1.0408163265306123,0.258759871650029
-0.6381909547738693,1.0408163265306123,0.26631396258171036
-0.6281407035175879,1.0408163265306123,0.27387275637358977
-0.6180904522613065,1.0408163265306123,0.2814334680064233
-0.6080402010050251,1.0408163265306123,0.288993174371749
-0.5979899497487438,1.0408163265306123,0.29654882185050024
-0.5879396984924623,1.0408163265306123,0.30409723485332707
-0.5778894472361809,1.0408163265306123,0.311635125259377
-0.5678391959798995,1.0408163265306123,0.3191591026817854
-0.5577889447236181,1.0408163265306123,0.32666568548792974
-0.5477386934673367,1.0408163265306123,0.3341513125150464
-0.5376884422110553,1.0408163265306123,0.3416123554526388
-0.5276381909547738,1.0408163265306123,0.3490451319191329
-0.5175879396984925,1.0408163265306123,0.35644591934975933
-0.507537688442211,1.0408163265306123,0.36381096994529427
-0.4974874371859297,1.0408163265306123,0.37113652711778855
-0.48743718592964824,1.0408163265306123,0.37841884412080395
-0.4773869346733668,1.0408163265306123,0.38565420587801036
-0.46733668341708545,1.0408163265306123,0.39283895543204594
-0.457286432160804,1.0408163265306123,0.3999695269248681
-0.44723618090452255,1.0408163265306123,0.40704248757844874
-0.4371859296482412,1.0408163265306123,0.41405459173629
-0.42713567839195976,1.0408163265306123,0.42100285058587306
-0.4170854271356784,1.0408163265306123,0.42788462159769247
-0.40703517587939697,1.0408163265306123,0.4346977218150305
-0.3969849246231155,1.0408163265306123,0.44144056866364423
-0.3869346733668342,1.0408163265306123,0.4481123505994009
-0.37688442211055273,1.0408163265306123,0.4547132272981288
-0.3668341708542714,1.0408163265306123,0.46124455485273863
-0.35678391959798994,1.0408163265306123,0.46770912537188214
-0.3467336683417085,1.0408163265306123,0.4741114026690918
-0.33668341708542715,1.0408163265306123,0.4804577273496212
-0.3266331658291457,1.0408163265306123,0.4867564576779926
-0.31658291457286436,1.0408163265306123,0.49301801074105267
-0.3065326633165829,1.0408163265306123,0.49925477645941363
-0.29648241206030146,1.0408163265306123,0.5054808997728327
-0.2864321608040201,1.0408163265306123,0.5117119657960238
-0.27638190954773867,1.0408163265306123,0.5179646737603665
-0.26633165829145733,1.0408163265306123,0.5242566319851888
-0.2562814070351759,1.0408163265306123,0.5306064212427295
-0.24623115577889443,1.0408163265306123,0.5370340296254505
-0.2361809045226131,1.0408163265306123,0.5435616473185589
-0.22613065326633164,1.0408163265306123,0.5502146481029845
-0.2160804020100502,1.0408163265306123,0.557022432429853
-0.20603015075376885,1.0408163265306123,0.5640187208641527
-0.1959798994974874,1.0408163265306123,0.5712408755437178
-0.18592964824120606,1.0408163265306123,0.5787278353550991
-0.1758793969849246,1.0408163265306123,0.586516200532289
-0.16582914572864316,1.0408163265306123,0.594633870988988
-0.15577889447236182,1.0408163265306123,0.603090499075179
-0.14572864321608037,1.0408163265306123,0.6118639919010255
-0.13567839195979903,1.0408163265306123,0.62088254347128
-0.12562814070351758,1.0408163265306123,0.6300024719948542
-0.11557788944723613,1.0408163265306123,0.6389843509889607
-0.10552763819095479,1.0408163265306123,0.6474760905347097
-0.09547738693467334,1.0408163265306123,0.6550275728263211
-0.085427135678392,1.0408163265306123,0.6611954867094441
-0.07537688442211055,1.0408163265306123,0.6658410627067944
-0.0653266331658291,1.0408163265306123,0.669673233771032
-0.055276381909547756,1.0408163265306123,0.6746327839649775
-0.045226130653266305,1.0408163265306123,0.6828553423144116
-0.035175879396984966,1.0408163265306123,0.6936442604798144
-0.025125628140703515,1.0408163265306123,0.6990059685215367
-0.015075376884422065,1.0408163265306123,0.6615172522685246
-0.005025125628140725,1.0408163265306123,0.35511764346741337
0.005025125628140614,1.0408163265306123,-0.3481014450859552
0.015075376884422065,1.0408163265306123,-0.6522915491915318
0.025125628140703515,1.0408163265306123,-0.6863185827102157
0.035175879396984966,1.0408163265306123,-0.6840770977979453
0.045226130653266416,1.0408163265306123,-0.680467442392865
0.055276381909547645,1.0408163265306123,-0.6761317749742637
0.0653266331658291,1.0408163265306123,-0.6706462355672034
0.07537688442211055,1.0408163265306123,-0.6642927788793932
0.085427135678392,1.0408163265306123,-0.6574846773489289
0.09547738693467345,1.0408163265306123,-0.6505697901149893
0.1055276381909549,1.0408163265306123,-0.6437826904484002
0.11557788944723613,1.0408163265306123,-0.6372225328767406
0.12562814070351758,1.0408163265306123,-0.6308627940874466
0.13567839195979903,1.0408163265306123,-0.6246013698087766
0.14572864321608048,1.0408163265306123,-0.6183268488327185
0.15577889447236193,1.0408163265306123,-0.6119643548290317
0.16582914572864316,1.0408163265306123,-0.6054840760905518
0.1758793969849246,1.0408163265306123,-0.5988845892780176
0.18592964824120606,1.0408163265306123,-0.5921733704588762
0.1959798994974875,1.0408163265306123,-0.5853565087840982
0.20603015075376896,1.0408163265306123,-0.5784367466104706
0.2160804020100502,1.0408163265306123,-0.5714148953733712
0.22613065326633164,1.0408163265306123,-0.5642916130475171
0.2361809045226131,1.0408163265306123,-0.5570687453353325
0.24623115577889454,1.0408163265306123,-0.5497501971960208
0.256281407035176,1.0408163265306123,-0.5423423465541148
0.2663316582914572,1.0408163265306123,-0.5348540122023562
0.27638190954773867,1.0408163265306123,-0.5272960575927582
0.2864321608040201,1.0408163265306123,-0.5196807715568019
0.29648241206030157,1.0408163265306123,-0.5120211737265405
0.306532663316583,1.0408163265306123,-0.5043303590478443
0.31658291457286425,1.0408163265306123,-0.49662094945687973
0.3266331658291457,1.0408163265306123,-0.48890468017392685
0.33668341708542715,1.0408163265306123,-0.48119212011206536
0.3467336683417086,1.0408163265306123,-0.4734925102641996
0.35678391959799005,1.0408163265306123,-0.46581369745332346
0.3668341708542713,1.0408163265306123,-0.4581621400806324
0.37688442211055273,1.0408163265306123,-0.4505429647990533
0.3869346733668342,1.0408163265306123,-0.4429600565940274
0.39698492462311563,1.0408163265306123,-0.43541616852579146
0.4070351758793971,1.0408163265306123,-0.427913040843364
0.4170854271356783,1.0408163265306123,-0.42045152209911524
0.42713567839195976,1.0408163265306123,-0.4130316872290185
0.4371859296482412,1.0408163265306123,-0.40565294936001123
0.44723618090452266,1.0408163265306123,-0.39831416344146253
0.4572864321608041,1.0408163265306123,-0.3910137207595814
0.46733668341708534,1.0408163265306123,-0.3837496340634537
0.4773869346733668,1.0408163265306123,-0.3765196134793428
0.48743718592964824,1.0408163265306123,-0.36932113367356445
0.4974874371859297,1.0408163265306123,-0.36215149288898907
0.5075376884422111,1.0408163265306123,-0.3550078645611524
0.5175879396984926,1.0408163265306123,-0.3478873422433981
0.5276381909547738,1.0408163265306123,-0.34078697855603424
0.5376884422110553,1.0408163265306123,-0.3337038188363719
0.5477386934673367,1.0408163265306123,-0.3266349301147902
0.5577889447236182,1.0408163265306123,-0.3195774259837607
0.5678391959798996,1.0408163265306123,-0.3125284878668313
0.5778894472361809,1.0408163265306123,-0.3054853831360115
0.5879396984924623,1.0408163265306123,-0.29844548047082553
0.5979899497487438,1.0408163265306123,-0.29140626280151577
0.6080402010050252,1.0408163265306123,-0.2843653381330937
0.6180904522613067,1.0408163265306123,-0.27732044850621074
0.6281407035175879,1.0408163265306123,-0.2702694773150211
0.6381909547738693,1.0408163265306123,-0.26321045517112174
0.6482412060301508,1.0408163265306123,-0.25614156447578607
0.6582914572864322,1.0408163265306123,-0.24906114283976957
0.6683417085427137,1.0408163265306123,-0.24196768547040892
0.6783919597989949,1.0408163265306123,-0.23485984662927126
0.6884422110552764,1.0408163265306123,-0.22773644024971948
0.6984924623115578,1.0408163265306123,-0.2205964397922261
0.7085427135678393,1.0408163265306123,-0.21343897740563283
0.7185929648241207,1.0408163265306123,-0.2062633424546183
0.728643216080402,1.0408163265306123,-0.1990689794671419
0.7386934673366834,1.0408163265306123,-0.19185548555028306
0.7487437185929648,1.0408163265306123,-0.18462260731860292
0.7587939698492463,1.0408163265306123,-0.17737023737565846
0.7688442211055277,1.0408163265306123,-0.17009841038649734
0.778894472361809,1.0408163265306123,-0.16280729877677724
0.7889447236180904,1.0408163265306123,-0.15549720809232218
0.7989949748743719,1.0408163265306123,-0.1481685720515765
0.8090452261306533,1.0408163265306123,-0.1408219473222724
0.8190954773869348,1.0408163265306123,-0.13345800805274752
0.829145728643216,1.0408163265306123,-0.12607754018761774
0.8391959798994975,1.0408163265306123,-0.11868143559688718
0.8492462311557789,1.0408163265306123,-0.11127068604704829
0.8592964824120604,1.0408163265306123,-0.10384637704220992
0.8693467336683418,1.0408163265306123,-0.09640968156282492
0.879396984924623,1.0408163265306123,-0.08896185372905596
0.8894472361809045,1.0408163265306123,-0.08150422241529279
0.8994974874371859,1.0408163265306123,-0.07403818484174565
0.9095477386934674,1.0408163265306123,-0.06656520016838477
0.9195979899497488,1.0408163265306123,-0.059086783115769176
0.9296482412060301,1.0408163265306123,-0.05160449763649658
0.9396984924623115,1.0408163265306123,-0.04411995066014332
0.949748743718593,1.0408163265306123,-0.03663478593356009
0.9597989949748744,1.0408163265306123,-0.029150677977351797
0.9698492462311559,1.0408163265306123,-0.021669326178236303
0.9798994974874373,1.0408163265306123,-0.014192449035742322
0.9899497487437185,1.0408163265306123,-0.006721778580437432
1.0,1.0408163265306123,0.0007409450204781953
-1.0,1.0510204081632653,0.008598639317643847
-0.9899497487437185,1.0510204081632653,0.015269815384677227
-0.9798994974874372,1.0510204081632653,0.021961759488870164
-0.9698492462311558,1.0510204081632653,0.028675048659290436
-0.9597989949748744,1.0510204081632653,0.03541028079542455
-0.949748743718593,1.0510204081632653,0.04216806852218269
-0.9396984924623115,1.0510204081632653,0.048949032643767376
-0.9296482412060302,1.0510204081632653,0.055753795226483355
-0.9195979899497487,1.0510204081632653,0.06258297234502297
-0.9095477386934674,1.0510204081632653,0.06943716653089518
-0.8994974874371859,1.0510204081632653,0.07631695896550242
-0.8894472361809045,1.0510204081632653,0.08322290146374822
-0.8793969849246231,1.0510204081632653,0.09015550829695798
-0.8693467336683417,1.0510204081632653,0.09711524790624074
-0.8592964824120604,1.0510204081632653,0.10410253455915516
-0.8492462311557789,1.0510204081632653,0.11111772000371539
-0.8391959798994975,1.0510204081632653,0.11816108517427004
-0.8291457286432161,1.0510204081632653,0.1252328320037649
-0.8190954773869347,1.0510204081632653,0.13233307539630035
-0.8090452261306533,1.0510204081632653,0.1394618354128605
-0.7989949748743719,1.0510204081632653,0.1466190297216542
-0.7889447236180904,1.0510204081632653,0.15380446636281575
-0.778894472361809,1.0510204081632653,0.1610178368753351
-0.7688442211055276,1.0510204081632653,0.16825870983210822
-0.7587939698492463,1.0510204081632653,0.17552652482704556
-0.7487437185929648,1.0510204081632653,0.18282058695626635
-0.7386934673366834,1.0510204081632653,0.19014006183354598
-0.728643216080402,1.0510204081632653,0.19748397117841848
-0.7185929648241206,1.0510204081632653,0.20485118901350596
-0.7085427135678393,1.0510204081632653,0.21224043850570828
-0.6984924623115578,1.0510204081632653,0.2196502894836302
-0.6884422110552764,1.0510204081632653,0.22707915666086642
-0.6783919597989949,1.0510204081632653,0.23452529859125365
-0.6683417085427136,1.0510204081632653,0.2419868173777482
-0.6582914572864322,1.0510204081632653,0.24946165915090546
-0.6482412060301508,1.0510204081632653,0.2569476153259256
-0.6381909547738693,1.0510204081632653,0.26444232463878203
-0.6281407035175879,1.0510204081632653,0.27194327595214585
-0.6180904522613065,1.0510204081632653,0.2794478118108539
-0.6080402010050251,1.0510204081632653,0.28695313271519535
-0.5979899497487438,1.0510204081632653,0.29445630206894446
-0.5879396984924623,1.0510204081632653,0.30195425174941964
-0.5778894472361809,1.0510204081632653,0.30944378824043817
-0.5678391959798995,1.0510204081632653,0.3169215992686416
-0.5577889447236181,1.0510204081632653,0.32438426089247363
-0.5477386934673367,1.0510204081632653,0.3318282450155694
-0.5376884422110553,1.0510204081632653,0.3392499273378997
-0.5276381909547738,1.0510204081632653,0.3466455958255853
-0.5175879396984925,1.0510204081632653,0.35401145988199323
-0.507537688442211,1.0510204081632653,0.3613436605479783
-0.4974874371859297,1.0510204081632653,0.3686382822582768
-0.48743718592964824,1.0510204081632653,0.3758913669444772
-0.4773869346733668,1.0510204081632653,0.38309893161170516
-0.46733668341708545,1.0510204081632653,0.39025699093118604
-0.457286432160804,1.0510204081632653,0.39736158688136825
-0.44723618090452255,1.0510204081632653,0.404408828019559
-0.4371859296482412,1.0510204081632653,0.4113949415354572
-0.42713567839195976,1.0510204081632653,0.4183163417560706
-0.4170854271356784,1.0510204081632653,0.425169719121528
-0.40703517587939697,1.0510204081632653,0.4319521536587896
-0.3969849246231155,1.0510204081632653,0.4386612564052581
-0.3869346733668342,1.0510204081632653,0.44529534077800004
-0.37688442211055273,1.0510204081632653,0.45185362322417644
-0.3668341708542714,1.0510204081632653,0.4583364483638096
-0.35678391959798994,1.0510204081632653,0.4647455282109223
-0.3467336683417085,1.0510204081632653,0.47108417837750227
-0.33668341708542715,1.0510204081632653,0.47735752768812556
-0.3266331658291457,1.0510204081632653,0.4835726737637822
-0.31658291457286436,1.0510204081632653,0.4897387594927072
-0.3065326633165829,1.0510204081632653,0.4958669581549562
-0.29648241206030146,1.0510204081632653,0.5019703814591686
-0.2864321608040201,1.0510204081632653,0.5080639637448461
-0.27638190954773867,1.0510204081632653,0.5141644177370408
-0.26633165829145733,1.0510204081632653,0.5202903827127944
-0.2562814070351759,1.0510204081632653,0.5264628682005198
-0.24623115577889443,1.0510204081632653,0.5327060149669997
-0.2361809045226131,1.0510204081632653,0.5390480548080263
-0.22613065326633164,1.0510204081632653,0.5455221931084019
-0.2160804020100502,1.0510204081632653,0.5521670275675908
-0.20603015075376885,1.0510204081632653,0.5590260967088427
-0.1959798994974874,1.0510204081632653,0.5661462024762611
-0.18592964824120606,1.0510204081632653,0.5735741901258036
-0.1758793969849246,1.0510204081632653,0.5813518148865404
-0.16582914572864316,1.0510204081632653,0.5895081763152574
-0.15577889447236182,1.0510204081632653,0.5980490541156707
-0.14572864321608037,1.0510204081632653,0.6069424753527982
-0.13567839195979903,1.0510204081632653,0.6161001264633945
-0.12562814070351758,1.0510204081632653,0.6253550612581438
-0.11557788944723613,1.0510204081632653,0.6344384338891093
-0.10552763819095479,1.0510204081632653,0.6429643406718898
-0.09547738693467334,1.0510204081632653,0.6504483760658466
-0.085427135678392,1.0510204081632653,0.6564209933207106
-0.07537688442211055,1.0510204081632653,0.6607434903829582
-0.0653266331658291,1.0510204081632653,0.6641858380505593
-0.055276381909547756,1.0510204081632653,0.6688537265231645
-0.045226130653266305,1.0510204081632653,0.6771196287502715
-0.035175879396984966,1.0510204081632653,0.6882991775707407
-0.025125628140703515,1.0510204081632653,0.693726581356278
-0.015075376884422065,1.0510204081632653,0.6542988191318801
-0.005025125628140725,1.0510204081632653,0.34428186204311384
0.005025125628140614,1.0510204081632653,-0.34917980065691745
0.015075376884422065,1.0510204081632653,-0.6486873835923453
0.025125628140703515,1.0510204081632653,-0.6819618371442607
0.035175879396984966,1.0510204081632653,-0.6793038372642594
0.045226130653266416,1.0510204081632653,-0.6757413520797574
0.055276381909547645,1.0510204081632653,-0.671672545652322
0.0653266331658291,1.0510204081632653,-0.6664445244979044
0.07537688442211055,1.0510204081632653,-0.6602500831861309
0.085427135678392,1.0510204081632653,-0.6534939966331055
0.09547738693467345,1.0510204081632653,-0.646549486851984
0.1055276381909549,1.0510204081632653,-0.6396900269080763
0.11557788944723613,1.0510204081632653,-0.6330545090177953
0.12562814070351758,1.0510204081632653,-0.6266447389326311
0.13567839195979903,1.0510204081632653,-0.6203675651471137
0.14572864321608048,1.0510204081632653,-0.6141026146242512
0.15577889447236193,1.0510204081632653,-0.6077579929078994
0.16582914572864316,1.0510204081632653,-0.6012898307178175
0.1758793969849246,1.0510204081632653,-0.5946910474247272
0.18592964824120606,1.0510204081632653,-0.587970902094952
0.1959798994974875,1.0510204081632653,-0.5811409143575418
0.20603015075376896,1.0510204081632653,-0.5742095941570367
0.2160804020100502,1.0510204081632653,-0.5671821111975772
0.22613065326633164,1.0510204081632653,-0.5600615834107294
0.2361809045226131,1.0510204081632653,-0.552850622241648
0.24623115577889454,1.0510204081632653,-0.5455526876271193
0.256281407035176,1.0510204081632653,-0.5381730166692619
0.2663316582914572,1.0510204081632653,-0.5307190113901012
0.27638190954773867,1.0510204081632653,-0.5232001261740622
0.2864321608040201,1.0510204081632653,-0.5156274065590996
0.29648241206030157,1.0510204081632653,-0.5080128596270657
0.306532663316583,1.0510204081632653,-0.5003688049593913
0.31658291457286425,1.0510204081632653,-0.49270730175820066
0.3266331658291457,1.0510204081632653,-0.48503969807668884
0.33668341708542715,1.0510204081632653,-0.47737631248038537
0.3467336683417086,1.0510204081632653,-0.4697262374460126
0.35678391959799005,1.0510204081632653,-0.4620972440009009
0.3668341708542713,1.0510204081632653,-0.4544957645211458
0.37688442211055273,1.0510204081632653,-0.44692693201793665
0.3869346733668342,1.0510204081632653,-0.4393946574667668
0.39698492462311563,1.0510204081632653,-0.43190173046889513
0.4070351758793971,1.0510204081632653,-0.4244499320873892
0.4170854271356783,1.0510204081632653,-0.4170401517638984
0.42713567839195976,1.0510204081632653,-0.4096725027076702
0.4371859296482412,1.0510204081632653,-0.4023464320781017
0.44723618090452266,1.0510204081632653,-0.395060823728676
0.4572864321608041,1.0510204081632653,-0.3878140923302351
0.46733668341708534,1.0510204081632653,-0.3806042684294002
0.4773869346733668,1.0510204081632653,-0.3734290744971267
0.48743718592964824,1.0510204081632653,-0.3662859923439398
0.4974874371859297,1.0510204081632653,-0.3591723224705997
0.5075376884422111,1.0510204081632653,-0.3520852360235668
0.5175879396984926,1.0510204081632653,-0.34502182006187837
0.5276381909547738,1.0510204081632653,-0.3379791168371299
0.5376884422110553,1.0510204081632653,-0.33095415775652126
0.5477386934673367,1.0510204081632653,-0.32394399265139706
0.5577889447236182,1.0510204081632653,-0.31694571491809015
0.5678391959798996,1.0510204081632653,-0.3099564830394341
0.5778894472361809,1.0510204081632653,-0.30297353893757073
0.5879396984924623,1.0510204081632653,-0.29599422355372634
0.5979899497487438,1.0510204081632653,-0.2890159899998856
0.6080402010050252,1.0510204081632653,-0.28203641458125583
0.6180904522613067,1.0510204081632653,-0.2750532059473997
0.6281407035175879,1.0510204081632653,-0.26806421259379803
0.6381909547738693,1.0510204081632653,-0.2610674289041094
0.6482412060301508,1.0510204081632653,-0.25406099989628667
0.6582914572864322,1.0510204081632653,-0.2470432248123897
0.6683417085427137,1.0510204081632653,-0.24001255967220242
0.6783919597989949,1.0510204081632653,-0.23296761889404108
0.6884422110552764,1.0510204081632653,-0.22590717607209992
0.6984924623115578,1.0510204081632653,-0.21883016398801286
0.7085427135678393,1.0510204081632653,-0.21173567392457282
0.7185929648241207,1.0510204081632653,-0.2046229543415568
0.728643216080402,1.0510204081632653,-0.19749140896705247
0.7386934673366834,1.0510204081632653,-0.19034059435232653
0.7487437185929648,1.0510204081632653,-0.1831702169339683
0.7587939698492463,1.0510204081632653,-0.1759801296435484
0.7688442211055277,1.0510204081632653,-0.1687703281022745
0.778894472361809,1.0510204081632653,-0.16154094643593445
0.7889447236180904,1.0510204081632653,-0.15429225274364264
0.7989949748743719,1.0510204081632653,-0.1470246442525928
0.8090452261306533,1.0510204081632653,-0.13973864218990042
0.8190954773869348,1.0510204081632653,-0.13243488640179812
0.829145728643216,1.0510204081632653,-0.12511412974973796
0.8391959798994975,1.0510204081632653,-0.11777723231240383
0.8492462311557789,1.0510204081632653,-0.11042515542212089
0.8592964824120604,1.0510204081632653,-0.1030589555637019
0.8693467336683418,1.0510204081632653,-0.09567977816331022
0.879396984924623,1.0510204081632653,-0.0882888512944581
0.8894472361809045,1.0510204081632653,-0.08088747932776058
0.8994974874371859,1.0510204081632653,-0.07347703655048904
0.9095477386934674,1.0510204081632653,-0.0660589607813799
0.9195979899497488,1.0510204081632653,-0.05863474700542137
0.9296482412060301,1.0510204081632653,-0.05120594105259954
0.9396984924623115,1.0510204081632653,-0.04377413334369243
0.949748743718593,1.0510204081632653,-0.036340952725283066
0.9597989949748744,1.0510204081632653,-0.028908060415085562
0.9698492462311559,1.0510204081632653,-0.02147714407760362
0.9798994974874373,1.0510204081632653,-0.014049912048908764
0.9899497487437185,1.0510204081632653,-0.006628087728058091
1.0,1.0510204081632653,0.0007865958486560076
-1.0,1.0612244897959184,0.009134575846760834
-0.9899497487437185,1.0612244897959184,0.01574331272775073
-0.9798994974874372,1.0612244897959184,0.022372339972814653
-0.9698492462311558,1.0612244897959184,0.02902225147298554
-0.9597989949748744,1.0612244897959184,0.03569366201323468
-0.949748743718593,1.0612244897959184,0.04238720121705322
-0.9396984924623115,1.0612244897959184,0.04910350710758907
-0.9296482412060302,1.0612244897959184,0.055843219316343506
-0.9195979899497487,1.0612244897959184,0.06260697197485399
-0.9095477386934674,1.0612244897959184,0.06939538632887887
-0.8994974874371859,1.0612244897959184,0.07620906311836284
-0.8894472361809045,1.0612244897959184,0.08304857476971747
-0.8793969849246231,1.0612244897959184,0.08991445744972001
-0.8693467336683417,1.0612244897959184,0.09680720303245327
-0.8592964824120604,1.0612244897959184,0.10372725103220048
-0.8492462311557789,1.0612244897959184,0.11067498055597341
-0.8391959798994975,1.0612244897959184,0.11765070232944325
-0.8291457286432161,1.0612244897959184,0.1246546508493852
-0.8190954773869347,1.0612244897959184,0.13168697671446672
-0.8090452261306533,1.0612244897959184,0.13874773918427963
-0.7989949748743719,1.0612244897959184,0.1458368990140574
-0.7889447236180904,1.0612244897959184,0.15295431160958545
-0.778894472361809,1.0612244897959184,0.16009972054356386
-0.7688442211055276,1.0612244897959184,0.16727275147111242
-0.7587939698492463,1.0612244897959184,0.174472906478432
-0.7487437185929648,1.0612244897959184,0.18169955889481942
-0.7386934673366834,1.0612244897959184,0.18895194859442682
-0.728643216080402,1.0612244897959184,0.19622917781028393
-0.7185929648241206,1.0612244897959184,0.20353020747926392
-0.7085427135678393,1.0612244897959184,0.2108538541327022
-0.6984924623115578,1.0612244897959184,0.21819878734329295
-0.6884422110552764,1.0612244897959184,0.22556352773450028
-0.6783919597989949,1.0612244897959184,0.23294644555394783
-0.6683417085427136,1.0612244897959184,0.2403457598069223
-0.6582914572864322,1.0612244897959184,0.24775953794014893
-0.6482412060301508,1.0612244897959184,0.2551856960593171
-0.6381909547738693,1.0612244897959184,0.2626219996564321
-0.6281407035175879,1.0612244897959184,0.2700660648151484
-0.6180904522613065,1.0612244897959184,0.27751535985406556
-0.6080402010050251,1.0612244897959184,0.284967207360188
-0.5979899497487438,1.0612244897959184,0.2924187865582014
-0.5879396984924623,1.0612244897959184,0.2998671359572401
-0.5778894472361809,1.0612244897959184,0.30730915621730404
-0.5678391959798995,1.0612244897959184,0.3147416131848517
-0.5577889447236181,1.0612244897959184,0.3221611410648313
-0.5477386934673367,1.0612244897959184,0.3295642457286515
-0.5376884422110553,1.0612244897959184,0.3369473082100165
-0.5276381909547738,1.0612244897959184,0.3443065885196371
-0.5175879396984925,1.0612244897959184,0.3516382300237733
-0.507537688442211,1.0612244897959184,0.3589382647894018
-0.4974874371859297,1.0612244897959184,0.36620262051037267
-0.48743718592964824,1.0612244897959184,0.37342712990393134
-0.4773869346733668,1.0612244897959184,0.3806075438130565
-0.46733668341708545,1.0612244897959184,0.38773954967050284
-0.457286432160804,1.0612244897959184,0.3948187974695987
-0.44723618090452255,1.0612244897959184,0.4018409359244869
-0.4371859296482412,1.0612244897959184,0.40880166204550705
-0.42713567839195976,1.0612244897959184,0.41569678782779573
-0.4170854271356784,1.0612244897959184,0.42252232803302836
-0.40703517587939697,1.0612244897959184,0.42927461296261504
-0.3969849246231155,1.0612244897959184,0.43595042944796913
-0.3869346733668342,1.0612244897959184,0.4425471917535667
-0.37688442211055273,1.0612244897959184,0.4490631414458859
-0.3668341708542714,1.0612244897959184,0.4554975713844618
-0.35678391959798994,1.0612244897959184,0.4618510639900727
-0.3467336683417085,1.0612244897959184,0.46812572853780954
-0.33668341708542715,1.0612244897959184,0.4743254179523504
-0.3266331658291457,1.0612244897959184,0.48045590503932134
-0.31658291457286436,1.0612244897959184,0.4865250047376014
-0.3065326633165829,1.0612244897959184,0.49254264620317956
-0.29648241206030146,1.0612244897959184,0.4985209274524276
-0.2864321608040201,1.0612244897959184,0.5044742214127163
-0.27638190954773867,1.0612244897959184,0.5104194322032415
-0.26633165829145733,1.0612244897959184,0.5163765019751881
-0.2562814070351759,1.0612244897959184,0.5223692174425966
-0.24623115577889443,1.0612244897959184,0.5284262509093157
-0.2361809045226131,1.0612244897959184,0.5345822143368741
-0.22613065326633164,1.0612244897959184,0.5408783632293694
-0.2160804020100502,1.0612244897959184,0.5473625254132141
-0.20603015075376885,1.0612244897959184,0.5540878735108582
-0.1959798994974874,1.0612244897959184,0.5611102595739895
-0.18592964824120606,1.0612244897959184,0.5684838847060356
-0.1758793969849246,1.0612244897959184,0.5762550108093762
-0.16582914572864316,1.0612244897959184,0.5844532589447776
-0.15577889447236182,1.0612244897959184,0.593079898312238
-0.14572864321608037,1.0612244897959184,0.6020925565700501
-0.13567839195979903,1.0612244897959184,0.6113861045477764
-0.12562814070351758,1.0612244897959184,0.620770338349734
-0.11557788944723613,1.0612244897959184,0.6299474029345601
-0.10552763819095479,1.0612244897959184,0.63849841108799
-0.09547738693467334,1.0612244897959184,0.6459057584825327
-0.085427135678392,1.0612244897959184,0.6516745001090474
-0.07537688442211055,1.0612244897959184,0.655665561023717
-0.0653266331658291,1.0612244897959184,0.6587070752454152
-0.055276381909547756,1.0612244897959184,0.6630655131533567
-0.045226130653266305,1.0612244897959184,0.671352010360159
-0.035175879396984966,1.0612244897959184,0.6829066417788554
-0.025125628140703515,1.0612244897959184,0.688390849722524
-0.015075376884422065,1.0612244897959184,0.6469806071002678
-0.005025125628140725,1.0612244897959184,0.3334474777762588
0.005025125628140614,1.0612244897959184,-0.35053986616281774
0.015075376884422065,1.0612244897959184,-0.6454196143421039
0.025125628140703515,1.0612244897959184,-0.6778303196007305
0.035175879396984966,1.0612244897959184,-0.6746593371375045
0.045226130653266416,1.0612244897959184,-0.6710800272898799
0.055276381909547645,1.0612244897959184,-0.6672524771956039
0.0653266331658291,1.0612244897959184,-0.6622842299945304
0.07537688442211055,1.0612244897959184,-0.6562648124449171
0.085427135678392,1.0612244897959184,-0.6495788160199157
0.09547738693467345,1.0612244897959184,-0.6426165381874395
0.1055276381909549,1.0612244897959184,-0.6356859500475333
0.11557788944723613,1.0612244897959184,-0.6289657638164324
0.12562814070351758,1.0612244897959184,-0.6224902141892933
0.13567839195979903,1.0612244897959184,-0.616181030605925
0.14572864321608048,1.0612244897959184,-0.609913618177351
0.15577889447236193,1.0612244897959184,-0.6035806684087739
0.16582914572864316,1.0612244897959184,-0.5971229803987015
0.1758793969849246,1.0612244897959184,-0.5905253999952039
0.18592964824120606,1.0612244897959184,-0.5837970026638765
0.1959798994974875,1.0612244897959184,-0.5769538142571768
0.20603015075376896,1.0612244897959184,-0.5700100465983138
0.2160804020100502,1.0612244897959184,-0.5629755963194699
0.22613065326633164,1.0612244897959184,-0.5558564967358524
0.2361809045226131,1.0612244897959184,-0.5486564763738822
0.24623115577889454,1.0612244897959184,-0.5413787366772934
0.256281407035176,1.0612244897959184,-0.5340274121921764
0.2663316582914572,1.0612244897959184,-0.5266084255055163
0.27638190954773867,1.0612244897959184,-0.5191297070174896
0.2864321608040201,1.0612244897959184,-0.5116009287383565
0.29648241206030157,1.0612244897959184,-0.5040329624615514
0.306532663316583,1.0612244897959184,-0.49643724844676557
0.31658291457286425,1.0612244897959184,-0.48882520156646325
0.3266331658291457,1.0612244897959184,-0.48120772266594297
0.33668341708542715,1.0612244897959184,-0.4735948386046197
0.3467336683417086,1.0612244897959184,-0.4659954671402484
0.35678391959799005,1.0612244897959184,-0.45841728903123125
0.3668341708542713,1.0612244897959184,-0.45086670489792846
0.37688442211055273,1.0612244897959184,-0.44334885467775453
0.3869346733668342,1.0612244897959184,-0.435867680285387
0.39698492462311563,1.0612244897959184,-0.4284260157345461
0.4070351758793971,1.0612244897959184,-0.4210256926129052
0.4170854271356783,1.0612244897959184,-0.41366765201368827
0.42713567839195976,1.0612244897959184,-0.4063520566726222
0.4371859296482412,1.0612244897959184,-0.39907839913473686
0.44723618090452266,1.0612244897959184,-0.39184560334499285
0.4572864321608041,1.0612244897959184,-0.38465211820545875
0.46733668341708534,1.0612244897959184,-0.37749600245604037
0.4773869346733668,1.0612244897959184,-0.3703750007929092
0.48743718592964824,1.0612244897959184,-0.3632866115032486
0.4974874371859297,1.0612244897959184,-0.3562281461186163
0.5075376884422111,1.0612244897959184,-0.349196781712368
0.5175879396984926,1.0612244897959184,-0.34218960651980984
0.5276381909547738,1.0612244897959184,-0.33520365956591414
0.5376884422110553,1.0612244897959184,-0.32823596496124774
0.5477386934673367,1.0612244897959184,-0.321283561484215
0.5577889447236182,1.0612244897959184,-0.3143435280152586
0.5678391959798996,1.0612244897959184,-0.30741300533216465
0.5778894472361809,1.0612244897959184,-0.30048921471889084
0.5879396984924623,1.0612244897959184,-0.2935694737858755
0.5979899497487438,1.0612244897959184,-0.28665120984912273
0.6080402010050252,1.0612244897959184,-0.2797319711692047
0.6180904522613067,1.0612244897959184,-0.27280943631001703
0.6281407035175879,1.0612244897959184,-0.2658814218407215
0.6381909547738693,1.0612244897959184,-0.25894588857243395
0.6482412060301508,1.0612244897959184,-0.2520009464938135
0.6582914572864322,1.0612244897959184,-0.24504485854605845
0.6683417085427137,1.0612244897959184,-0.2380760433578529
0.6783919597989949,1.0612244897959184,-0.2310930770438246
0.6884422110552764,1.0612244897959184,-0.22409469415589067
0.6984924623115578,1.0612244897959184,-0.21707978786503523
0.7085427135678393,1.0612244897959184,-0.21004740944120795
0.7185929648241207,1.0612244897959184,-0.20299676709100467
0.728643216080402,1.0612244897959184,-0.1959272242061288
0.7386934673366834,1.0612244897959184,-0.18883829707029967
0.7487437185929648,1.0612244897959184,-0.18172965206792682
0.7587939698492463,1.0612244897959184,-0.17460110243439952
0.7688442211055277,1.0612244897959184,-0.16745260458508424
0.778894472361809,1.0612244897959184,-0.16028425405796332
0.7889447236180904,1.0612244897959184,-0.15309628110312543
0.7989949748743719,1.0612244897959184,-0.14588904595100216
0.8090452261306533,1.0612244897959184,-0.1386630337902127
0.8190954773869348,1.0612244897959184,-0.13141884948507337
0.829145728643216,1.0612244897959184,-0.12415721206217137
0.8391959798994975,1.0612244897959184,-0.11687894899489573
0.8492462311557789,1.0612244897959184,-0.10958499031435273
0.8592964824120604,1.0612244897959184,-0.10227636257467715
0.8693467336683418,1.0612244897959184,-0.09495418270034006
0.879396984924623,1.0612244897959184,-0.08761965174264671
0.8894472361809045,1.0612244897959184,-0.08027404857210946
0.8994974874371859,1.0612244897959184,-0.07291872353291326
0.9095477386934674,1.0612244897959184,-0.06555509208506427
0.9195979899497488,1.0612244897959184,-0.058184628459169996
0.9296482412060301,1.0612244897959184,-0.050808859348038166
0.9396984924623115,1.0612244897959184,-0.04342935765846148
0.949748743718593,1.0612244897959184,-0.03604773634561345
0.9597989949748744,1.0612244897959184,-0.028665642351473813
0.9698492462311559,1.0612244897959184,-0.021284750667614594
0.9798994974874373,1.0612244897959184,-0.013906758541453346
0.9899497487437185,1.0612244897959184,-0.006533379843884163
1.0,1.0612244897959184,0.0008336603852010516
-1.0,1.0714285714285714,0.00968819359588749
-0.9899497487437185,1.0714285714285714,0.016235151041371798
-0.9798994974874372,1.0714285714285714,0.022801941653058155
-0.9698492462311558,1.0714285714285714,0.02938917619701603
-0.9597989949748744,1.0714285714285714,0.03599748632153285
-0.949748743718593,1.0714285714285714,0.04262751859160929
-0.9396984924623115,1.0714285714285714,0.04927992815751758
-0.9296482412060302,1.0714285714285714,0.05595537208926707
-0.9195979899497487,1.0714285714285714,0.06265450241322859
-0.9095477386934674,1.0714285714285714,0.06937795889117301
-0.8994974874371859,1.0714285714285714,0.076126361585683
-0.8894472361809045,1.0714285714285714,0.08290030325903838
-0.8793969849246231,1.0714285714285714,0.08970034165531132
-0.8693467336683417,1.0714285714285714,0.09652699171730306
-0.8592964824120604,1.0714285714285714,0.1033807177912153
-0.8492462311557789,1.0714285714285714,0.11026192587236636
-0.8391959798994975,1.0714285714285714,0.11717095594490168
-0.8291457286432161,1.0714285714285714,0.12410807446728056
-0.8190954773869347,1.0714285714285714,0.13107346705333778
-0.8090452261306533,1.0714285714285714,0.13806723139598592
-0.7989949748743719,1.0714285714285714,0.14508937047716725
-0.7889447236180904,1.0714285714285714,0.15213978610363488
-0.778894472361809,1.0714285714285714,0.15921827280348405
-0.7688442211055276,1.0714285714285714,0.16632451211338123
-0.7587939698492463,1.0714285714285714,0.17345806728101743
-0.7487437185929648,1.0714285714285714,0.18061837840172845
-0.7386934673366834,1.0714285714285714,0.18780475800245167
-0.728643216080402,1.0714285714285714,0.1950163870803182
-0.7185929648241206,1.0714285714285714,0.20225231159727175
-0.7085427135678393,1.0714285714285714,0.20951143942614459
-0.6984924623115578,1.0714285714285714,0.2167925377376077
-0.6884422110552764,1.0714285714285714,0.22409423081133484
-0.6783919597989949,1.0714285714285714,0.2314149982485264
-0.6683417085427136,1.0714285714285714,0.23875317355656156
-0.6582914572864322,1.0714285714285714,0.24610694307007036
-0.6482412060301508,1.0714285714285714,0.2534743451660541
-0.6381909547738693,1.0714285714285714,0.2608532697240685
-0.6281407035175879,1.0714285714285714,0.2682414577760818
-0.6180904522613065,1.0714285714285714,0.2756365012848878
-0.6080402010050251,1.0714285714285714,0.28303584298552265
-0.5979899497487438,1.0714285714285714,0.29043677622195574
-0.5879396984924623,1.0714285714285714,0.29783644471280246
-0.5778894472361809,1.0714285714285714,0.30523184218674687
-0.5678391959798995,1.0714285714285714,0.31261981184337606
-0.5577889447236181,1.0714285714285714,0.31999704562150166
-0.5477386934673367,1.0714285714285714,0.3273600832990501
-0.5376884422110553,1.0714285714285714,0.33470531151169347
-0.5276381909547738,1.0714285714285714,0.3420289628680889
-0.5175879396984925,1.0714285714285714,0.3493271154657237
-0.507537688442211,1.0714285714285714,0.35659569328170215
-0.4974874371859297,1.0714285714285714,0.363830468136632
-0.48743718592964824,1.0714285714285714,0.37102706421575127
-0.4773869346733668,1.0714285714285714,0.3781809664859743
-0.46733668341708545,1.0714285714285714,0.38528753477175215
-0.457286432160804,1.0714285714285714,0.39234202573815335
-0.44723618090452255,1.0714285714285714,0.3993396255525439
-0.4371859296482412,1.0714285714285714,0.40627549650945893
-0.42713567839195976,1.0714285714285714,0.4131448413270701
-0.4170854271356784,1.0714285714285714,0.4199429890370614
-0.40703517587939697,1.0714285714285714,0.42666550622501054
-0.3969849246231155,1.0714285714285714,0.43330833662660073
-0.3869346733668342,1.0714285714285714,0.4398679705221392
-0.37688442211055273,1.0714285714285714,0.4463416428228236
-0.3668341708542714,1.0714285714285714,0.45272755519957286
-0.35678391959798994,1.0714285714285714,0.4590251134175023
-0.3467336683417085,1.0714285714285714,0.46523516715589985
-0.33668341708542715,1.0714285714285714,0.4713602378006567
-0.3266331658291457,1.0714285714285714,0.4774047226651983
-0.31658291457286436,1.0714285714285714,0.4833750749376434
-0.3065326633165829,1.0714285714285714,0.4892799795632534
-0.29648241206030146,1.0714285714285714,0.4951305750147721
-0.2864321608040201,1.0714285714285714,0.5009408015367436
-0.27638190954773867,1.0714285714285714,0.5067279711296286
-0.26633165829145733,1.0714285714285714,0.5125136298402044
-0.2562814070351759,1.0714285714285714,0.5183246991371484
-0.24623115577889443,1.0714285714285714,0.5241947417113665
-0.2361809045226131,1.0714285714285714,0.5301650351067
-0.22613065326633164,1.0714285714285714,0.5362850212364553
-0.2160804020100502,1.0714285714285714,0.5426116913896896
-0.20603015075376885,1.0714285714285714,0.5492075674114376
-0.1959798994974874,1.0714285714285714,0.5561370742051654
-0.18592964824120606,1.0714285714285714,0.5634611548290517
-0.1758793969849246,1.0714285714285714,0.5712298967905912
-0.16582914572864316,1.0714285714285714,0.5794727666737339
-0.15577889447236182,1.0714285714285714,0.5881859264163078
-0.14572864321608037,1.0714285714285714,0.5973161686176329
-0.13567839195979903,1.0714285714285714,0.6067413677864304
-0.12562814070351758,1.0714285714285714,0.6162482350402959
-0.11557788944723613,1.0714285714285714,0.6255105075441281
-0.10552763819095479,1.0714285714285714,0.6340773377240939
-0.09547738693467334,1.0714285714285714,0.6413991705897519
-0.085427135678392,1.0714285714285714,0.6469565683912673
-0.07537688442211055,1.0714285714285714,0.6506095079517399
-0.0653266331658291,1.0714285714285714,0.6532408426976235
-0.055276381909547756,1.0714285714285714,0.6572723997968385
-0.045226130653266305,1.0714285714285714,0.6655542860919915
-0.035175879396984966,1.0714285714285714,0.6774643412284731
-0.025125628140703515,1.0714285714285714,0.6829962240282286
-0.015075376884422065,1.0714285714285714,0.6395762179077868
-0.005025125628140725,1.0714285714285714,0.32266147352916785
0.005025125628140614,1.0714285714285714,-0.3521526626645895
0.015075376884422065,1.0714285714285714,-0.6424928864557593
0.025125628140703515,1.0714285714285714,-0.6739341820771455
0.035175879396984966,1.0714285714285714,-0.6701507427617099
0.045226130653266416,1.0714285714285714,-0.6664854434811882
0.055276381909547645,1.0714285714285714,-0.6628682762743303
0.0653266331658291,1.0714285714285714,-0.6581583163364187
0.07537688442211055,1.0714285714285714,-0.6523285358547375
0.085427135678392,1.0714285714285714,-0.6457317298993771
0.09547738693467345,1.0714285714285714,-0.63876643059015
0.1055276381909549,1.0714285714285714,-0.6317696390297516
0.11557788944723613,1.0714285714285714,-0.6249586897582973
0.12562814070351758,1.0714285714285714,-0.6184033557464321
0.13567839195979903,1.0714285714285714,-0.6120459263092856
0.14572864321608048,1.0714285714285714,-0.6057628707446594
0.15577889447236193,1.0714285714285714,-0.599433977339481
0.16582914572864316,1.0714285714285714,-0.5929841260167186
0.1758793969849246,1.0714285714285714,-0.5863878659544982
0.18592964824120606,1.0714285714285714,-0.5796519467935446
0.1959798994974875,1.0714285714285714,-0.572795697747297
0.20603015075376896,1.0714285714285714,-0.5658387608509323
0.2160804020100502,1.0714285714285714,-0.5587960401187233
0.22613065326633164,1.0714285714285714,-0.551676941072646
0.2361809045226131,1.0714285714285714,-0.5444867056339772
0.24623115577889454,1.0714285714285714,-0.5372285158763981
0.256281407035176,1.0714285714285714,-0.5299054834372912
0.2663316582914572,1.0714285714285714,-0.5225220137780823
0.27638190954773867,1.0714285714285714,-0.5150844091383153
0.2864321608040201,1.0714285714285714,-0.5076008388523717
0.29648241206030157,1.0714285714285714,-0.5000809124302348
0.306532663316583,1.0714285714285714,-0.49253508036327753
0.31658291457286425,1.0714285714285714,-0.48497402476513246
0.3266331658291457,1.0714285714285714,-0.4774081330243162
0.33668341708542715,1.0714285714285714,-0.4698470937375483
0.3467336683417086,1.0714285714285714,-0.4622996196102103
0.35678391959799005,1.0714285714285714,-0.45477328349459906
0.3668341708542713,1.0714285714285714,-0.4472744461678153
0.37688442211055273,1.0714285714285714,-0.4398082533450879
0.3869346733668342,1.0714285714285714,-0.43237868160408766
0.39698492462311563,1.0714285714285714,-0.42498861638416774
0.4070351758793971,1.0714285714285714,-0.41763994891888667
0.4170854271356783,1.0714285714285714,-0.4103336823200905
0.42713567839195976,1.0714285714285714,-0.4030700398460709
0.4371859296482412,1.0714285714285714,-0.3958485706207987
0.44723618090452266,1.0714285714285714,-0.3886682497761359
0.4572864321608041,1.0714285714285714,-0.3815275712472366
0.46733668341708534,1.0714285714285714,-0.3744246323511582
0.4773869346733668,1.0714285714285714,-0.3673572099009419
0.48743718592964824,1.0714285714285714,-0.3603228280204827
0.4974874371859297,1.0714285714285714,-0.3533188180848099
0.5075376884422111,1.0714285714285714,-0.34634237135931034
0.5175879396984926,1.0714285714285714,-0.33939058498293717
0.5276381909547738,1.0714285714285714,-0.33246050195949317
0.5376884422110553,1.0714285714285714,-0.32554914580560845
0.5477386934673367,1.0714285714285714,-0.3186535504674164
0.5577889447236182,1.0714285714285714,-0.31177078606928804
0.5678391959798996,1.0714285714285714,-0.3048979810038247
0.5778894472361809,1.0714285714285714,-0.298032340816945
0.5879396984924623,1.0714285714285714,-0.29117116428811357
0.5979899497487438,1.0714285714285714,-0.2843118570553344
0.6080402010050252,1.0714285714285714,-0.2774519430882948
0.6180904522613067,1.0714285714285714,-0.27058907427157086
0.6281407035175879,1.0714285714285714,-0.26372103832304383
0.6381909547738693,1.0714285714285714,-0.2568457652405327
0.6482412060301508,1.0714285714285714,-0.24996133244183463
0.6582914572864322,1.0714285714285714,-0.24306596873948882
0.6683417085427137,1.0714285714285714,-0.23615805727126044
0.6783919597989949,1.0714285714285714,-0.22923613749018487
0.6884422110552764,1.0714285714285714,-0.22229890630359167
0.6984924623115578,1.0714285714285714,-0.2153452184385572
0.7085427135678393,1.0714285714285714,-0.2083740861012601
0.7185929648241207,1.0714285714285714,-0.2013846779895765
0.728643216080402,1.0714285714285714,-0.1943763177115709
0.7386934673366834,1.0714285714285714,-0.18734848165712853
0.7487437185929648,1.0714285714285714,-0.18030079636563542
0.7587939698492463,1.0714285714285714,-0.17323303542914356
0.7688442211055277,1.0714285714285714,-0.16614511596771456
0.778894472361809,1.0714285714285714,-0.15903709471148791
0.7889447236180904,1.0714285714285714,-0.1519091637223506
0.7989949748743719,1.0714285714285714,-0.14476164578679732
0.8090452261306533,1.0714285714285714,-0.1375949895105755
0.8190954773869348,1.0714285714285714,-0.13040976414494723
0.829145728643216,1.0714285714285714,-0.12320665417381663
0.8391959798994975,1.0714285714285714,-0.11598645369045898
0.8492462311557789,1.0714285714285714,-0.10875006059222644
0.8592964824120604,1.0714285714285714,-0.10149847062118966
0.8693467336683418,1.0714285714285714,-0.09423277127833807
0.879396984924623,1.0714285714285714,-0.08695413563855578
0.8894472361809045,1.0714285714285714,-0.07966381609319931
0.8994974874371859,1.0714285714285714,-0.07236313804657327
0.9095477386934674,1.0714285714285714,-0.06505349359208934
0.9195979899497488,1.0714285714285714,-0.05773633519324725
0.9296482412060301,1.0714285714285714,-0.05041316939386395
0.9396984924623115,1.0714285714285714,-0.043085550581161924
0.949748743718593,1.0714285714285714,-0.0357550748244336
0.9597989949748744,1.0714285714285714,-0.02842337381102386
0.9698492462311559,1.0714285714285714,-0.021092108900250234
0.9798994974874373,1.0714285714285714,-0.013762965314773445
0.9899497487437185,1.0714285714285714,-0.00643764648762693
1.0,1.0714285714285714,0.0008821314181606255
-1.0,1.0816326530612246,0.0102592699637232
-0.9899497487437185,1.0816326530612246,0.01674509715050851
-0.9798994974874372,1.0816326530612246,0.02325032162867885
-0.9698492462311558,1.0816326530612246,0.02977557106815812
-0.9597989949748744,1.0816326530612246,0.03632149397693046
-0.949748743718593,1.0816326530612246,0.04288875382603108
-0.9396984924623115,1.0816326530612246,0.04947802282591257
-0.9296482412060302,1.0816326530612246,0.05608997538682828
-0.9195979899497487,1.0816326530612246,0.06272528130018584
-0.9095477386934674,1.0816326530612246,0.0693845986818081
-0.8994974874371859,1.0816326530612246,0.07606856672161832
-0.8894472361809045,1.0816326530612246,0.08277779828734577
-0.8793969849246231,1.0816326530612246,0.08951287243228573
-0.8693467336683417,1.0816326530612246,0.09627432685891332
-0.8592964824120604,1.0816326530612246,0.10306265039111873
-0.8492462311557789,1.0816326530612246,0.10987827550795368
-0.8391959798994975,1.0816326530612246,0.11672157099099967
-0.8291457286432161,1.0816326530612246,0.12359283473580707
-0.8190954773869347,1.0816326530612246,0.13049228677522007
-0.8090452261306533,1.0816326530612246,0.13742006255891165
-0.7989949748743719,1.0816326530612246,0.14437620652908634
-0.7889447236180904,1.0816326530612246,0.15136066602716602
-0.778894472361809,1.0816326530612246,0.15837328556039332
-0.7688442211055276,1.0816326530612246,0.16541380145086393
-0.7587939698492463,1.0816326530612246,0.1724818368824812
-0.7487437185929648,1.0816326530612246,0.1795768973540034
-0.7386934673366834,1.0816326530612246,0.18669836653867455
-0.728643216080402,1.0816326530612246,0.19384550254310595
-0.7185929648241206,1.0816326530612246,0.20101743455010845
-0.7085427135678393,1.0816326530612246,0.20821315982221617
-0.6984924623115578,1.0816326530612246,0.2154315410346781
-0.6884422110552764,1.0816326530612246,0.22267130389882706
-0.6783919597989949,1.0816326530612246,0.22993103502901546
-0.6683417085427136,1.0816326530612246,0.23720917999874758
-0.6582914572864322,1.0816326530612246,0.24450404152440208
-0.6482412060301508,1.0816326530612246,0.251813777708122
-0.6381909547738693,1.0816326530612246,0.2591364002652825
-0.6281407035175879,1.0816326530612246,0.2664697726568006
-0.6180904522613065,1.0816326530612246,0.27381160804287774
-0.6080402010050251,1.0816326530612246,0.28115946697337235
-0.5979899497487438,1.0816326530612246,0.2885107547318607
-0.5879396984924623,1.0816326530612246,0.2958627182569736
-0.5778894472361809,1.0816326530612246,0.30321244257779856
-0.5678391959798995,1.0816326530612246,0.3105568467224581
-0.5577889447236181,1.0816326530612246,0.31789267909385044
-0.5477386934673367,1.0816326530612246,0.3252165123581089
-0.5376884422110553,1.0816326530612246,0.3325247379650904
-0.5276381909547738,1.0816326530612246,0.33981356052236505
-0.5175879396984925,1.0816326530612246,0.3470789923825042
-0.507537688442211,1.0816326530612246,0.35431684898615534
-0.4974874371859297,1.0816326530612246,0.3615227457391553
-0.48743718592964824,1.0816326530612246,0.3686920974983734
-0.4773869346733668,1.0816326530612246,0.3758201221029801
-0.46733668341708545,1.0816326530612246,0.3829018498143536
-0.457286432160804,1.0816326530612246,0.38993214100763873
-0.44723618090452255,1.0816326530612246,0.396905714963773
-0.4371859296482412,1.0816326530612246,0.4038171930917822
-0.42713567839195976,1.0816326530612246,0.41066116028533783
-0.4170854271356784,1.0816326530612246,0.4174322482650835
-0.40703517587939697,1.0816326530612246,0.42412524452115197
-0.3969849246231155,1.0816326530612246,0.4307352296648391
-0.3869346733668342,1.0816326530612246,0.43725774445297705
-0.37688442211055273,1.0816326530612246,0.4436889853810928
-0.3668341708542714,1.0816326530612246,0.450026024691884
-0.35678391959798994,1.0816326530612246,0.4562670474674819
-0.3467336683417085,1.0816326530612246,0.46241159635471807
-0.33668341708542715,1.0816326530612246,0.46846081538316686
-0.3266331658291457,1.0816326530612246,0.4744176908992339
-0.31658291457286436,1.0816326530612246,0.4802873023846156
-0.3065326633165829,1.0816326530612246,0.4860771195706828
-0.29648241206030146,1.0816326530612246,0.49179741096067286
-0.2864321608040201,1.0816326530612246,0.49746185129935594
-0.27638190954773867,1.0816326530612246,0.5030884120935604
-0.26633165829145733,1.0816326530612246,0.5087005671036526
-0.2562814070351759,1.0816326530612246,0.5143287307383158
-0.24623115577889443,1.0816326530612246,0.5200116860062213
-0.2361809045226131,1.0816326530612246,0.5257976016555299
-0.22613065326633164,1.0816326530612246,0.531744158090164
-0.2160804020100502,1.0816326530612246,0.5379173476020725
-0.20603015075376885,1.0816326530612246,0.5443886640076194
-0.1959798994974874,1.0816326530612246,0.5512305515605602
-0.18592964824120606,1.0816326530612246,0.5585100295254763
-0.1758793969849246,1.0816326530612246,0.5662803071910173
-0.16582914572864316,1.0816326530612246,0.5745700305460364
-0.15577889447236182,1.0816326530612246,0.5833697037970087
-0.14572864321608037,1.0816326530612246,0.5926149349223024
-0.13567839195979903,1.0816326530612246,0.602166547606713
-0.12562814070351758,1.0816326530612246,0.6117885011777962
-0.11557788944723613,1.0816326530612246,0.6211269070206196
-0.10552763819095479,1.0816326530612246,0.6297001582223135
-0.09547738693467334,1.0816326530612246,0.6369281399682645
-0.085427135678392,1.0816326530612246,0.6422678851256529
-0.07537688442211055,1.0816326530612246,0.6455777216299613
-0.0653266331658291,1.0816326530612246,0.6477912548212453
-0.055276381909547756,1.0816326530612246,0.6514790114656256
-0.045226130653266305,1.0816326530612246,0.6597288419396956
-0.035175879396984966,1.0816326530612246,0.6719706849550241
-0.025125628140703515,1.0816326530612246,0.6775411663979904
-0.015075376884422065,1.0816326530612246,0.6321015724203233
-0.005025125628140725,1.0816326530612246,0.31197234300006194
0.005025125628140614,1.0816326530612246,-0.35398709169028175
0.015075376884422065,1.0816326530612246,-0.6399100551691468
0.025125628140703515,1.0816326530612246,-0.6702832226653901
0.035175879396984966,1.0816326530612246,-0.6657855272718837
0.045226130653266416,1.0816326530612246,-0.6619602803669075
0.055276381909547645,1.0816326530612246,-0.6585173816229459
0.0653266331658291,1.0816326530612246,-0.6540601556278367
0.07537688442211055,1.0816326530612246,-0.6484327006768444
0.085427135678392,1.0816326530612246,-0.6419446804729649
0.09547738693467345,1.0816326530612246,-0.6349936651773379
0.1055276381909549,1.0816326530612246,-0.6279392830067794
0.11557788944723613,1.0816326530612246,-0.6210350187140803
0.12562814070351758,1.0816326530612246,-0.6143881613609472
0.13567839195979903,1.0816326530612246,-0.6079667623226376
0.14572864321608048,1.0816326530612246,-0.6016540006626726
0.15577889447236193,1.0816326530612246,-0.5953201392777878
0.16582914572864316,1.0816326530612246,-0.5888743372448397
0.1758793969849246,1.0816326530612246,-0.5822789532257624
0.18592964824120606,1.0816326530612246,-0.5755361767552609
0.1959798994974875,1.0816326530612246,-0.5686671734407593
0.20603015075376896,1.0816326530612246,-0.5616965134269245
0.2160804020100502,1.0816326530612246,-0.5546442692222755
0.22613065326633164,1.0816326530612246,-0.547523655588645
0.2361809045226131,1.0816326530612246,-0.5403418606610896
0.24623115577889454,1.0816326530612246,-0.5331023391758591
0.256281407035176,1.0816326530612246,-0.5258073050243668
0.2663316582914572,1.0816326530612246,-0.5184596383751952
0.27638190954773867,1.0816326530612246,-0.5110639233062255
0.2864321608040201,1.0816326530612246,-0.5036267004452915
0.29648241206030157,1.0816326530612246,-0.49615618666203415
0.306532663316583,1.0816326530612246,-0.4886617258976636
0.31658291457286425,1.0816326530612246,-0.48115317199378577
0.3266331658291457,1.0816326530612246,-0.473640326000185
0.33668341708542715,1.0816326530612246,-0.46613248603267854
0.3467336683417086,1.0816326530612246,-0.4586381248476875
0.35678391959799005,1.0816326530612246,-0.4511646862178056
0.3668341708542713,1.0816326530612246,-0.4437184803265195
0.37688442211055273,1.0816326530612246,-0.4363046555582212
0.3869346733668342,1.0816326530612246,-0.42892722546140777
0.39698492462311563,1.0816326530612246,-0.4215891329086802
0.4070351758793971,1.0816326530612246,-0.41429233719849917
0.4170854271356783,1.0816326530612246,-0.40703791334665207
0.42713567839195976,1.0816326530612246,-0.39982615580665437
0.4371859296482412,1.0816326530612246,-0.39265668126377057
0.44723618090452266,1.0816326530612246,-0.38552852700052875
0.4572864321608041,1.0816326530612246,-0.37844024271104704
0.46733668341708534,1.0816326530612246,-0.3713899746365334
0.4773869346733668,1.0816326530612246,-0.364375541589407
0.48743718592964824,1.0816326530612246,-0.3573945029011435
0.4974874371859297,1.0816326530612246,-0.35044421862855024
0.5075376884422111,1.0816326530612246,-0.34352190253123327
0.5175879396984926,1.0816326530612246,-0.3366246684255023
0.5276381909547738,1.0816326530612246,-0.32974957055362586
0.5376884422110553,1.0816326530612246,-0.3228936386021245
0.5477386934673367,1.0816326530612246,-0.31605390797299915
0.5577889447236182,1.0816326530612246,-0.30922744586768147
0.5678391959798996,1.0816326530612246,-0.30241137369219745
0.5778894472361809,1.0816326530612246,-0.29560288623832764
0.5879396984924623,1.0816326530612246,-0.28879926804271006
0.5979899497487438,1.0816326530612246,-0.2819979072757359
0.6080402010050252,1.0816326530612246,-0.2751963074659248
0.6180904522613067,1.0816326530612246,-0.2683920973238208
0.6281407035175879,1.0816326530612246,-0.26158303889238876
0.6381909547738693,1.0816326530612246,-0.2547670342184548
0.6482412060301508,1.0816326530612246,-0.24794213071156856
0.6582914572864322,1.0816326530612246,-0.24110652533245328
0.6683417085427137,1.0816326530612246,-0.23425856773263334
0.6783919597989949,1.0816326530612246,-0.22739676244937695
0.6884422110552764,1.0816326530612246,-0.22051977024550992
0.6984924623115578,1.0816326530612246,-0.21362640867145935
0.7085427135678393,1.0816326530612246,-0.20671565191682575
0.7185929648241207,1.0816326530612246,-0.19978663001052208
0.728643216080402,1.0816326530612246,-0.19283862742175198
0.7386934673366834,1.0816326530612246,-0.18587108110869638
0.7487437185929648,1.0816326530612246,-0.17888357805735905
0.7587939698492463,1.0816326530612246,-0.17187585234959074
0.7688442211055277,1.0816326530612246,-0.16484778179655554
0.778894472361809,1.0816326530612246,-0.15779938417179182
0.7889447236180904,1.0816326530612246,-0.15073081307637934
0.7989949748743719,1.0816326530612246,-0.14364235346745907
0.8090452261306533,1.0816326530612246,-0.13653441688042664
0.8190954773869348,1.0816326530612246,-0.12940753637439206
0.829145728643216,1.0816326530612246,-0.12226236122993361
0.8391959798994975,1.0816326530612246,-0.11509965142777923
0.8492462311557789,1.0816326530612246,-0.10792027193665091
0.8592964824120604,1.0816326530612246,-0.1007251868382065
0.8693467336683418,1.0816326530612246,-0.09351545331668029
0.879396984924623,1.0816326530612246,-0.0862922155405059
0.8894472361809045,1.0816326530612246,-0.0790566984627877
0.8994974874371859,1.0816326530612246,-0.07181020156708365
0.9095477386934674,1.0816326530612246,-0.06455409258441672
0.9195979899497488,1.0816326530612246,-0.05728980120686561
0.9296482412060301,1.0816326530612246,-0.05001881282237952
0.9396984924623115,1.0816326530612246,-0.042742662294695366
0.949748743718593,1.0816326530612246,-0.0354629278113722
0.9597989949748744,1.0816326530612246,-0.02818122482196944
0.9698492462311559,1.0816326530612246,-0.020899200087358738
0.9798994974874373,1.0816326530612246,-0.013618525860009528
0.9899497487437185,1.0816326530612246,-0.006340894213842679
1.0,1.0816326530612246,0.0009319884590209271
-1.0,1.0918367346938775,0.010847558401495455
-0.9899497487437185,1.0918367346938775,0.017272895162255303
-0.9798994974874372,1.0918367346938775,0.02371721545688729
-0.9698492462311558,1.0918367346938775,0.03018116390232589
-0.9597989949748744,1.0918367346938775,0.036665405879834245
-0.949748743718593,1.0918367346938775,0.04317062175129005
-0.9396984924623115,1.0918367346938775,0.04969750074399262
-0.9296482412060302,1.0918367346938775,0.05624673453734419
-0.9195979899497487,1.0918367346938775,0.06281901058898232
-0.9095477386934674,1.0918367346938775,0.06941500524187685
-0.8994974874371859,1.0918367346938775,0.07603537665739835
-0.8894472361809045,1.0918367346938775,0.08268075762230154
-0.8793969849246231,1.0918367346938775,0.08935174827991324
-0.8693467336683417,1.0918367346938775,0.09604890883734626
-0.8592964824120604,1.0918367346938775,0.1027727523013332
-0.8492462311557789,1.0918367346938775,0.10952373729505324
-0.8391959798994975,1.0918367346938775,0.11630226100720231
-0.8291457286432161,1.0918367346938775,0.12310865232238333
-0.8190954773869347,1.0918367346938775,0.12994316517868243
-0.8090452261306533,1.0918367346938775,0.13680597219407087
-0.7989949748743719,1.0918367346938775,0.1436971585980621
-0.7889447236180904,1.0918367346938775,0.1506167164988515
-0.778894472361809,1.0918367346938775,0.15756453950912996
-0.7688442211055276,1.0918367346938775,0.16454041774594558
-0.7587939698492463,1.0918367346938775,0.17154403321145995
-0.7487437185929648,1.0918367346938775,0.17857495555242953
-0.7386934673366834,1.0918367346938775,0.18563263818672376
-0.728643216080402,1.0918367346938775,0.19271641477543477
-0.7185929648241206,1.0918367346938775,0.19982549600917
-0.7085427135678393,1.0918367346938775,0.20695896666713381
-0.6984924623115578,1.0918367346938775,0.2141157828976516
-0.6884422110552764,1.0918367346938775,0.22129476965912998
-0.6783919597989949,1.0918367346938775,0.22849461825102169
-0.6683417085427136,1.0918367346938775,0.2357138838555647
-0.6582914572864322,1.0918367346938775,0.2429509830028433
-0.6482412060301508,1.0918367346938775,0.2502041908645516
-0.6381909547738693,1.0918367346938775,0.2574716382758637
-0.6281407035175879,1.0918367346938775,0.2647513083806206
-0.6180904522613065,1.0918367346938775,0.2720410327931675
-0.6080402010050251,1.0918367346938775,0.27933848717144194
-0.5979899497487438,1.0918367346938775,0.28664118610147704
-0.5879396984924623,1.0918367346938775,0.2939464772048367
-0.5778894472361809,1.0918367346938775,0.3012515343995418
-0.5678391959798995,1.0918367346938775,0.308553350274526
-0.5577889447236181,1.0918367346938775,0.31584872758073007
-0.5477386934673367,1.0918367346938775,0.32313426990302374
-0.5376884422110553,1.0918367346938775,0.33040637166131376
-0.5276381909547738,1.0918367346938775,0.33766120770285946
-0.5175879396984925,1.0918367346938775,0.3448947228981387
-0.507537688442211,1.0918367346938775,0.3521026223475385
-0.4974874371859297,1.0918367346938775,0.35928036305351313
-0.48743718592964824,1.0918367346938775,0.3664231482192093
-0.4773869346733668,1.0918367346938775,0.3735259257030983
-0.46733668341708545,1.0918367346938775,0.3805833925866662
-0.457286432160804,1.0918367346938775,0.3875900082846009
-0.44723618090452255,1.0918367346938775,0.3945400191137103
-0.4371859296482412,1.0918367346938775,0.4014274976844098
-0.42713567839195976,1.0918367346938775,0.40824640080408403
-0.4170854271356784,1.0918367346938775,0.4149906496693446
-0.40703517587939697,1.0918367346938775,0.42165423583039496
-0.3969849246231155,1.0918367346938775,0.4282313555845245
-0.3869346733668342,1.0918367346938775,0.4347165739878557
-0.37688442211055273,1.0918367346938775,0.44110501758774945
-0.3668341708542714,1.0918367346938775,0.44739259257019226
-0.35678391959798994,1.0918367346938775,0.45357622304528666
-0.3467336683417085,1.0918367346938775,0.4596541040579133
-0.33668341708542715,1.0918367346938775,0.46562596768930653
-0.3266331658291457,1.0918367346938775,0.4714933707300969
-0.31658291457286436,1.0918367346938775,0.4772600305650643
-0.3065326633165829,1.0918367346938775,0.48293226107533216
-0.29648241206030146,1.0918367346938775,0.4885195859362611
-0.2864321608040201,1.0918367346938775,0.49403561820894215
-0.27638190954773867,1.0918367346938775,0.49949927124578875
-0.26633165829145733,1.0918367346938775,0.5049362860941995
-0.2562814070351759,1.0918367346938775,0.5103809202618936
-0.24623115577889443,1.0918367346938775,0.5158774699255125
-0.2361809045226131,1.0918367346938775,0.5214811557588457
-0.22613065326633164,1.0918367346938775,0.5272578644765903
-0.2160804020100502,1.0918367346938775,0.533282336573467
-0.20603015075376885,1.0918367346938775,0.5396345778827714
-0.1959798994974874,1.0918367346938775,0.546394433833701
-0.18592964824120606,1.0918367346938775,0.5536342935321712
-0.1758793969849246,1.0918367346938775,0.5614097709474908
-0.16582914572864316,1.0918367346938775,0.5697480423232054
-0.15577889447236182,1.0918367346938775,0.5786334544024362
-0.14572864321608037,1.0918367346938775,0.5879901684175818
-0.13567839195979903,1.0918367346938775,0.5976620264172136
-0.12562814070351758,1.0918367346938775,0.6073907223817937
-0.11557788944723613,1.0918367346938775,0.616795692245306
-0.10552763819095479,1.0918367346938775,0.625365932202145
-0.09547738693467334,1.0918367346938775,0.6324922840241748
-0.085427135678392,1.0918367346938775,0.6376092623043804
-0.07537688442211055,1.0918367346938775,0.6405727317490727
-0.0653266331658291,1.0918367346938775,0.6423626101310137
-0.055276381909547756,1.0918367346938775,0.645690311629706
-0.045226130653266305,1.0918367346938775,0.6538786549680768
-0.035175879396984966,1.0918367346938775,0.6664248432820873
-0.025125628140703515,1.0918367346938775,0.672025164475961
-0.015075376884422065,1.0918367346938775,0.624574660311258
-0.005025125628140725,1.0918367346938775,0.3014295534246434
0.005025125628140614,1.0918367346938775,-0.3560102059871425
0.015075376884422065,1.0918367346938775,-0.6376722029417216
0.025125628140703515,1.0918367346938775,-0.6668868444467471
0.035175879396984966,1.0918367346938775,-0.661571456163504
0.045226130653266416,1.0918367346938775,-0.6575079186005519
0.055276381909547645,1.0918367346938775,-0.6541980288235576
0.0653266331658291,1.0918367346938775,-0.6499836568662009
0.07537688442211055,1.0918367346938775,-0.644568783148486
0.085427135678392,1.0918367346938775,-0.6382090727632381
0.09547738693467345,1.0918367346938775,-0.6312917877140383
0.1055276381909549,1.0918367346938775,-0.6241920063789956
0.11557788944723613,1.0918367346938775,-0.6171956638867542
0.12562814070351758,1.0918367346938775,-0.6104483058223573
0.13567839195979903,1.0918367346938775,-0.6039482518979933
0.14572864321608048,1.0918367346938775,-0.5975911830255364
0.15577889447236193,1.0918367346938775,-0.5912419978721516
0.16582914572864316,1.0918367346938775,-0.584795188532313
0.1758793969849246,1.0918367346938775,-0.5781994946607698
0.18592964824120606,1.0918367346938775,-0.5714503208783062
0.1959798994974875,1.0918367346938775,-0.5645689699651366
0.20603015075376896,1.0918367346938775,-0.5575841912621385
0.2160804020100502,1.0918367346938775,-0.5505212365424219
0.22613065326633164,1.0918367346938775,-0.5433975225140059
0.2361809045226131,1.0918367346938775,-0.5362226409983886
0.24623115577889454,1.0918367346938775,-0.5290006626397061
0.256281407035176,1.0918367346938775,-0.5217330777151306
0.2663316582914572,1.0918367346938775,-0.5144212671069912
0.27638190954773867,1.0918367346938775,-0.5070680247269023
0.2864321608040201,1.0918367346938775,-0.49967814200400484
0.29648241206030157,1.0918367346938775,-0.4922583106323668
0.306532663316583,1.0918367346938775,-0.48481664521794576
0.31658291457286425,1.0918367346938775,-0.47736206857545876
0.3266331658291457,1.0918367346938775,-0.46990371551388077
0.33668341708542715,1.0918367346938775,-0.4624504353314881
0.3467336683417086,1.0918367346938775,-0.45501042093504995
0.35678391959799005,1.0918367346938775,-0.4475909619206875
0.3668341708542713,1.0918367346938775,-0.44019830414405325
0.37688442211055273,1.0918367346938775,-0.43283759333232047
0.3869346733668342,1.0918367346938775,-0.4255128806946991
0.39698492462311563,1.0918367346938775,-0.41822717138294396
0.4070351758793971,1.0918367346938775,-0.41098250035744777
0.4170854271356783,1.0918367346938775,-0.4037800238501108
0.42713567839195976,1.0918367346938775,-0.3966201177890972
0.4371859296482412,1.0918367346938775,-0.38950247713883357
0.44723618090452266,1.0918367346938775,-0.38242621212324757
0.4572864321608041,1.0918367346938775,-0.37538993881298
0.46733668341708534,1.0918367346938775,-0.36839186265787127
0.4773869346733668,1.0918367346938775,-0.36142985432234
0.48743718592964824,1.0918367346938775,-0.35450151771006166
0.4974874371859297,1.0918367346938775,-0.3476042504092085
0.5075376884422111,1.0918367346938775,-0.3407352970006037
0.5175879396984926,1.0918367346938775,-0.33389179578728023
0.5276381909547738,1.0918367346938775,-0.32707081955442086
0.5376884422110553,1.0918367346938775,-0.320269410975096
0.5477386934673367,1.0918367346938775,-0.31348461325538735
0.5577889447236182,1.0918367346938775,-0.3067134965736715
0.5678391959798996,1.0918367346938775,-0.299953180820944
0.5778894472361809,1.0918367346938775,-0.29320085509742033
0.5879396984924623,1.0918367346938775,-0.286453794368989
0.5979899497487438,1.0918367346938775,-0.27970937363749726
0.6080402010050252,1.0918367346938775,-0.2729650799329108
0.6180904522613067,1.0918367346938775,-0.2662185223935253
0.6281407035175879,1.0918367346938775,-0.259467440663237
0.6381909547738693,1.0918367346938775,-0.25270971180201585
0.6482412060301508,1.0918367346938775,-0.24594335587727217
0.6582914572864322,1.0918367346938775,-0.23916654037926438
0.6683417085427137,1.0918367346938775,-0.2323775835827974
0.6783919597989949,1.0918367346938775,-0.22557495695975385
0.6884422110552764,1.0918367346938775,-0.21875728673217337
0.6984924623115578,1.0918367346938775,-0.21192335464323608
0.7085427135678393,1.0918367346938775,-0.20507209801327037
0.7185929648241207,1.0918367346938775,-0.1982026091395403
0.728643216080402,1.0918367346938775,-0.19131413409175357
0.7386934673366834,1.0918367346938775,-0.18440607094970266
0.7487437185929648,1.0918367346938775,-0.17747796752509792
0.7587939698492463,1.0918367346938775,-0.17052951860611548
0.7688442211055277,1.0918367346938775,-0.16356056276052997
0.778894472361809,1.0918367346938775,-0.1565710787311121
0.7889447236180904,1.0918367346938775,-0.1495611814554454
0.7989949748743719,1.0918367346938775,-0.14253111774104185
0.8090452261306533,1.0918367346938775,-0.13548126162575674
0.8190954773869348,1.0918367346938775,-0.12841210945283177
0.829145728643216,1.0918367346938775,-0.12132427468938592
0.8391959798994975,1.0918367346938775,-0.1142184825167987
0.8492462311557789,1.0918367346938775,-0.10709556422112254
0.8592964824120604,1.0918367346938775,-0.09995645141137025
0.8693467336683418,1.0918367346938775,-0.09280217009328315
0.879396984924623,1.0918367346938775,-0.08563383462585258
0.8894472361809045,1.0918367346938775,-0.07845264158756865
0.8994974874371859,1.0918367346938775,-0.07125986357894784
0.9095477386934674,1.0918367346938775,-0.06405684298742487
0.9195979899497488,1.0918367346938775,-0.05684498574014121
0.9296482412060301,1.0918367346938775,-0.04962575506950681
0.9396984924623115,1.0918367346938775,-0.04240066531567879
0.949748743718593,1.0918367346938775,-0.035171275789252054
0.9597989949748744,1.0918367346938775,-0.027939184716507
0.9698492462311559,1.0918367346938775,-0.02070602328855939
0.9798994974874373,1.0918367346938775,-0.013473449834587897
0.9899497487437185,1.0918367346938775,-0.006243144138145501
1.0,1.0918367346938775,0.0009831980857530898
-1.0,1.1020408163265305,0.011452789662693058
-0.9899497487437185,1.1020408163265305,0.01781826763952646
-0.9798994974874372,1.1020408163265305,0.024202338250119082
-0.9698492462311558,1.1020408163265305,0.03060566311457172
-0.9597989949748744,1.1020408163265305,0.03702892451693182
-0.949748743718593,1.1020408163265305,0.04347281971377365
-0.9396984924623115,1.1020408163265305,0.04993805492831774
-0.9296482412060302,1.1020408163265305,0.05642533906401581
-0.9195979899497487,1.1020408163265305,0.06293537717575959
-0.9095477386934674,1.1020408163265305,0.06946886374068637
-0.8994974874371859,1.1020408163265305,0.07602647577397956
-0.8894472361809045,1.1020408163265305,0.08260886583787785
-0.8793969849246231,1.1020408163265305,0.08921665499429643
-0.8693467336683417,1.1020408163265305,0.09585042575285191
-0.8592964824120604,1.1020408163265305,0.1025107150665591
-0.8492462311557789,1.1020408163265305,0.10919800742702956
-0.8391959798994975,1.1020408163265305,0.11591272810946718
-0.8291457286432161,1.1020408163265305,0.12265523661513444
-0.8190954773869347,1.1020408163265305,0.12942582035519934
-0.8090452261306533,1.1020408163265305,0.1362246886149756
-0.7989949748743719,1.1020408163265305,0.14305196683149574
-0.7889447236180904,1.1020408163265305,0.14990769121023584
-0.778894472361809,1.1020408163265305,0.15679180369861145
-0.7688442211055276,1.1020408163265305,0.16370414732474892
-0.7587939698492463,1.1020408163265305,0.17064446190005716
-0.7487437185929648,1.1020408163265305,0.17761238007346342
-0.7386934673366834,1.1020408163265305,0.18460742371389216
-0.728643216080402,1.1020408163265305,0.19162900058591936
-0.7185929648241206,1.1020408163265305,0.19867640127159758
-0.7085427135678393,1.1020408163265305,0.2057487962794296
-0.6984924623115578,1.1020408163265305,0.21284523326957738
-0.6884422110552764,1.1020408163265305,0.21996463431277968
-0.6783919597989949,1.1020408163265305,0.2271057930894037
-0.6683417085427136,1.1020408163265305,0.23426737192471447
-0.6582914572864322,1.1020408163265305,0.24144789854727183
-0.6482412060301508,1.1020408163265305,0.2486457624494942
-0.6381909547738693,1.1020408163265305,0.255859210723535
-0.6281407035175879,1.1020408163265305,0.2630863432420576
-0.6180904522613065,1.1020408163265305,0.2703251070531078
-0.6080402010050251,1.1020408163265305,0.2775732898619704
-0.5979899497487438,1.1020408163265305,0.28482851248181706
-0.5879396984924623,1.1020408163265305,0.2920882201507818
-0.5778894472361809,1.1020408163265305,0.2993496726377902
-0.5678391959798995,1.1020408163265305,0.30660993309572504
-0.5577889447236181,1.1020408163265305,0.31386585567168046
-0.5477386934673367,1.1020408163265305,0.32111407195432884
-0.5376884422110553,1.1020408163265305,0.3283509764330006
-0.5276381909547738,1.1020408163265305,0.33557271126798704
-0.5175879396984925,1.1020408163265305,0.3427751508338792
-0.507537688442211,1.1020408163265305,0.34995388670463484
-0.4974874371859297,1.1020408163265305,0.35710421400779163
-0.48743718592964824,1.1020408163265305,0.3642211203909451
-0.4773869346733668,1.1020408163265305,0.37129927921791794
-0.46733668341708545,1.1020408163265305,0.3783330490394653
-0.457286432160804,1.1020408163265305,0.38531648184710665
-0.44723618090452255,1.1020408163265305,0.39224334308552045
-0.4371859296482412,1.1020408163265305,0.3991071468134306
-0.42713567839195976,1.1020408163265305,0.4059012096830915
-0.4170854271356784,1.1020408163265305,0.41261872744609107
-0.40703517587939697,1.1020408163265305,0.4192528773640837
-0.3969849246231155,1.1020408163265305,0.4257969490966871
-0.3869346733668342,1.1020408163265305,0.4322445053180445
-0.37688442211055273,1.1020408163265305,0.43858957161671663
-0.3668341708542714,1.1020408163265305,0.44482685362139374
-0.35678391959798994,1.1020408163265305,0.4509519787216433
-0.3467336683417085,1.1020408163265305,0.45696176178707537
-0.33668341708542715,1.1020408163265305,0.4628545010218257
-0.3266331658291457,1.1020408163265305,0.46863032357194767
-0.31658291457286436,1.1020408163265305,0.4742916213791668
-0.3065326633165829,1.1020408163265305,0.4798436430172358
-0.29648241206030146,1.1020408163265305,0.48529532746519133
-0.2864321608040201,1.1020408163265305,0.49066046383548567
-0.27638190954773867,1.1020408163265305,0.4959592150949881
-0.26633165829145733,1.1020408163265305,0.5012199373596463
-0.2562814070351759,1.1020408163265305,0.5064810649008312
-0.24623115577889443,1.1020408163265305,0.5117926556749538
-0.2361809045226131,1.1020408163265305,0.5172170746462659
-0.22613065326633164,1.1020408163265305,0.5228283001560676
-0.2160804020100502,1.1020408163265305,0.5287094846272553
-0.20603015075376885,1.1020408163265305,0.5349486136064423
-0.1959798994974874,1.1020408163265305,0.5416322624114422
-0.18592964824120606,1.1020408163265305,0.5488374538211981
-0.1758793969849246,1.1020408163265305,0.556621485021729
-0.16582914572864316,1.1020408163265305,0.5650094368225854
-0.15577889447236182,1.1020408163265305,0.5739790532155884
-0.14572864321608037,1.1020408163265305,0.5834428743408772
-0.13567839195979903,1.1020408163265305,0.593227949656534
-0.12562814070351758,1.1020408163265305,0.6030543387549007
-0.11557788944723613,1.1020408163265305,0.6125159070429368
-0.10552763819095479,1.1020408163265305,0.6210737602388904
-0.09547738693467334,1.1020408163265305,0.6280913211296953
-0.085427135678392,1.1020408163265305,0.6329816351487763
-0.07537688442211055,1.1020408163265305,0.635597188914246
-0.0653266331658291,1.1020408163265305,0.6369593578258899
-0.055276381909547756,1.1020408163265305,0.6399115684982452
-0.045226130653266305,1.1020408163265305,0.6480072896415522
-0.035175879396984966,1.1020408163265305,0.6608267778493768
-0.025125628140703515,1.1020408163265305,0.6664487247906288
-0.015075376884422065,1.1020408163265305,0.6170152425756226
-0.005025125628140725,1.1020408163265305,0.2910830082677405
0.005025125628140614,1.1020408163265305,-0.35818745350747627
0.015075376884422065,1.1020408163265305,-0.6357786648711494
0.025125628140703515,1.1020408163265305,-0.6637540178875475
0.035175879396984966,1.1020408163265305,-0.6575165483988887
0.045226130653266416,1.1020408163265305,-0.6531324236521134
0.055276381909547645,1.1020408163265305,-0.6499092978259914
0.0653266331658291,1.1020408163265305,-0.6459233841578665
0.07537688442211055,1.1020408163265305,-0.6407284432055913
0.085427135678392,1.1020408163265305,-0.6345159093698034
0.09547738693467345,1.1020408163265305,-0.6276534482473033
0.1055276381909549,1.1020408163265305,-0.6205238224944172
0.11557788944723613,1.1020408163265305,-0.6134405774766896
0.12562814070351758,1.1020408163265305,-0.6065869528244956
0.13567839195979903,1.1020408163265305,-0.5999951453236755
0.14572864321608048,1.1020408163265305,-0.5935790447236512
0.15577889447236193,1.1020408163265305,-0.5872030031760577
0.16582914572864316,1.1020408163265305,-0.580748788501038
0.1758793969849246,1.1020408163265305,-0.5741506864399267
0.18592964824120606,1.1020408163265305,-0.5673952177788699
0.1959798994974875,1.1020408163265305,-0.5605019415511964
0.20603015075376896,1.1020408163265305,-0.5535027850229242
0.2160804020100502,1.1020408163265305,-0.5464280107230636
0.22613065326633164,1.1020408163265305,-0.5392995584494668
0.2361809045226131,1.1020408163265305,-0.5321298904307855
0.24623115577889454,1.1020408163265305,-0.524924083550923
0.256281407035176,1.1020408163265305,-0.5176831300157438
0.2663316582914572,1.1020408163265305,-0.5104069761864916
0.27638190954773867,1.1020408163265305,-0.5030965759607605
0.2864321608040201,1.1020408163265305,-0.4957548594384211
0.29648241206030157,1.1020408163265305,-0.4883868599265253
0.306532663316583,1.1020408163265305,-0.480999334445413
0.31658291457286425,1.1020408163265305,-0.47360016474168065
0.3266331658291457,1.1020408163265305,-0.4661977321243418
0.33668341708542715,1.1020408163265305,-0.4588003721756616
0.3467336683417086,1.1020408163265305,-0.451415952601495
0.35678391959799005,1.1020408163265305,-0.44405157940139767
0.3668341708542713,1.1020408163265305,-0.4367134170487118
0.37688442211055273,1.1020408163265305,-0.4294066007974654
0.3869346733668342,1.1020408163265305,-0.4221352183754147
0.39698492462311563,1.1020408163265305,-0.41490234073180954
0.4070351758793971,1.1020408163265305,-0.40771008513687657
0.4170854271356783,1.1020408163265305,-0.40055969768072963
0.42713567839195976,1.1020408163265305,-0.39345164557858203
0.4371859296482412,1.1020408163265305,-0.38638571247108233
0.44723618090452266,1.1020408163265305,-0.37936109209799346
0.4572864321608041,1.1020408163265305,-0.37237647738210244
0.46733668341708534,1.1020408163265305,-0.3654301431773559
0.4773869346733668,1.1020408163265305,-0.35852002180166276
0.48743718592964824,1.1020408163265305,-0.3516437710718478
0.4974874371859297,1.1020408163265305,-0.3447988349537672
0.5075376884422111,1.1020408163265305,-0.33798249718881335
0.5175879396984926,1.1020408163265305,-0.33119192840095246
0.5276381909547738,1.1020408163265305,-0.3244242272579929
0.5376884422110553,1.1020408163265305,-0.31767645628053287
0.5477386934673367,1.1020408163265305,-0.3109456728793847
0.5577889447236182,1.1020408163265305,-0.3042289561696462
0.5678391959798996,1.1020408163265305,-0.2975234300656243
0.5778894472361809,1.1020408163265305,-0.2908262831117567
0.5879396984924623,1.1020408163265305,-0.2841347854543818
0.5979899497487438,1.1020408163265305,-0.2774463033104102
0.6080402010050252,1.1020408163265305,-0.2707583112432125
0.6180904522613067,1.1020408163265305,-0.26406840251422836
0.6281407035175879,1.1020408163265305,-0.25737429774133014
0.6381909547738693,1.1020408163265305,-0.25067385206188886
0.6482412060301508,1.1020408163265305,-0.24396506096965223
0.6582914572864322,1.1020408163265305,-0.23724606496968503
0.6683417085427137,1.1020408163265305,-0.2305151531743811
0.6783919597989949,1.1020408163265305,-0.223770765945586
0.6884422110552764,1.1020408163265305,-0.21701149667278846
0.6984924623115578,1.1020408163265305,-0.21023609276475402
0.7085427135678393,1.1020408163265305,-0.20344345592160612
0.7185929648241207,1.1020408163265305,-0.1966326417458538
0.728643216080402,1.1020408163265305,-0.18980285874393898
0.7386934673366834,1.1020408163265305,-0.18295346676433039
0.7487437185929648,1.1020408163265305,-0.1760839749137375
0.7587939698492463,1.1020408163265305,-0.16919403898954624
0.7688442211055277,1.1020408163265305,-0.16228345846382966
0.778894472361809,1.1020408163265305,-0.1553521730522177
0.7889447236180904,1.1020408163265305,-0.1484002588993184
0.7989949748743719,1.1020408163265305,-0.14142792441120952
0.8090452261306533,1.1020408163265305,-0.13443550576464972
0.8190954773869348,1.1020408163265305,-0.12742346212204075
0.829145728643216,1.1020408163265305,-0.12039237058072241
0.8391959798994975,1.1020408163265305,-0.11334292088484155
0.8492462311557789,1.1020408163265305,-0.10627590992778752
0.8592964824120604,1.1020408163265305,-0.09919223607296326
0.8693467336683418,1.1020408163265305,-0.09209289332043397
0.879396984924623,1.1020408163265305,-0.08497896534675514
0.8894472361809045,1.1020408163265305,-0.07785161944500216
0.8994974874371859,1.1020408163265305,-0.0707121003916466
0.9095477386934674,1.1020408163265305,-0.0635617242665214
0.9195979899497488,1.1020408163265305,-0.056401872251587354
0.9296482412060301,1.1020408163265305,-0.049233984433598166
0.9396984924623115,1.1020408163265305,-0.042059553635063696
0.949748743718593,1.1020408163265305,-0.03488011929710022
0.9597989949748744,1.1020408163265305,-0.027697261436836512
0.9698492462311559,1.1020408163265305,-0.020512594701046105
0.9798994974874373,1.1020408163265305,-0.013327762536578053
0.9899497487437185,1.1020408163265305,-0.006144431496948183
1.0,1.1020408163265305,0.001035714296784146
-1.0,1.1122448979591837,0.012074673041740813
-0.9899497487437185,1.1122448979591837,0.018380916763784977
-0.9798994974874372,1.1122448979591837,0.02470538576230638
-0.9698492462311558,1.1122448979591837,0.03104875872849272
-0.9597989949748744,1.1122448979591837,0.037411734893381315
-0.949748743718593,1.1122448979591837,0.043795028429994054
-0.9396984924623115,1.1122448979591837,0.05019936255782764
-0.9296482412060302,1.1122448979591837,0.05662546338419672
-0.9195979899497487,1.1122448979591837,0.06307405352103848
-0.9095477386934674,1.1122448979591837,0.06954584551954981
-0.8994974874371859,1.1122448979591837,0.07604153516832413
-0.8894472361809045,1.1122448979591837,0.08256179470339209
-0.8793969849246231,1.1122448979591837,0.08910726598056706
-0.8693467336683417,1.1122448979591837,0.0956785536617277
-0.8592964824120604,1.1122448979591837,0.1022762184669273
-0.8492462311557789,1.1122448979591837,0.10890077054349212
-0.8391959798994975,1.1122448979591837,0.11555266300136258
-0.8291457286432161,1.1122448979591837,0.12223228566091504
-0.8190954773869347,1.1122448979591837,0.12893995905519418
-0.8090452261306533,1.1122448979591837,0.13567592872290013
-0.7989949748743719,1.1122448979591837,0.14244035982169362
-0.7889447236180904,1.1122448979591837,0.14923333208327294
-0.778894472361809,1.1122448979591837,0.15605483512245166
-0.7688442211055276,1.1122448979591837,0.16290476410206267
-0.7587939698492463,1.1122448979591837,0.1697829157441736
-0.7487437185929648,1.1122448979591837,0.17668898466582783
-0.7386934673366834,1.1122448979591837,0.18362256000455224
-0.728643216080402,1.1122448979591837,0.1905831222853671
-0.7185929648241206,1.1122448979591837,0.19757004046715476
-0.7085427135678393,1.1122448979591837,0.20458256909224132
-0.6984924623115578,1.1122448979591837,0.2116198454491549
-0.6884422110552764,1.1122448979591837,0.21868088664501456
-0.6783919597989949,1.1122448979591837,0.22576458647114217
-0.6683417085427136,1.1122448979591837,0.23286971193368
-0.6582914572864322,1.1122448979591837,0.23999489931055173
-0.6482412060301508,1.1122448979591837,0.24713864958753684
-0.6381909547738693,1.1122448979591837,0.2542993231200909
-0.6281407035175879,1.1122448979591837,0.2614751333644427
-0.6180904522613065,1.1122448979591837,0.26866413952234725
-0.6080402010050251,1.1122448979591837,0.2758642379496482
-0.5979899497487438,1.1122448979591837,0.28307315219084744
-0.5879396984924623,1.1122448979591837,0.2902884215218622
-0.5778894472361809,1.1122448979591837,0.297507387913188
-0.5678391959798995,1.1122448979591837,0.30472718136851773
-0.5577889447236181,1.1122448979591837,0.3119447036528227
-0.5477386934673367,1.1122448979591837,0.31915661050325134
-0.5376884422110553,1.1122448979591837,0.3263592925209394
-0.5276381909547738,1.1122448979591837,0.3335488550779381
-0.5175879396984925,1.1122448979591837,0.34072109774744974
-0.507537688442211,1.1122448979591837,0.3478714939843619
-0.4974874371859297,1.1122448979591837,0.35499517205270154
-0.48743718592964824,1.1122448979591837,0.3620868985213058
-0.4773869346733668,1.1122448979591837,0.3691410660284419
-0.46733668341708545,1.1122448979591837,0.3761516874426727
-0.457286432160804,1.1122448979591837,0.3831123990017743
-0.44723618090452255,1.1122448979591837,0.39001647545851137
-0.4371859296482412,1.1122448979591837,0.39685686064548786
-0.42713567839195976,1.1122448979591837,0.4036262171123355
-0.4170854271356784,1.1122448979591837,0.41031699848996184
-0.40703517587939697,1.1122448979591837,0.4169215478994225
-0.3969849246231155,1.1122448979591837,0.42343222498482724
-0.3869346733668342,1.1122448979591837,0.4298415630547301
-0.37688442211055273,1.1122448979591837,0.4361424566265478
-0.3668341708542714,1.1122448979591837,0.44232837900834643
-0.35678391959798994,1.1122448979591837,0.44839363055401127
-0.3467336683417085,1.1122448979591837,0.4543336225743273
-0.33668341708542715,1.1122448979591837,0.46014521156784505
-0.3266331658291457,1.1122448979591837,0.4658271149402149
-0.31658291457286436,1.1122448979591837,0.47138046206500683
-0.3065326633165829,1.1122448979591837,0.47680955821393345
-0.29648241206030146,1.1122448979591837,0.4821229514689247
-0.2864321608040201,1.1122448979591837,0.4873348750865233
-0.27638190954773867,1.1122448979591837,0.4924670688491076
-0.26633165829145733,1.1122448979591837,0.4975508521210259
-0.2562814070351759,1.1122448979591837,0.5026291450924176
-0.24623115577889443,1.1122448979591837,0.5077579659224506
-0.2361809045226131,1.1122448979591837,0.5130068460961772
-0.22613065326633164,1.1122448979591837,0.5184576617823354
-0.2160804020100502,1.1122448979591837,0.5242015655502597
-0.20603015075376885,1.1122448979591837,0.5303339287285559
-0.1959798994974874,1.1122448979591837,0.5369473434516591
-0.18592964824120606,1.1122448979591837,0.5441227104749276
-0.1758793969849246,1.1122448979591837,0.5519182926782261
-0.16582914572864316,1.1122448979591837,0.5603564790754859
-0.15577889447236182,1.1122448979591837,0.5694080230284095
-0.14572864321608037,1.1122448979591837,0.5789737563920313
-0.13567839195979903,1.1122448979591837,0.588864239902442
-0.12562814070351758,1.1122448979591837,0.5987786642098285
-0.11557788944723613,1.1122448979591837,0.6082865688509511
-0.10552763819095479,1.1122448979591837,0.6168228012748008
-0.09547738693467334,1.1122448979591837,0.6237250800223146
-0.085427135678392,1.1122448979591837,0.628386059161736
-0.07537688442211055,1.1122448979591837,0.6306538461918363
-0.0653266331658291,1.1122448979591837,0.6315860643885894
-0.055276381909547756,1.1122448979591837,0.6341483186530635
-0.045226130653266305,1.1122448979591837,0.6421188864874904
-0.035175879396984966,1.1122448979591837,0.6551772611778269
-0.025125628140703515,1.1122448979591837,0.6608133467124117
-0.015075376884422065,1.1122448979591837,0.6094445140082411
-0.005025125628140725,1.1122448979591837,0.28098251781293565
0.005025125628140614,1.1122448979591837,-0.36048289261963773
0.015075376884422065,1.1122448979591837,-0.6342270590266887
0.025125628140703515,1.1122448979591837,-0.6608932469417679
0.035175879396984966,1.1122448979591837,-0.6536290355429241
0.045226130653266416,1.1122448979591837,-0.6488385183809153
0.055276381909547645,1.1122448979591837,-0.6456511427100607
0.0653266331658291,1.1122448979591837,-0.6418746609526247
0.07537688442211055,1.1122448979591837,-0.6369036785671919
0.085427135678392,1.1122448979591837,-0.6308559414575727
0.09547738693467345,1.1122448979591837,-0.6240704897633922
0.1055276381909549,1.1122448979591837,-0.6169296187979875
0.11557788944723613,1.1122448979591837,-0.60976862970098
0.12562814070351758,1.1122448979591837,-0.6028065694182687
0.13567839195979903,1.1122448979591837,-0.5961120478544366
0.14572864321608048,1.1122448979591837,-0.5896225446168603
0.15577889447236193,1.1122448979591837,-0.5832071728161499
0.16582914572864316,1.1122448979591837,-0.5767377992920187
0.1758793969849246,1.1122448979591837,-0.5701341267623079
0.18592964824120606,1.1122448979591837,-0.5633719459090667
0.1959798994974875,1.1122448979591837,-0.5564670790531332
0.20603015075376896,1.1122448979591837,-0.5494533856372719
0.2160804020100502,1.1122448979591837,-0.5423657665354804
0.22613065326633164,1.1122448979591837,-0.5352309052803748
0.2361809045226131,1.1122448979591837,-0.5280645915256978
0.24623115577889454,1.1122448979591837,-0.5208733388713442
0.256281407035176,1.1122448979591837,-0.5136579194683627
0.2663316582914572,1.1122448979591837,-0.5064169529882779
0.27638190954773867,1.1122448979591837,-0.4991495300491404
0.2864321608040201,1.1122448979591837,-0.4918566188780755
0.29648241206030157,1.1122448979591837,-0.4845414623554375
0.306532663316583,1.1122448979591837,-0.4772093269734431
0.31658291457286425,1.1122448979591837,-0.4698669361732327
0.3266331658291457,1.1122448979591837,-0.46252182287496774
0.33668341708542715,1.1122448979591837,-0.4551817370623349
0.3467336683417086,1.1122448979591837,-0.4478541699902077
0.35678391959799005,1.1122448979591837,-0.44054600990581005
0.3668341708542713,1.1122448979591837,-0.4332633191736853
0.37688442211055273,1.1122448979591837,-0.42601121198248104
0.3869346733668342,1.1122448979591837,-0.4187938093772173
0.39698492462311563,1.1122448979591837,-0.4116142501190513
0.4070351758793971,1.1122448979591837,-0.4044747393515111
0.4170854271356783,1.1122448979591837,-0.397376620891917
0.42713567839195976,1.1122448979591837,-0.39032046250965124
0.4371859296482412,1.1122448979591837,-0.38330614653835116
0.44723618090452266,1.1122448979591837,-0.3763329605462783
0.4572864321608041,1.1122448979591837,-0.3693996846069747
0.46733668341708534,1.1122448979591837,-0.362504673057496
0.4773869346733668,1.1122448979591837,-0.3556459295977219
0.48743718592964824,1.1122448979591837,-0.3488211752571153
0.4974874371859297,1.1122448979591837,-0.34202790920743453
0.5075376884422111,1.1122448979591837,-0.33526346268972673
0.5175879396984926,1.1122448979591837,-0.3285250464969696
0.5276381909547738,1.1122448979591837,-0.3218097925448592
0.5376884422110553,1.1122448979591837,-0.31511479009810417
0.5477386934673367,1.1122448979591837,-0.3084371172174845
0.5577889447236182,1.1122448979591837,-0.3017738679673548
0.5678391959798996,1.1122448979591837,-0.2951221758840267
0.5778894472361809,1.1122448979591837,-0.28847923415934273
0.5879396984924623,1.1122448979591837,-0.28184231294523754
0.5979899497487438,1.1122448979591837,-0.27520877413723266
0.6080402010050252,1.1122448979591837,-0.2685760839494774
0.6180904522613067,1.1122448979591837,-0.26194182355217893
0.6281407035175879,1.1122448979591837,-0.2553036980046718
0.6381909547738693,1.1122448979591837,-0.2486595436839435
0.6482412060301508,1.1122448979591837,-0.2420073343793386
0.6582914572864322,1.1122448979591837,-0.23534518619888756
0.6683417085427137,1.1122448979591837,-0.22867136141116434
0.6783919597989949,1.1122448979591837,-0.2219842713283167
0.6884422110552764,1.1122448979591837,-0.21528247832050595
0.6984924623115578,1.1122448979591837,-0.20856469703927183
0.7085427135678393,1.1122448979591837,-0.20182979491670622
0.7185929648241207,1.1122448979591837,-0.19507679199871292
0.728643216080402,1.1122448979591837,-0.18830486016360387
0.7386934673366834,1.1122448979591837,-0.18151332177163243
0.7487437185929648,1.1122448979591837,-0.17470164778658206
0.7587939698492463,1.1122448979591837,-0.16786945540703999
0.7688442211055277,1.1122448979591837,-0.16101650524220582
0.778894472361809,1.1122448979591837,-0.15414269806506792
0.7889447236180904,1.1122448979591837,-0.1472480711741702
0.7989949748743719,1.1122448979591837,-0.14033279439408122
0.8090452261306533,1.1122448979591837,-0.1333971657438463
0.8190954773869348,1.1122448979591837,-0.12644160680211755
0.829145728643216,1.1122448979591837,-0.11946665779727025
0.8391959798994975,1.1122448979591837,-0.11247297245052984
0.8492462311557789,1.1122448979591837,-0.10546131259992009
0.8592964824120604,1.1122448979591837,-0.0984325426326941
0.8693467336683418,1.1122448979591837,-0.09138762375371848
0.879396984924623,1.1122448979591837,-0.08432760811711537
0.8894472361809045,1.1122448979591837,-0.07725363284820233
0.8994974874371859,1.1122448979591837,-0.07016691398247815
0.9095477386934674,1.1122448979591837,-0.06306874034802185
0.9195979899497488,1.1122448979591837,-0.05596046741718996
0.9296482412060301,1.1122448979591837,-0.0488435111529322
0.9396984924623115,1.1122448979591837,-0.04171934187436874
0.949748743718593,1.1122448979591837,-0.03458947816551253
0.9597989949748744,1.1122448979591837,-0.027455480850118924
0.9698492462311559,1.1122448979591837,-0.020318947054683067
0.9798994974874373,1.1122448979591837,-0.013181504380519682
0.9899497487437185,1.1122448979591837,-0.006044805204705905
1.0,1.1122448979591837,0.0010894788716112047
-1.0,1.1224489795918366,0.012712897596788453
-0.9899497487437185,1.1224489795918366,0.01896052548206742
-0.9798994974874372,1.1224489795918366,0.025226035459729568
-0.9698492462311558,1.1224489795918366,0.031510123370542126
-0.9597989949748744,1.1224489795918366,0.03781350545034323
-0.949748743718593,1.1224489795918366,0.044136912827167446
-0.9396984924623115,1.1224489795918366,0.05048108573740373
-0.9296482412060302,1.1224489795918366,0.056846767495957046
-0.9195979899497487,1.1224489795918366,0.06323469825940464
-0.9095477386934674,1.1224489795918366,0.06964560862482264
-0.8994974874371859,1.1224489795918366,0.07608021311013255
-0.8894472361809045,1.1224489795918366,0.08253920356441943
-0.8793969849246231,1.1224489795918366,0.08902324255856042
-0.8693467336683417,1.1224489795918366,0.09553295680750445
-0.8592964824120604,1.1224489795918366,0.10206893067559764
-0.8492462311557789,1.1224489795918366,0.10863169981534793
-0.8391959798994975,1.1224489795918366,0.11522174498777238
-0.8291457286432161,1.1224489795918366,0.12183948610904322
-0.8190954773869347,1.1224489795918366,0.12848527656329023
-0.8090452261306533,1.1224489795918366,0.13515939781529385
-0.7989949748743719,1.1224489795918366,0.1418620543491934
-0.7889447236180904,1.1224489795918366,0.14859336895040703
-0.778894472361809,1.1224489795918366,0.15535337833766666
-0.7688442211055276,1.1224489795918366,0.16214202914051978
-0.7587939698492463,1.1224489795918366,0.16895917420491557
-0.7487437185929648,1.1224489795918366,0.17580456919573817
-0.7386934673366834,1.1224489795918366,0.18267786945050646
-0.728643216080402,1.1224489795918366,0.1895786270231562
-0.7185929648241206,1.1224489795918366,0.1965062878410292
-0.7085427135678393,1.1224489795918366,0.20346018888223877
-0.6984924623115578,1.1224489795918366,0.21043955526470481
-0.6884422110552764,1.1224489795918366,0.21744349712268451
-0.6783919597989949,1.1224489795918366,0.22447100613197996
-0.6683417085427136,1.1224489795918366,0.23152095153155766
-0.6582914572864322,1.1224489795918366,0.2385920754775831
-0.6482412060301508,1.1224489795918366,0.24568298755639562
-0.6381909547738693,1.1224489795918366,0.25279215827642365
-0.6281407035175879,1.1224489795918366,0.2599179113561856
-0.6180904522613065,1.1224489795918366,0.26705841462735525
-0.6080402010050251,1.1224489795918366,0.27421166937949726
-0.5979899497487438,1.1224489795918366,0.28137549798794803
-0.5879396984924623,1.1224489795918366,0.28854752969018616
-0.5778894472361809,1.1224489795918366,0.295725184411169
-0.5678391959798995,1.1224489795918366,0.30290565458721497
-0.5577889447236181,1.1224489795918366,0.3100858850045827
-0.5477386934673367,1.1224489795918366,0.317262550757064
-0.5376884422110553,1.1224489795918366,0.3244320335416834
-0.5276381909547738,1.1224489795918366,0.3315903966586887
-0.5175879396984925,1.1224489795918366,0.3387333592676305
-0.507537688442211,1.1224489795918366,0.34585627068171887
-0.4974874371859297,1.1224489795918366,0.3529540857630769
-0.48743718592964824,1.1224489795918366,0.3600213428147298
-0.4773869346733668,1.1224489795918366,0.3670521457493878
-0.46733668341708545,1.1224489795918366,0.37404015274047997
-0.457286432160804,1.1224489795918366,0.3809785740063115
-0.44723618090452255,1.1224489795918366,0.3878601818067331
-0.4371859296482412,1.1224489795918366,0.39467733608810385
-0.42713567839195976,1.1224489795918366,0.4014220294234758
-0.4170854271356784,1.1224489795918366,0.40808595487862087
-0.40703517587939697,1.1224489795918366,0.41466060012281236
-0.3969849246231155,1.1224489795918366,0.4211373704892313
-0.3869346733668342,1.1224489795918366,0.4275077429073453
-0.37688442211055273,1.1224489795918366,0.4337634520688134
-0.3668341708542714,1.1224489795918366,0.43989671063280555
-0.35678391959798994,1.1224489795918366,0.445900468006981
-0.3467336683417085,1.1224489795918366,0.45176871898383364
-0.33668341708542715,1.1224489795918366,0.4574968860258939
-0.3266331658291457,1.1224489795918366,0.46308231801512756
-0.31658291457286436,1.1224489795918366,0.4685249716683374
-0.3065326633165829,1.1224489795918366,0.4738283621313335
-0.29648241206030146,1.1224489795918366,0.47900087198724506
-0.2864321608040201,1.1224489795918366,0.48405747275574496
-0.27638190954773867,1.1224489795918366,0.4890218211322317
-0.26633165829145733,1.1224489795918366,0.4939285404856093
-0.2562814070351759,1.1224489795918366,0.4988253142583726
-0.24623115577889443,1.1224489795918366,0.5037742644476433
-0.2361809045226131,1.1224489795918366,0.5088520410147015
-0.22613065326633164,1.1224489795918366,0.5141481498444211
-0.2160804020100502,1.1224489795918366,0.5197612651264671
-0.20603015075376885,1.1224489795918366,0.5257934992250078
-0.1959798994974874,1.1224489795918366,0.532342717148018
-0.18592964824120606,1.1224489795918366,0.5394929320546661
-0.1758793969849246,1.1224489795918366,0.5473026665990381
-0.16582914572864316,1.1224489795918366,0.5557910561847078
-0.15577889447236182,1.1224489795918366,0.5649215352974669
-0.14572864321608037,1.1224489795918366,0.5745832259237676
-0.13567839195979903,1.1224489795918366,0.5845706126581651
-0.12562814070351758,1.1224489795918366,0.5945629060288343
-0.11557788944723613,1.1224489795918366,0.6041066883673769
-0.10552763819095479,1.1224489795918366,0.6126122882433862
-0.09547738693467334,1.1224489795918366,0.6193935073791766
-0.085427135678392,1.1224489795918366,0.6238237061069669
-0.07537688442211055,1.1224489795918366,0.6257455407588514
-0.0653266331658291,1.1224489795918366,0.6262473806369518
-0.055276381909547756,1.1224489795918366,0.6284063285398578
-0.045226130653266305,1.1224489795918366,0.636218143280995
-0.035175879396984966,1.1224489795918366,0.6494778858297922
-0.025125628140703515,1.1224489795918366,0.655121478579645
-0.015075376884422065,1.1224489795918366,0.6018847339268338
-0.005025125628140725,1.1224489795918366,0.27117728460507384
0.005025125628140614,1.1224489795918366,-0.36285937782104727
0.015075376884422065,1.1224489795918366,-0.63301331822214
0.025125628140703515,1.1224489795918366,-0.6583125387753752
0.035175879396984966,1.1224489795918366,-0.649917320320743
0.045226130653266416,1.1224489795918366,-0.6446315460872737
0.055276381909547645,1.1224489795918366,-0.641424403834781
0.0653266331658291,1.1224489795918366,-0.6378336577107706
0.07537688442211055,1.1224489795918366,-0.6330869737105663
0.085427135678392,1.1224489795918366,-0.627219831744917
0.09547738693467345,1.1224489795918366,-0.620534064118762
0.1055276381909549,1.1224489795918366,-0.6134031754206133
0.11557788944723613,1.1224489795918366,-0.6061775144187153
0.12562814070351758,1.1224489795918366,-0.5991087493803329
0.13567839195979903,1.1224489795918366,-0.5923032262637273
0.14572864321608048,1.1224489795918366,-0.585726829691042
0.15577889447236193,1.1224489795918366,-0.5792590295132811
0.16582914572864316,1.1224489795918366,-0.5727654422353398
0.1758793969849246,1.1224489795918366,-0.5661518521676401
0.18592964824120606,1.1224489795918366,-0.5593818574656367
0.1959798994974875,1.1224489795918366,-0.5524655266816852
0.20603015075376896,1.1224489795918366,-0.5454371847763235
0.2160804020100502,1.1224489795918366,-0.5383357768403666
0.22613065326633164,1.1224489795918366,-0.5311928210208785
0.2361809045226131,1.1224489795918366,-0.5240278594594363
0.24623115577889454,1.1224489795918366,-0.5168493030133553
0.256281407035176,1.1224489795918366,-0.5096580335569585
0.2663316582914572,1.1224489795918366,-0.5024514987436577
0.27638190954773867,1.1224489795918366,-0.49522693381194327
0.2864321608040201,1.1224489795918366,-0.487983259772498
0.29648241206030157,1.1224489795918366,-0.48072180042745427
0.306532663316583,1.1224489795918366,-0.4734461951439991
0.31658291457286425,1.1224489795918366,-0.466161884873735
0.3266331658291457,1.1224489795918366,-0.45887545143692515
0.33668341708542715,1.1224489795918366,-0.451593979960186
0.3467336683417086,1.1224489795918366,-0.4443245276530452
0.35678391959799005,1.1224489795918366,-0.4370737256962415
0.3668341708542713,1.1224489795918366,-0.42984750958012047
0.37688442211055273,1.1224489795918366,-0.42265095875718695
0.3869346733668342,1.1224489795918366,-0.4154882220885363
0.39698492462311563,1.1224489795918366,-0.40836250646999406
0.4070351758793971,1.1224489795918366,-0.40127610925322055
0.4170854271356783,1.1224489795918366,-0.39423047896880103
0.42713567839195976,1.1224489795918366,-0.3872262925789114
0.4371859296482412,1.1224489795918366,-0.38026354068357526
0.44723618090452266,1.1224489795918366,-0.37334161468247573
0.4572864321608041,1.1224489795918366,-0.3664593918847043
0.46733668341708534,1.1224489795918366,-0.35961531604437647
0.4773869346733668,1.1224489795918366,-0.35280747187620726
0.48743718592964824,1.1224489795918366,-0.34603365286205795
0.4974874371859297,1.1224489795918366,-0.3392914221745978
0.5075376884422111,1.1224489795918366,-0.3325781668805219
0.5175879396984926,1.1224489795918366,-0.32589114579263334
0.5276381909547738,1.1224489795918366,-0.3192275314554614
0.5376884422110553,1.1224489795918366,-0.3125844468011521
0.5477386934673367,1.1224489795918366,-0.30595899702220475
0.5577889447236182,1.1224489795918366,-0.29934829719017053
0.5678391959798996,1.1224489795918366,-0.2927494961156708
0.5778894472361809,1.1224489795918366,-0.28615979690239884
0.5879396984924623,1.1224489795918366,-0.27957647460141904
0.5979899497487438,1.1224489795918366,-0.2729968913253977
0.6080402010050252,1.1224489795918366,-0.26641850913763865
0.6180904522613067,1.1224489795918366,-0.25983890098919
0.6281407035175879,1.1224489795918366,-0.2532557599395539
0.6381909547738693,1.1224489795918366,-0.24666690686288528
0.6482412060301508,1.1224489795918366,-0.24007029681211361
0.6582914572864322,1.1224489795918366,-0.23346402418779377
0.6683417085427137,1.1224489795918366,-0.22684632683662873
0.6783919597989949,1.1224489795918366,-0.22021558918596085
0.6884422110552764,1.1224489795918366,-0.21357034450493648
0.6984924623115578,1.1224489795918366,-0.20690927636995862
0.7085427135678393,1.1224489795918366,-0.20023121940132987
0.7185929648241207,1.1224489795918366,-0.1935351593291428
0.728643216080402,1.1224489795918366,-0.18682023243934126
0.7386934673366834,1.1224489795918366,-0.18008572444517204
0.7487437185929648,1.1224489795918366,-0.17333106882467092
0.7587939698492463,1.1224489795918366,-0.16655584466130313
0.7688442211055277,1.1224489795918366,-0.15975977402213068
0.778894472361809,1.1224489795918366,-0.15294271890581682
0.7889447236180904,1.1224489795918366,-0.14610467779121167
0.7989949748743719,1.1224489795918366,-0.13924578181620717
0.8090452261306533,1.1224489795918366,-0.13236629061569635
0.8190954773869348,1.1224489795918366,-0.1254665878470114
0.829145728643216,1.1224489795918366,-0.11854717643080614
0.8391959798994975,1.1224489795918366,-0.11160867353517842
0.8492462311557789,1.1224489795918366,-0.10465180533061688
0.8592964824120604,1.1224489795918366,-0.09767740154331556
0.8693467336683418,1.1224489795918366,-0.09068638983421537
0.879396984924623,1.1224489795918366,-0.08367979003104659
0.8894472361809045,1.1224489795918366,-0.07665870824044502
0.8994974874371859,1.1224489795918366,-0.06962433086693887
0.9095477386934674,1.1224489795918366,-0.06257791856529729
0.9195979899497488,1.1224489795918366,-0.0555208001522938
0.9296482412060301,1.1224489795918366,-0.04845436650339646
0.9396984924623115,1.1224489795918366,-0.04138006445929504
0.949748743718593,1.1224489795918366,-0.03429939076640173
0.9597989949748744,1.1224489795918366,-0.027213886074649585
0.9698492462311559,1.1224489795918366,-0.020125129014943316
0.9798994974874373,1.1224489795918366,-0.013034730377575438
0.9899497487437185,1.1224489795918366,-0.005944327411775335
1.0,1.1224489795918366,0.0011444217346642804
-1.0,1.1326530612244898,0.013367133352121335
-0.9899497487437185,1.1326530612244898,0.019556758633930083
-0.9798994974874372,1.1326530612244898,0.025763947572147283
-0.9698492462311558,1.1326530612244898,0.031989413245115644
-0.9597989949748744,1.1326530612244898,0.0382338889638609
-0.949748743718593,1.1326530612244898,0.04449812286584656
-0.9396984924623115,1.1326530612244898,0.05078287224429989
-0.9296482412060302,1.1326530612244898,0.05708889764847119
-0.9195979899497487,1.1326530612244898,0.06341695679413084
-0.9095477386934674,1.1326530612244898,0.06976779832717683
-0.8994974874371859,1.1326530612244898,0.07614215548629777
-0.8894472361809045,1.1326530612244898,0.08254073971310039
-0.8793969849246231,1.1326530612244898,0.08896423425983832
-0.8693467336683417,1.1326530612244898,0.09541328784569139
-0.8592964824120604,1.1326530612244898,0.10188850841239444
-0.8492462311557789,1.1326530612244898,0.10839045702870093
-0.8391959798994975,1.1326530612244898,0.1149196419906367
-0.8291457286432161,1.1326530612244898,0.12147651316060837
-0.8190954773869347,1.1326530612244898,0.12806145658314178
-0.8090452261306533,1.1326530612244898,0.13467478940824928
-0.7989949748743719,1.1326530612244898,0.14131675514514636
-0.7889447236180904,1.1326530612244898,0.14798751925925202
-0.778894472361809,1.1326530612244898,0.15468716511412856
-0.7688442211055276,1.1326530612244898,0.1614156902473216
-0.7587939698492463,1.1326530612244898,0.168173002955036
-0.7487437185929648,1.1326530612244898,0.17495891914536454
-0.7386934673366834,1.1326530612244898,0.18177315940352967
-0.728643216080402,1.1326530612244898,0.18861534619555304
-0.7185929648241206,1.1326530612244898,0.19548500111910255
-0.7085427135678393,1.1326530612244898,0.20238154209238668
-0.6984924623115578,1.1326530612244898,0.2093042803541083
-0.6884422110552764,1.1326530612244898,0.21625241713008347
-0.6783919597989949,1.1326530612244898,0.223225039805641
-0.6683417085427136,1.1326530612244898,0.23022111742781437
-0.6582914572864322,1.1326530612244898,0.2372394953481905
-0.6482412060301508,1.1326530612244898,0.24427888880681814
-0.6381909547738693,1.1326530612244898,0.25133787525046136
-0.6281407035175879,1.1326530612244898,0.25841488517574573
-0.6180904522613065,1.1326530612244898,0.2655081912903225
-0.6080402010050251,1.1326530612244898,0.27261589579442014
-0.5979899497487438,1.1326530612244898,0.2797359156025966
-0.5879396984924623,1.1326530612244898,0.2868659653530351
-0.5778894472361809,1.1326530612244898,0.2940035380916254
-0.5678391959798995,1.1326530612244898,0.30114588357328087
-0.5577889447236181,1.1326530612244898,0.3082899841968215
-0.5477386934673367,1.1326530612244898,0.31543252868659727
-0.5376884422110553,1.1326530612244898,0.3225698837586207
-0.5276381909547738,1.1326530612244898,0.32969806416690384
-0.5175879396984925,1.1326530612244898,0.3368127017228127
-0.507537688442211,1.1326530612244898,0.34390901412208696
-0.4974874371859297,1.1326530612244898,0.3509817747051911
-0.48743718592964824,1.1326530612244898,0.3580252846183668
-0.4773869346733668,1.1326530612244898,0.36503334923158637
-0.46733668341708545,1.1326530612244898,0.37199926109417514
-0.457286432160804,1.1326530612244898,0.3789157921461699
-0.44723618090452255,1.1326530612244898,0.3857751983164066
-0.4371859296482412,1.1326530612244898,0.3925692399739785
-0.42713567839195976,1.1326530612244898,0.3992892218935602
-0.4170854271356784,1.1326530612244898,0.4059260563842084
-0.40703517587939697,1.1326530612244898,0.4124703529845304
-0.3969849246231155,1.1326530612244898,0.41891253770030823
-0.3869346733668342,1.1326530612244898,0.42524300438359375
-0.37688442211055273,1.1326530612244898,0.43145230104468935
-0.3668341708542714,1.1326530612244898,0.43753135558001643
-0.35678391959798994,1.1326530612244898,0.44347174997899663
-0.3467336683417085,1.1326530612244898,0.44926606122761426
-0.33668341708542715,1.1326530612244898,0.4549083022369049
-0.3266331658291457,1.1326530612244898,0.46039451698803247
-0.31658291457286436,1.1326530612244898,0.46572360689072734
-0.3065326633165829,1.1326530612244898,0.4708984804152577
-0.29648241206030146,1.1326530612244898,0.4759276088517236
-0.2864321608040201,1.1326530612244898,0.48082701713260645
-0.27638190954773867,1.1326530612244898,0.4856226249805887
-0.26633165829145733,1.1326530612244898,0.4903526855121796
-0.2562814070351759,1.1326530612244898,0.4950698845365591
-0.24623115577889443,1.1326530612244898,0.4998425335701262
-0.2361809045226131,1.1326530612244898,0.5047542841290286
-0.22613065326633164,1.1326530612244898,0.5099019353622272
-0.2160804020100502,1.1326530612244898,0.5153911470773417
-0.20603015075376885,1.1326530612244898,0.5213300877815473
-0.1959798994974874,1.1326530612244898,0.5278211309062372
-0.18592964824120606,1.1326530612244898,0.5349506355345316
-0.1758793969849246,1.1326530612244898,0.5427766967699676
-0.16582914572864316,1.1326530612244898,0.5513146736944039
-0.15577889447236182,1.1326530612244898,0.5605204147925662
-0.14572864321608037,1.1326530612244898,0.5702714138050005
-0.13567839195979903,1.1326530612244898,0.5803465934313702
-0.12562814070351758,1.1326530612244898,0.5904061842986488
-0.11557788944723613,1.1326530612244898,0.599975287897833
-0.10552763819095479,1.1326530612244898,0.6084415417392586
-0.09547738693467334,1.1326530612244898,0.615096673524518
-0.085427135678392,1.1326530612244898,0.6192958589985047
-0.07537688442211055,1.1326530612244898,0.6208751758770272
-0.0653266331658291,1.1326530612244898,0.6209480096307038
-0.055276381909547756,1.1326530612244898,0.6226915543580558
-0.045226130653266305,1.1326530612244898,0.6303102890869612
-0.035175879396984966,1.1326530612244898,0.6437310633868938
-0.025125628140703515,1.1326530612244898,0.6493764580623697
-0.015075376884422065,1.1326530612244898,0.5943588343186225
-0.005025125628140725,1.1326530612244898,0.2617154095456164
0.005025125628140614,1.1326530612244898,-0.3652787164746014
0.015075376884422065,1.1326530612244898,-0.6321317199005425
0.025125628140703515,1.1326530612244898,-0.6560193767396236
0.035175879396984966,1.1326530612244898,-0.6463899358329508
0.045226130653266416,1.1326530612244898,-0.6405174260053068
0.055276381909547645,1.1326530612244898,-0.6372308031209363
0.0653266331658291,1.1326530612244898,-0.6337974610646655
0.07537688442211055,1.1326530612244898,-0.6292714394488323
0.085427135678392,1.1326530612244898,-0.6235983247219097
0.09547738693467345,1.1326530612244898,-0.6170347723913895
0.1055276381909549,1.1326530612244898,-0.6099372180212298
0.11557788944723613,1.1326530612244898,-0.6026636859556638
0.12562814070351758,1.1326530612244898,-0.5954940520491394
0.13567839195979903,1.1326530612244898,-0.5885724095423377
0.14572864321608048,1.1326530612244898,-0.5818970692399983
0.15577889447236193,1.1326530612244898,-0.5753635132175087
0.16582914572864316,1.1326530612244898,-0.5688354862294334
0.1758793969849246,1.1326530612244898,-0.562206368363702
0.18592964824120606,1.1326530612244898,-0.5554266151810745
0.1959798994974875,1.1326530612244898,-0.548498604425278
0.20603015075376896,1.1326530612244898,-0.5414554799383106
0.2160804020100502,1.1326530612244898,-0.5343394067893076
0.22613065326633164,1.1326530612244898,-0.527186670996286
0.2361809045226131,1.1326530612244898,-0.5200209352715333
0.24623115577889454,1.1326530612244898,-0.5128529849092103
0.256281407035176,1.1326530612244898,-0.5056841901584861
0.2663316582914572,1.1326530612244898,-0.4985110311063763
0.27638190954773867,1.1326530612244898,-0.49132893127441657
0.2864321608040201,1.1326530612244898,-0.4841346982774412
0.29648241206030157,1.1326530612244898,-0.4769276141760901
0.306532663316583,1.1326530612244898,-0.46970955229249006
0.31658291457286425,1.1326530612244898,-0.46248454039202025
0.3266331658291457,1.1326530612244898,-0.4552580985676533
0.33668341708542715,1.1326530612244898,-0.4480365601038951
0.3467336683417086,1.1326530612244898,-0.44082648378919664
0.35678391959799005,1.1326530612244898,-0.4336341988345084
0.3668341708542713,1.1326530612244898,-0.42646548467022655
0.37688442211055273,1.1326530612244898,-0.41932536894540473
0.3869346733668342,1.1326530612244898,-0.41221802028082344
0.39698492462311563,1.1326530612244898,-0.40514671213822995
0.4070351758793971,1.1326530612244898,-0.39811383702968084
0.4170854271356783,1.1326530612244898,-0.3911209541849214
0.42713567839195976,1.1326530612244898,-0.3841688576802613
0.4371859296482412,1.1326530612244898,-0.3772576554450686
0.44723618090452266,1.1326530612244898,-0.370386852352815
0.4572864321608041,1.1326530612244898,-0.363555432780379
0.46733668341708534,1.1326530612244898,-0.3567619396579391
0.4773869346733668,1.1326530612244898,-0.35000454822883714
0.48743718592964824,1.1326530612244898,-0.3432811335885613
0.4974874371859297,1.1326530612244898,-0.33658933165703436
0.5075376884422111,1.1326530612244898,-0.3299265936264718
0.5175879396984926,1.1326530612244898,-0.32329023417175445
0.5276381909547738,1.1326530612244898,-0.3166774738528805
0.5376884422110553,1.1326530612244898,-0.3100854762104913
0.5477386934673367,1.1326530612244898,-0.30351138007883577
0.5577889447236182,1.1326530612244898,-0.2969523276324303
0.5678391959798996,1.1326530612244898,-0.2904054886551355
0.5778894472361809,1.1326530612244898,-0.2838680814817752
0.5879396984924623,1.1326530612244898,-0.27733739101857124
0.5979899497487438,1.1326530612244898,-0.2708107842035
0.6080402010050252,1.1326530612244898,-0.2642857232236199
0.6180904522613067,1.1326530612244898,-0.257759776765098
0.6281407035175879,1.1326530612244898,-0.25123062953387765
0.6381909547738693,1.1326530612244898,-0.24469609025107747
0.6482412060301508,1.1326530612244898,-0.23815409829741307
0.6582914572864322,1.1326530612244898,-0.2316027291549902
0.6683417085427137,1.1326530612244898,-0.2250401987725366
0.6783919597989949,1.1326530612244898,-0.21846486696121087
0.6884422110552764,1.1326530612244898,-0.21187523991218615
0.6984924623115578,1.1326530612244898,-0.2052699719138778
0.7085427135678393,1.1326530612244898,-0.19864786633572853
0.7185929648241207,1.1326530612244898,-0.1920078759364747
0.728643216080402,1.1326530612244898,-0.18534910254750236
0.7386934673366834,1.1326530612244898,-0.17867079617613144
0.7487437185929648,1.1326530612244898,-0.1719723535689983
0.7587939698492463,1.1326530612244898,-0.1652533162721651
0.7688442211055277,1.1326530612244898,-0.15851336822177997
0.778894472361809,1.1326530612244898,-0.15175233289708634
0.7889447236180904,1.1326530612244898,-0.14497017006602508
0.7989949748743719,1.1326530612244898,-0.13816697215260224
0.8090452261306533,1.1326530612244898,-0.13134296025446515
0.8190954773869348,1.1326530612244898,-0.12449847983861334
0.829145728643216,1.1326530612244898,-0.11763399614290998
0.8391959798994975,1.1326530612244898,-0.11075008931086205
0.8492462311557789,1.1326530612244898,-0.10384744928704887
0.8592964824120604,1.1326530612244898,-0.09692687050054191
0.8693467336683418,1.1326530612244898,-0.08998924636357503
0.879396984924623,1.1326530612244898,-0.08303556361267372
0.8894472361809045,1.1326530612244898,-0.07606689651929233
0.8994974874371859,1.1326530612244898,-0.06908440099683233
0.9095477386934674,1.1326530612244898,-0.06208930863060397
0.9195979899497488,1.1326530612244898,-0.05508292065695339
0.9296482412060301,1.1326530612244898,-0.04806660191724069
0.9396984924623115,1.1326530612244898,-0.04104177481182761
0.949748743718593,1.1326530612244898,-0.03400991327848221
0.9597989949748744,1.1326530612244898,-0.026972536818836684
0.9698492462311559,1.1326530612244898,-0.019931204595591695
0.9798994974874373,1.1326530612244898,-0.012887509622166449
0.9899497487437185,1.1326530612244898,-0.005843073065353505
1.0,1.1326530612244898,0.001200461319658619
-1.0,1.1428571428571428,0.01403703247602095
-0.9899497487437185,1.1428571428571428,0.02016926405425093
-0.9798994974874372,1.1428571428571428,0.02631876612030029
-0.9698492462311558,1.1428571428571428,0.03248626908661942
-0.9597989949748744,1.1428571428571428,0.03867252342146563
-0.949748743718593,1.1428571428571428,0.04487829434113569
-0.9396984924623115,1.1428571428571428,0.05110435625416576
-0.9296482412060302,1.1428571428571428,0.05735148699317791
-0.9195979899497487,1.1428571428571428,0.06362046187392931
-0.9095477386934674,1.1428571428571428,0.06991204762452854
-0.8994974874371859,1.1428571428571428,0.07622699623077636
-0.8894472361809045,1.1428571428571428,0.08256603874588508
-0.8793969849246231,1.1428571428571428,0.08892987911439512
-0.8693467336683417,1.1428571428571428,0.09531918806074624
-0.8592964824120604,1.1428571428571428,0.10173459709255983
-0.8492462311557789,1.1428571428571428,0.10817669266711688
-0.8391959798994975,1.1428571428571428,0.11464601056665547
-0.8291457286432161,1.1428571428571428,0.12114303052382003
-0.8190954773869347,1.1428571428571428,0.1276681711328247
-0.8090452261306533,1.1428571428571428,0.13422178507454918
-0.7989949748743719,1.1428571428571428,0.14080415467482577
-0.7889447236180904,1.1428571428571428,0.14741548780455116
-0.778894472361809,1.1428571428571428,0.15405591411806685
-0.7688442211055276,1.1428571428571428,0.16072548161243627
-0.7587939698492463,1.1428571428571428,0.1674241534749702
-0.7487437185929648,1.1428571428571428,0.1741518051697336
-0.7386934673366834,1.1428571428571428,0.18090822169594556
-0.728643216080402,1.1428571428571428,0.18769309493242148
-0.7185929648241206,1.1428571428571428,0.19450602096275793
-0.7085427135678393,1.1428571428571428,0.2013464972561375
-0.6984924623115578,1.1428571428571428,0.20821391955884194
-0.6884422110552764,1.1428571428571428,0.21510757833222438
-0.6783919597989949,1.1428571428571428,0.2220266545545284
-0.6683417085427136,1.1428571428571428,0.22897021468712941
-0.6582914572864322,1.1428571428571428,0.23593720459118794
-0.6482412060301508,1.1428571428571428,0.242926442169082
-0.6381909547738693,1.1428571428571428,0.24993660849726573
-0.6281407035175879,1.1428571428571428,0.2569662372142987
-0.6180904522613065,1.1428571428571428,0.2640137019310017
-0.6080402010050251,1.1428571428571428,0.271077201440337
-0.5979899497487438,1.1428571428571428,0.2781547425243872
-0.5879396984924623,1.1428571428571428,0.2852441201867405
-0.5778894472361809,1.1428571428571428,0.2923428951830719
-0.5678391959798995,1.1428571428571428,0.29944836878370196
-0.5577889447236181,1.1428571428571428,0.3065575547829779
-0.5477386934673367,1.1428571428571428,0.313667148875578
-0.5376884422110553,1.1428571428571428,0.3207734956541114
-0.5276381909547738,1.1428571428571428,0.32787255365105794
-0.5175879396984925,1.1428571428571428,0.33495985905652087
-0.507537688442211,1.1428571428571428,0.3420304889965389
-0.4974874371859297,1.1428571428571428,0.34907902555830583
-0.48743718592964824,1.1428571428571428,0.3560995220988046
-0.4773869346733668,1.1428571428571428,0.36308547376727307
-0.46733668341708545,1.1428571428571428,0.37002979459644314
-0.457286432160804,1.1428571428571428,0.37692480394889993
-0.44723618090452255,1.1428571428571428,0.3837622255066635
-0.4371859296482412,1.1428571428571428,0.39053320231586375
-0.42713567839195976,1.1428571428571428,0.39722833159112025
-0.4170854271356784,1.1428571428571428,0.403837723006784
-0.40703517587939697,1.1428571428571428,0.4103510840660576
-0.3969849246231155,1.1428571428571428,0.4167578359688662
-0.3869346733668342,1.1428571428571428,0.4230472635249891
-0.37688442211055273,1.1428571428571428,0.429208703726602
-0.3668341708542714,1.1428571428571428,0.43523178065913826
-0.35678391959798994,1.1428571428571428,0.44110670093758375
-0.3467336683417085,1.1428571428571428,0.4468246353531026
-0.33668341708542715,1.1428571428571428,0.4523782297572063
-0.3266331658291457,1.1428571428571428,0.45776231007652235
-0.31658291457286436,1.1428571428571428,0.4629748671466535
-0.3065326633165829,1.1428571428571428,0.46801841497323715
-0.29648241206030146,1.1428571428571428,0.47290179310050195
-0.2864321608040201,1.1428571428571428,0.47764241052472534
-0.27638190954773867,1.1428571428571428,0.4822687951087221
-0.26633165829145733,1.1428571428571428,0.4868231333183698
-0.2562814070351759,1.1428571428571428,0.4913633089062164
-0.24623115577889443,1.1428571428571428,0.49596384892251133
-0.2361809045226131,1.1428571428571428,0.500715223430023
-0.22613065326633164,1.1428571428571428,0.5057211269322862
-0.2160804020100502,1.1428571428571428,0.5110936208847816
-0.20603015075376885,1.1428571428571428,0.5169462152317853
-0.1959798994974874,1.1428571428571428,0.5233850165829564
-0.18592964824120606,1.1428571428571428,0.5304979708001714
-0.1758793969849246,1.1428571428571428,0.5383420830043573
-0.16582914572864316,1.1428571428571428,0.5469284562255383
-0.15577889447236182,1.1428571428571428,0.5562051477061378
-0.14572864321608037,1.1428571428571428,0.566038184578161
-0.13567839195979903,1.1428571428571428,0.5761915357289653
-0.12562814070351758,1.1428571428571428,0.5863075508967741
-0.11557788944723613,1.1428571428571428,0.5958914181713889
-0.10552763819095479,1.1428571428571428,0.6043099816181724
-0.09547738693467334,1.1428571428571428,0.6108347762675013
-0.085427135678392,1.1428571428571428,0.6148039061957372
-0.07537688442211055,1.1428571428571428,0.616045703389901
-0.0653266331658291,1.1428571428571428,0.6156926757988751
-0.055276381909547756,1.1428571428571428,0.6170101009128516
-0.045226130653266305,1.1428571428571428,0.6244010516334241
-0.035175879396984966,1.1428571428571428,0.6379400136221501
-0.025125628140703515,1.1428571428571428,0.6435824392544954
-0.015075376884422065,1.1428571428571428,0.586890015190961
-0.005025125628140725,1.1428571428571428,0.25264342317201466
0.005025125628140614,1.1428571428571428,-0.3677017982613567
0.015075376884422065,1.1428571428571428,-0.6315749110729012
0.025125628140703515,1.1428571428571428,-0.6540206959518349
0.035175879396984966,1.1428571428571428,-0.643055506462102
0.045226130653266416,1.1428571428571428,-0.6365026032827299
0.055276381909547645,1.1428571428571428,-0.6330729237487419
0.0653266331658291,1.1428571428571428,-0.6297641232511809
0.07537688442211055,1.1428571428571428,-0.6254509392001701
0.085427135678392,1.1428571428571428,-0.6199824190048964
0.09547738693467345,1.1428571428571428,-0.6135628257903218
0.1055276381909549,1.1428571428571428,-0.6065235044175227
0.11557788944723613,1.1428571428571428,-0.599222330800872
0.12562814070351758,1.1428571428571428,-0.591961863110521
0.13567839195979903,1.1428571428571428,-0.5849225900988672
0.14572864321608048,1.1428571428571428,-0.578138270369191
0.15577889447236193,1.1428571428571428,-0.5715258670754175
0.16582914572864316,1.1428571428571428,-0.5649522154400887
0.1758793969849246,1.1428571428571428,-0.5583006720552396
0.18592964824120606,1.1428571428571428,-0.55150822997448
0.1959798994974875,1.1428571428571428,-0.5445678357512164
0.20603015075376896,1.1428571428571428,-0.5375096846492725
0.2160804020100502,1.1428571428571428,-0.5303781109665557
0.22613065326633164,1.1428571428571428,-0.5232139198533211
0.2361809045226131,1.1428571428571428,-0.5160451787572607
0.24623115577889454,1.1428571428571428,-0.5088855243996004
0.256281407035176,1.1428571428571428,-0.5017372374813617
0.2663316582914572,1.1428571428571428,-0.4945960865211255
0.27638190954773867,1.1428571428571428,-0.4874557671749661
0.2864321608040201,1.1428571428571428,-0.480310930903349
0.29648241206030157,1.1428571428571428,-0.47315870433954543
0.306532663316583,1.1428571428571428,-0.4659990551691032
0.31658291457286425,1.1428571428571428,-0.4588344614077844
0.3266331658291457,1.1428571428571428,-0.4516692629015209
0.33668341708542715,1.1428571428571428,-0.44450894608414165
0.3467336683417086,1.1428571428571428,-0.43735949974399074
0.35678391959799005,1.1428571428571428,-0.43022690019412657
0.3668341708542713,1.1428571428571428,-0.4231167368037727
0.37688442211055273,1.1428571428571428,-0.41603396462071135
0.3869346733668342,1.1428571428571428,-0.4089827611434017
0.39698492462311563,1.1428571428571428,-0.40196646272638104
0.4070351758793971,1.1428571428571428,-0.3949875584473983
0.4170854271356783,1.1428571428571428,-0.3880477230956895
0.42713567839195976,1.1428571428571428,-0.38114787497086494
0.4371859296482412,1.1428571428571428,-0.37428824781258074
0.44723618090452266,1.1428571428571428,-0.36746846919590903
0.4572864321608041,1.1428571428571428,-0.3606876401042233
0.46733668341708534,1.1428571428571428,-0.35394441219641365
0.4773869346733668,1.1428571428571428,-0.3472370606147255
0.48743718592964824,1.1428571428571428,-0.34056355113154224
0.4974874371859297,1.1428571428571428,-0.33392160109587965
0.5075376884422111,1.1428571428571428,-0.32730873408593375
0.5175879396984926,1.1428571428571428,-0.320722328460915
0.5276381909547738,1.1428571428571428,-0.3141596601784993
0.5376884422110553,1.1428571428571428,-0.3076179403374651
0.5477386934673367,1.1428571428571428,-0.3010943479437503
0.5577889447236182,1.1428571428571428,-0.29458605840067276
0.5678391959798996,1.1428571428571428,-0.28809026820368644
0.5778894472361809,1.1428571428571428,-0.2816042162861503
0.5879396984924623,1.1428571428571428,-0.27512520242177047
0.5979899497487438,1.1428571428571428,-0.2686506030459384
0.6080402010050252,1.1428571428571428,-0.2621778848151054
0.6180904522613067,1.1428571428571428,-0.25570461618240153
0.6281407035175879,1.1428571428571428,-0.24922847722995303
0.6381909547738693,1.1428571428571428,-0.24274726796434787
0.6482412060301508,1.1428571428571428,-0.23625891525154324
0.6582914572864322,1.1428571428571428,-0.2297614785412713
0.6683417085427137,1.1428571428571428,-0.2232531545083024
0.6783919597989949,1.1428571428571428,-0.21673228071865155
0.6884422110552764,1.1428571428571428,-0.2101973384125396
0.6984924623115578,1.1428571428571428,-0.20364695448233341
0.7085427135678393,1.1428571428571428,-0.19707990271245626
0.7185929648241207,1.1428571428571428,-0.19049510433907985
0.728643216080402,1.1428571428571428,-0.18389162797997344
0.7386934673366834,1.1428571428571428,-0.17726868897893433
0.7487437185929648,1.1428571428571428,-0.17062564820453674
0.7587939698492463,1.1428571428571428,-0.1639620103392962
0.7688442211055277,1.1428571428571428,-0.15727742169252856
0.778894472361809,1.1428571428571428,-0.15057166756816234
0.7889447236180904,1.1428571428571428,-0.14384466921719086
0.7989949748743719,1.1428571428571428,-0.13709648040344205
0.8090452261306533,1.1428571428571428,-0.1303272836106147
0.8190954773869348,1.1428571428571428,-0.12353738591807942
0.829145728643216,1.1428571428571428,-0.11672721457272464
0.8391959798994975,1.1428571428571428,-0.10989731228398814
0.8492462311557789,1.1428571428571428,-0.10304833226919166
0.8592964824120604,1.1428571428571428,-0.09618103307628964
0.8693467336683418,1.1428571428571428,-0.08929627321117195
0.879396984924623,1.1428571428571428,-0.08239500559660093
0.8894472361809045,1.1428571428571428,-0.07547827188983416
0.8994974874371859,1.1428571428571428,-0.06854719668579565
0.9095477386934674,1.1428571428571428,-0.06160298163247174
0.9195979899497488,1.1428571428571428,-0.05464689948483037
0.9296482412060301,1.1428571428571428,-0.047680288123189724
0.9396984924623115,1.1428571428571428,-0.04070454456136652
0.949748743718593,1.1428571428571428,-0.033721118969294056
0.9597989949748744,1.1428571428571428,-0.026731508734063797
0.9698492462311559,1.1428571428571428,-0.019737252582399
0.9798994974874373,1.1428571428571428,-0.01273992478665717
0.9899497487437185,1.1428571428571428,-0.0057411294752947595
1.0,1.1428571428571428,0.0012575049323892695
-1.0,1.153061224489796,0.014722230430236793
-0.9899497487437185,1.153061224489796,0.020797673648163012
-0.9798994974874372,1.153061224489796,0.026890119916193306
-0.9698492462311558,1.153061224489796,0.03300031708508197
-0.9597989949748744,1.153061224489796,0.03912903287322406
-0.949748743718593,1.153061224489796,0.04527704965940893
-0.9396984924623115,1.153061224489796,0.05144515904379343
-0.9296482412060302,1.153061224489796,0.05763415621305157
-0.9195979899497487,1.153061224489796,0.06384483414940054
-0.9095477386934674,1.153061224489796,0.07007797772649085
-0.8994974874371859,1.153061224489796,0.07633435773803518
-0.8894472361809045,1.153061224489796,0.0826147249071591
-0.8793969849246231,1.153061224489796,0.08891980392587354
-0.8693467336683417,1.153061224489796,0.09525028757449919
-0.8592964824120604,1.153061224489796,0.10160683097024478
-0.8492462311557789,1.153061224489796,0.10799004599228798
-0.8391959798994975,1.153061224489796,0.11440049592751955
-0.8291457286432161,1.153061224489796,0.1208386903764207
-0.8190954773869347,1.153061224489796,0.12730508045232725
-0.8090452261306533,1.153061224489796,0.1338000542993933
-0.7989949748743719,1.153061224489796,0.14032393294497436
-0.7889447236180904,1.153061224489796,0.14687696649071325
-0.778894472361809,1.153061224489796,0.1534593306335275
-0.7688442211055276,1.153061224489796,0.16007112349280206
-0.7587939698492463,1.153061224489796,0.16671236270361478
-0.7487437185929648,1.153061224489796,0.17338298271783248
-0.7386934673366834,1.153061224489796,0.1800828322355914
-0.728643216080402,1.153061224489796,0.1868116716692455
-0.7185929648241206,1.153061224489796,0.19356917052064943
-0.7085427135678393,1.153061224489796,0.20035490453095317
-0.6984924623115578,1.153061224489796,0.20716835244037624
-0.6884422110552764,1.153061224489796,0.21400889217416286
-0.6783919597989949,1.153061224489796,0.22087579625069131
-0.6683417085427136,1.153061224489796,0.22776822618919434
-0.6582914572864322,1.153061224489796,0.2346852256783939
-0.6482412060301508,1.153061224489796,0.24162571225463092
-0.6381909547738693,1.153061224489796,0.24858846722946126
-0.6281407035175879,1.153061224489796,0.25557212360367637
-0.6180904522613065,1.153061224489796,0.26257515170825596
-0.6080402010050251,1.153061224489796,0.2695958423246761
-0.5979899497487438,1.153061224489796,0.27663228705888354
-0.5879396984924623,1.153061224489796,0.28368235577737677
-0.5778894472361809,1.153061224489796,0.29074367096264186
-0.5678391959798995,1.153061224489796,0.2978135789118197
-0.5577889447236181,1.153061224489796,0.3048891177904515
-0.5477386934673367,1.153061224489796,0.31196698266666484
-0.5376884422110553,1.153061224489796,0.3190434877950368
-0.5276381909547738,1.153061224489796,0.32611452659858164
-0.5175879396984925,1.153061224489796,0.33317553001710043
-0.507537688442211,1.153061224489796,0.34022142415486684
-0.4974874371859297,1.153061224489796,0.34724658847288337
-0.48743718592964824,1.153061224489796,0.35424481613008507
-0.4773869346733668,1.153061224489796,0.36120927847752987
-0.46733668341708545,1.153061224489796,0.36813249613590404
-0.457286432160804,1.153061224489796,0.3750063195154695
-0.44723618090452255,1.153061224489796,0.381821922034568
-0.4371859296482412,1.153061224489796,0.3885698096161475
-0.42713567839195976,1.153061224489796,0.3952398502534127
-0.4170854271356784,1.153061224489796,0.4018213275245113
-0.40703517587939697,1.153061224489796,0.40830302196179424
-0.3969849246231155,1.153061224489796,0.4146733243421399
-0.3869346733668342,1.153061224489796,0.42092038569234336
-0.37688442211055273,1.153061224489796,0.4270323108613858
-0.3668341708542714,1.153061224489796,0.43299740705132783
-0.35678391959798994,1.153061224489796,0.4388045071603791
-0.3467336683417085,1.153061224489796,0.44444340147245087
-0.33668341708542715,1.153061224489796,0.4499054303030463
-0.3266331658291457,1.153061224489796,0.4551843120886251
-0.31658291457286436,1.153061224489796,0.46027729866319245
-0.3065326633165829,1.153061224489796,0.46518674841592345
-0.29648241206030146,1.153061224489796,0.46992216996608605
-0.2864321608040201,1.153061224489796,0.47450269661356237
-0.27638190954773867,1.153061224489796,0.4789598015234863
-0.26633165829145733,1.153061224489796,0.48333987950752033
-0.2562814070351759,1.153061224489796,0.4877061601757402
-0.24623115577889443,1.153061224489796,0.49213935216434757
-0.2361809045226131,1.153061224489796,0.49673649898710226
-0.22613065326633164,1.153061224489796,0.5016077386748605
-0.2160804020100502,1.153061224489796,0.5068709119086455
-0.20603015075376885,1.153061224489796,0.5126441353945258
-0.1959798994974874,1.153061224489796,0.5190364718677486
-0.18592964824120606,1.153061224489796,0.5261367096441872
-0.1758793969849246,1.153061224489796,0.5340001319084268
-0.16582914572864316,1.153061224489796,0.5426331520785787
-0.15577889447236182,1.153061224489796,0.5519758928572411
-0.14572864321608037,1.153061224489796,0.5618831525214526
-0.13567839195979903,1.153061224489796,0.5721046396065492
-0.12562814070351758,1.153061224489796,0.5822660077428881
-0.11557788944723613,1.153061224489796,0.5918541734458483
-0.10552763819095479,1.153061224489796,0.600217136462955
-0.09547738693467334,1.153061224489796,0.6066081429047259
-0.085427135678392,1.153061224489796,0.6103493347085804
-0.07537688442211055,1.153061224489796,0.6112601069160745
-0.0653266331658291,1.153061224489796,0.6104860956098362
-0.055276381909547756,1.153061224489796,0.6113681800020011
-0.045226130653266305,1.153061224489796,0.6184966186141688
-0.035175879396984966,1.153061224489796,0.632108744383724
-0.025125628140703515,1.153061224489796,0.6377443093139346
-0.015075376884422065,1.153061224489796,0.5795013371906419
-0.005025125628140725,1.153061224489796,0.2440058453627434
0.005025125628140614,1.153061224489796,-0.3700887001163511
0.015075376884422065,1.153061224489796,-0.6313339256199613
0.025125628140703515,1.153061224489796,-0.6523228606042881
0.035175879396984966,1.153061224489796,-0.6399227112703021
0.045226130653266416,1.153061224489796,-0.632593995485554
0.055276381909547645,1.153061224489796,-0.6289541759986523
0.0653266331658291,1.153061224489796,-0.6257326913313631
0.07537688442211055,1.153061224489796,-0.6216201985859607
0.085427135678392,1.153061224489796,-0.6163635366419993
0.09547738693467345,1.153061224489796,-0.6101082224066139
0.1055276381909549,1.153061224489796,-0.6031529432277134
0.11557788944723613,1.153061224489796,-0.5958473766941608
0.12562814070351758,1.153061224489796,-0.5885102834325132
0.13567839195979903,1.153061224489796,-0.5813558324300205
0.14572864321608048,1.153061224489796,-0.5744550793693517
0.15577889447236193,1.153061224489796,-0.5677514975975596
0.16582914572864316,1.153061224489796,-0.5611203733914971
0.1758793969849246,1.153061224489796,-0.554438260027705
0.18592964824120606,1.153061224489796,-0.5476290968949762
0.1959798994974875,1.153061224489796,-0.5406749797246254
0.20603015075376896,1.153061224489796,-0.5336013440848144
0.2160804020100502,1.153061224489796,-0.5264534341601302
0.22613065326633164,1.153061224489796,-0.519276124961136
0.2361809045226131,1.153061224489796,-0.512102061282933
0.24623115577889454,1.153061224489796,-0.5049481880076145
0.256281407035176,1.153061224489796,-0.49781815344997926
0.2663316582914572,1.153061224489796,-0.4907073223279551
0.27638190954773867,1.153061224489796,-0.48360779050070535
0.2864321608040201,1.153061224489796,-0.47651203839667133
0.29648241206030157,1.153061224489796,-0.46941493588329897
0.306532663316583,1.153061224489796,-0.46231440674172986
0.31658291457286425,1.153061224489796,-0.45521123769330823
0.3266331658291457,1.153061224489796,-0.44810846208868554
0.33668341708542715,1.153061224489796,-0.4410106162497845
0.3467336683417086,1.153061224489796,-0.43392303978378133
0.35678391959799005,1.153061224489796,-0.42685129871618854
0.3668341708542713,1.153061224489796,-0.4198007531310627
0.37688442211055273,1.153061224489796,-0.41277626059667016
0.3869346733668342,1.153061224489796,-0.4057819934954142
0.39698492462311563,1.153061224489796,-0.39882134507045464
0.4070351758793971,1.153061224489796,-0.39189690064784133
0.4170854271356783,1.153061224489796,-0.3850104541767898
0.42713567839195976,1.153061224489796,-0.3781630543755592
0.4371859296482412,1.153061224489796,-0.3713550686164806
0.44723618090452266,1.153061224489796,-0.36458625593187904
0.4572864321608041,1.153061224489796,-0.35785584311330326
0.46733668341708534,1.153061224489796,-0.35116259986153814
0.4773869346733668,1.153061224489796,-0.34450491041890186
0.48743718592964824,1.153061224489796,-0.33788084017982223
0.4974874371859297,1.153061224489796,-0.33128819652344943
0.5075376884422111,1.153061224489796,-0.3247245836214644
0.5175879396984926,1.153061224489796,-0.31818745130804194
0.5276381909547738,1.153061224489796,-0.31167413830607593
0.5376884422110553,1.153061224489796,-0.3051819102214691
0.5477386934673367,1.153061224489796,-0.29870799277320315
0.5577889447236182,1.153061224489796,-0.2922496007414089
0.5678391959798996,1.153061224489796,-0.2858039631035024
0.5778894472361809,1.153061224489796,-0.2793683447999836
0.5879396984924623,1.153061224489796,-0.27294006553419214
0.5979899497487438,1.153061224489796,-0.26651651596895887
0.6080402010050252,1.153061224489796,-0.2600951716412704
0.6180904522613067,1.153061224489796,-0.2536736048755889
0.6281407035175879,1.153061224489796,-0.24724949493892726
0.6381909547738693,1.153061224489796,-0.2408206366465809
0.6482412060301508,1.153061224489796,-0.23438494759703238
0.6582914572864322,1.153061224489796,-0.22794047418792013
0.6683417085427137,1.153061224489796,-0.2214853965418904
0.6783919597989949,1.153061224489796,-0.2150180324515283
0.6884422110552764,1.153061224489796,-0.2085368404359007
0.6984924623115578,1.153061224489796,-0.20204042198738636
0.7085427135678393,1.153061224489796,-0.19552752307595053
0.7185929648241207,1.153061224489796,-0.18899703496862663
0.728643216080402,1.153061224489796,-0.1824479944143692
0.7386934673366834,1.153061224489796,-0.175879583238328
0.7487437185929648,1.153061224489796,-0.16929112738484509
0.7587939698492463,1.153061224489796,-0.16268209544472578
0.7688442211055277,1.153061224489796,-0.15605209669953585
0.778894472361809,1.153061224489796,-0.1494008787135681
0.7889447236180904,1.153061224489796,-0.14272832450263864
0.7989949748743719,1.153061224489796,-0.13603444930780453
0.8090452261306533,1.153061224489796,-0.12931939700145353
0.8190954773869348,1.153061224489796,-0.12258343615279241
0.829145728643216,1.153061224489796,-0.11582695577957597
0.8391959798994975,1.153061224489796,-0.1090504608128681
0.8492462311557789,1.153061224489796,-0.1022545673016236
0.8592964824120604,1.153061224489796,-0.09543999738397524
0.8693467336683418,1.153061224489796,-0.08860757405215158
0.879396984924623,1.153061224489796,-0.0817582157380127
0.8894472361809045,1.153061224489796,-0.07489293074617231
0.8994974874371859,1.153061224489796,-0.06801281156155484
0.9095477386934674,1.153061224489796,-0.06111902905814651
0.9195979899497488,1.153061224489796,-0.054212826635321704
0.9296482412060301,1.153061224489796,-0.047295514307832937
0.9396984924623115,1.153061224489796,-0.040368462775002945
0.949748743718593,1.153061224489796,-0.03343309749407661
0.9597989949748744,1.153061224489796,-0.0264908927819561
0.9698492462311559,1.153061224489796,-0.01954336596868106
0.9798994974874373,1.153061224489796,-0.012592071625103729
0.9899497487437185,1.153061224489796,-0.0056385958861113195
1.0,1.153061224489796,0.0013154491103819221
-1.0,1.163265306122449,0.015422347087547944
-0.9899497487437185,1.163265306122449,0.021441604434755762
-0.9798994974874372,1.163265306122449,0.02747762353292546
-0.9698492462311558,1.163265306122449,0.033531169782245046
-0.9597989949748744,1.163265306122449,0.039603028254348915
-0.949748743718593,1.163265306122449,0.04569399858782802
-0.9396984924623115,1.163265306122449,0.05180488966809185
-0.9296482412060302,1.163265306122449,0.05793651412773726
-0.9195979899497487,1.163265306122449,0.0640896827072013
-0.9095477386934674,1.163265306122449,0.07026519851863558
-0.8994974874371859,1.163265306122449,0.07646385125867244
-0.8894472361809045,1.163265306122449,0.08268641141771185
-0.8793969849246231,1.163265306122449,0.08893362453459275
-0.8693467336683417,1.163265306122449,0.09520620554571887
-0.8592964824120604,1.163265306122449,0.10150483327686047
-0.8492462311557789,1.163265306122449,0.10783014512370503
-0.8391959798994975,1.163265306122449,0.1141827319637112
-0.8291457286432161,1.163265306122449,0.12056313333674762
-0.8190954773869347,1.163265306122449,0.12697183292529335
-0.8090452261306533,1.163265306122449,0.13340925435651652
-0.7989949748743719,1.163265306122449,0.13987575733825852
-0.7889447236180904,1.163265306122449,0.14637163412880194
-0.778894472361809,1.163265306122449,0.15289710632627163
-0.7688442211055276,1.163265306122449,0.15945232194762532
-0.7587939698492463,1.163265306122449,0.16603735274953924
-0.7487437185929648,1.163265306122449,0.1726521917241679
-0.7386934673366834,1.163265306122449,0.17929675068196532
-0.728643216080402,1.163265306122449,0.1859708578117415
-0.7185929648241206,1.163265306122449,0.1926742550851308
-0.7085427135678393,1.163265306122449,0.1994065953491989
-0.6984924623115578,1.163265306122449,0.20616743892725148
-0.6884422110552764,1.163265306122449,0.21295624952479653
-0.6783919597989949,1.163265306122449,0.21977238921550324
-0.6683417085427136,1.163265306122449,0.22661511226173636
-0.6582914572864322,1.163265306122449,0.23348355750659655
-0.6482412060301508,1.163265306122449,0.24037673906034718
-0.6381909547738693,1.163265306122449,0.24729353499475581
-0.6281407035175879,1.163265306122449,0.25423267375540703
-0.6180904522613065,1.163265306122449,0.26119271800599064
-0.6080402010050251,1.163265306122449,0.268172045631467
-0.5979899497487438,1.163265306122449,0.275168827650913
-0.5879396984924623,1.163265306122449,0.282181002827917
-0.5778894472361809,1.163265306122449,0.28920624881939705
-0.5678391959798995,1.163265306122449,0.2962419497757185
-0.5577889447236181,1.163265306122449,0.3032851603997254
-0.5477386934673367,1.163265306122449,0.31033256659397845
-0.5376884422110553,1.163265306122449,0.31738044297874274
-0.5276381909547738,1.163265306122449,0.3244246077531372
-0.5175879396984925,1.163265306122449,0.33146037560297603
-0.507537688442211,1.163265306122449,0.33848250963520066
-0.4974874371859297,1.163265306122449,0.3454851736422122
-0.48743718592964824,1.163265306122449,0.35246188636815934
-0.4773869346733668,1.163265306122449,0.35940547985620147
-0.46733668341708545,1.163265306122449,0.36630806438633245
-0.457286432160804,1.163265306122449,0.37316100294432775
-0.44723618090452255,1.163265306122449,0.37995489856294373
-0.4371859296482412,1.163265306122449,0.38667959821388687
-0.42713567839195976,1.163265306122449,0.3933242171832809
-0.4170854271356784,1.163265306122449,0.3998771880560872
-0.40703517587939697,1.163265306122449,0.40632633867832924
-0.3969849246231155,1.163265306122449,0.41265900403604727
-0.3869346733668342,1.163265306122449,0.41886217841690754
-0.37688442211055273,1.163265306122449,0.4249227173713447
-0.3668341708542714,1.163265306122449,0.43082760507519235
-0.35678391959798994,1.163265306122449,0.43656431307455534
-0.3467336683417085,1.163265306122449,0.4421212919969374
-0.33668341708542715,1.163265306122449,0.44748865798970605
-0.3266331658291457,1.163265306122449,0.4526591564142567
-0.31658291457286436,1.163265306122449,0.45762949746478654
-0.3065326633165829,1.163265306122449,0.4624021466944298
-0.29648241206030146,1.163265306122449,0.46698759931788125
-0.2864321608040201,1.163265306122449,0.47140705663561433
-0.27638190954773867,1.163265306122449,0.4756952596467138
-0.26633165829145733,1.163265306122449,0.47990305226892327
-0.2562814070351759,1.163265306122449,0.4840991073521439
-0.24623115577889443,1.163265306122449,0.4883702222445554
-0.2361809045226131,1.163265306122449,0.4928197117320303
-0.22613065326633164,1.163265306122449,0.4975636595800508
-0.2160804020100502,1.163265306122449,0.5027250341440556
-0.20603015075376885,1.163265306122449,0.5084258134861572
-0.1959798994974874,1.163265306122449,0.5147772458216983
-0.18592964824120606,1.163265306122449,0.5218682391274676
-0.1758793969849246,1.163265306122449,0.5297517580367933
-0.16582914572864316,1.163265306122449,0.5384291414622823
-0.15577889447236182,1.163265306122449,0.5478324955999034
-0.14572864321608037,1.163265306122449,0.5578056992260355
-0.13567839195979903,1.163265306122449,0.5680849704339028
-0.12562814070351758,1.163265306122449,0.5782805240704463
-0.11557788944723613,1.163265306122449,0.5878627047738949
-0.10552763819095479,1.163265306122449,0.5961626508993927
-0.09547738693467334,1.163265306122449,0.6024172304550273
-0.085427135678392,1.163265306122449,0.6059337228243201
-0.07537688442211055,1.163265306122449,0.6065213858854691
-0.0653266331658291,1.163265306122449,0.6053329500590116
-0.055276381909547756,1.163265306122449,0.6057720689054
-0.045226130653266305,1.163265306122449,0.6126035936255816
-0.035175879396984966,1.163265306122449,0.6262420228320703
-0.025125628140703515,1.163265306122449,0.6318675976916562
-0.015075376884422065,1.163265306122449,0.5722153215164971
-0.005025125628140725,1.163265306122449,0.23584477548855887
0.005025125628140614,1.163265306122449,-0.3723987703722901
0.015075376884422065,1.163265306122449,-0.6313981917064646
0.025125628140703515,1.163265306122449,-0.6509316419243224
0.035175879396984966,1.163265306122449,-0.6370002504349801
0.045226130653266416,1.163265306122449,-0.6287989375759948
0.055276381909547645,1.163265306122449,-0.6248787513054361
0.0653266331658291,1.163265306122449,-0.6217032164385753
0.07537688442211055,1.163265306122449,-0.617774895679429
0.085427135678392,1.163265306122449,-0.6127336843289027
0.09547738693467345,1.163265306122449,-0.6066609344379317
0.1055276381909549,1.163265306122449,-0.5998157414682336
0.11557788944723613,1.163265306122449,-0.5925315402861897
0.12562814070351758,1.163265306122449,-0.5851360513453405
0.13567839195979903,1.163265306122449,-0.5778730965609576
0.14572864321608048,1.163265306122449,-0.5708515746812323
0.15577889447236193,1.163265306122449,-0.564045810694821
0.16582914572864316,1.163265306122449,-0.5573450812340228
0.1758793969849246,1.163265306122449,-0.5506231216743717
0.18592964824120606,1.163265306122449,-0.5437920262836269
0.1959798994974875,1.163265306122449,-0.5368220661703356
0.20603015075376896,1.163265306122449,-0.5297321561291477
0.2160804020100502,1.163265306122449,-0.5225670163886873
0.22613065326633164,1.163265306122449,-0.515374931822433
0.2361809045226131,1.163265306122449,-0.5081931588861597
0.24623115577889454,1.163265306122449,-0.5010423642173233
0.256281407035176,1.163265306122449,-0.4939280445175509
0.2663316582914572,1.163265306122449,-0.4868455185401999
0.27638190954773867,1.163265306122449,-0.47978545799363265
0.2864321608040201,1.163265306122449,-0.47273818981888244
0.29648241206030157,1.163265306122449,-0.4656962418521987
0.306532663316583,1.163265306122449,-0.4586553593823375
0.31658291457286425,1.163265306122449,-0.45161449246199864
0.3266331658291457,1.163265306122449,-0.44457523429705226
0.33668341708542715,1.163265306122449,-0.4375410594382755
0.3467336683417086,1.163265306122449,-0.43051657116241826
0.35678391959799005,1.163265306122449,-0.42350686092323653
0.3668341708542713,1.163265306122449,-0.41651701465519264
0.37688442211055273,1.163265306122449,-0.409551763122923
0.3869346733668342,1.163265306122449,-0.40261525618502636
0.39698492462311563,1.163265306122449,-0.3957109353969135
0.4070351758793971,1.163265306122449,-0.3888414801049891
0.4170854271356783,1.163265306122449,-0.38200880561518263
0.42713567839195976,1.163265306122449,-0.3752140962368964
0.4371859296482412,1.163265306122449,-0.3684578600568841
0.44723618090452266,1.163265306122449,-0.3617399957866103
0.4572864321608041,1.163265306122449,-0.35505986484412755
0.46733668341708534,1.163265306122449,-0.34841636401072984
0.4773869346733668,1.163265306122449,-0.34180799563398934
0.48743718592964824,1.163265306122449,-0.33523293353639466
0.4974874371859297,1.163265306122449,-0.3286890836306589
0.5075376884422111,1.163265306122449,-0.32217413882263346
0.5175879396984926,1.163265306122449,-0.3156856281686805
0.5276381909547738,1.163265306122449,-0.3092209604994345
0.5376884422110553,1.163265306122449,-0.30277746286693663
0.5477386934673367,1.163265306122449,-0.2963524142473926
0.5577889447236182,1.163265306122449,-0.28994307495990956
0.5678391959798996,1.163265306122449,-0.2835467122587133
0.5778894472361809,1.163265306122449,-0.2771606225341275
0.5879396984924623,1.163265306122449,-0.2707821505243615
0.5979899497487438,1.163265306122449,-0.2644087059013366
0.6080402010050252,1.163265306122449,-0.25803777755334595
0.6180904522613067,1.163265306122449,-0.2516669458476869
0.6281407035175879,1.163265306122449,-0.2452938931190017
0.6381909547738693,1.163265306122449,-0.23891641259487761
0.6482412060301508,1.163265306122449,-0.23253241593957563
0.6582914572864322,1.163265306122449,-0.22613993956980433
0.6683417085427137,1.163265306122449,-0.21973714987299042
0.6783919597989949,1.163265306122449,-0.2133223474384878
0.6884422110552764,1.163265306122449,-0.20689397039513602
0.6984924623115578,1.163265306122449,-0.20045059693439346
0.7085427135678393,1.163265306122449,-0.1939909470864641
0.7185929648241207,1.163265306122449,-0.18751388380720135
0.728643216080402,1.163265306122449,-0.18101841342577654
0.7386934673366834,1.163265306122449,-0.17450368549683407
0.7487437185929648,1.163265306122449,-0.16796899209599875
0.7587939698492463,1.163265306122449,-0.161413766593747
0.7688442211055277,1.163265306122449,-0.1548375819398464
0.778894472361809,1.163265306122449,-0.1482401484883958
0.7889447236180904,1.163265306122449,-0.1416213113920134
0.7989949748743719,1.163265306122449,-0.13498104759272408
0.8090452261306533,1.163265306122449,-0.12831946243638243
0.8190954773869348,1.163265306122449,-0.12163678593719932
0.829145728643216,1.163265306122449,-0.11493336871871715
0.8391959798994975,1.163265306122449,-0.10820967765761152
0.8492462311557789,1.163265306122449,-0.10146629125678225
0.8592964824120604,1.163265306122449,-0.09470389477430091
0.8693467336683418,1.163265306122449,-0.08792327513494133
0.879396984924623,1.163265306122449,-0.08112531565109946
0.8894472361809045,1.163265306122449,-0.07431099057997259
0.8994974874371859,1.163265306122449,-0.06748135954384679
0.9095477386934674,1.163265306122449,-0.060637561840211573
0.9195979899497488,1.163265306122449,-0.0537808106682337
0.9296482412060301,1.163265306122449,-0.04691238729776262
0.9396984924623115,1.163265306122449,-0.04003363520662964
0.949748743718593,1.163265306122449,-0.03314595421141936
0.9597989949748744,1.163265306122449,-0.026250794616217266
0.9698492462311559,1.163265306122449,-0.019349651403033574
0.9798994974874373,1.163265306122449,-0.01244405848670338
0.9899497487437185,1.163265306122449,-0.005535583056008236
1.0,1.163265306122449,0.0013741799783173747
-1.0,1.1734693877551021,0.016136987814243164
-0.9899497487437185,1.1734693877551021,0.022100659556476665
-0.9798994974874372,1.1734693877551021,0.028080878241171142
-0.9698492462311558,1.1734693877551021,0.03407842693540475
-0.9597989949748744,1.1734693877551021,0.04009410817682488
-0.949748743718593,1.1734693877551021,0.04612873897434325
-0.9396984924623115,1.1734693877551021,0.05218314560920251
-0.9296482412060302,1.1734693877551021,0.058258158272704086
-0.9195979899497487,1.1734693877551021,0.06435460558036238
-0.9095477386934674,1.1734693877551021,0.07047330900530197
-0.8994974874371859,1.1734693877551021,0.07661507727627365
-0.8894472361809045,1.1734693877551021,0.08278070078744659
-0.8793969849246231,1.1734693877551021,0.08897094606819103
-0.8693467336683417,1.1734693877551021,0.09518655036104659
-0.8592964824120604,1.1734693877551021,0.10142821635495936
-0.8492462311557789,1.1734693877551021,0.10769660711845325
-0.8391959798994975,1.1734693877551021,0.11399234127352564
-0.8291457286432161,1.1734693877551021,0.12031598844560148
-0.8190954773869347,1.1734693877551021,0.1266680650176989
-0.8090452261306533,1.1734693877551021,0.13304903020794456
-0.7989949748743719,1.1734693877551021,0.139459282478675
-0.7889447236180904,1.1734693877551021,0.145899156272411
-0.778894472361809,1.1734693877551021,0.15236891905512895
-0.7688442211055276,1.1734693877551021,0.15886876863034927
-0.7587939698492463,1.1734693877551021,0.16539883066875005
-0.7487437185929648,1.1734693877551021,0.17195915637742065
-0.7386934673366834,1.1734693877551021,0.17854972021065352
-0.728643216080402,1.1734693877551021,0.18517041750056262
-0.7185929648241206,1.1734693877551021,0.19182106186119074
-0.7085427135678393,1.1734693877551021,0.198501382194473
-0.6984924623115578,1.1734693877551021,0.20521101910096634
-0.6884422110552764,1.1734693877551021,0.2119495204732451
-0.6783919597989949,1.1734693877551021,0.21871633602592783
-0.6683417085427136,1.1734693877551021,0.22551081049430788
-0.6582914572864322,1.1734693877551021,0.23233217521435878
-0.6482412060301508,1.1734693877551021,0.23917953778154555
-0.6381909547738693,1.1734693877551021,0.24605186947561003
-0.6281407035175879,1.1734693877551021,0.2529479901346192
-0.6180904522613065,1.1734693877551021,0.2598665501656545
-0.6080402010050251,1.1734693877551021,0.2668060093934025
-0.5979899497487438,1.1734693877551021,0.27376461247354283
-0.5879396984924623,1.1734693877551021,0.2807403606377825
-0.5778894472361809,1.1734693877551021,0.2877309795943052
-0.5678391959798995,1.1734693877551021,0.2947338834847132
-0.5577889447236181,1.1734693877551021,0.3017461348998558
-0.5477386934673367,1.1734693877551021,0.3087644010866762
-0.5376884422110553,1.1734693877551021,0.3157849066408638
-0.5276381909547738,1.1734693877551021,0.322803383180577
-0.5175879396984925,1.1734693877551021,0.32981501673921665
-0.507537688442211,1.1734693877551021,0.336814393903573
-0.4974874371859297,1.1734693877551021,0.34379544805890405
-0.48743718592964824,1.1734693877551021,0.35075140748209477
-0.4773869346733668,1.1734693877551021,0.3576747474403814
-0.46733668341708545,1.1734693877551021,0.3645571488916255
-0.457286432160804,1.1734693877551021,0.37138946682157215
-0.44723618090452255,1.1734693877551021,0.37816171166817036
-0.4371859296482412,1.1734693877551021,0.3848630476518533
-0.42713567839195976,1.1734693877551021,0.3914818121550576
-0.4170854271356784,1.1734693877551021,0.3980055606327336
-0.40703517587939697,1.1734693877551021,0.4044211420568635
-0.3969849246231155,1.1734693877551021,0.41071481095655105
-0.3869346733668342,1.1734693877551021,0.4168723843345028
-0.37688442211055273,1.1734693877551021,0.4228794560697713
-0.3668341708542714,1.1734693877551021,0.42872168907724895
-0.35678391959798994,1.1734693877551021,0.4343852176829711
-0.3467336683417085,1.1734693877551021,0.43985720983423016
-0.33668341708542715,1.1734693877551021,0.44512665928411443
-0.3266331658291457,1.1734693877551021,0.4501854963242278
-0.31658291457286436,1.1734693877551021,0.4550301111002757
-0.3065326633165829,1.1734693877551021,0.4596633598033545
-0.29648241206030146,1.1734693877551021,0.46409705349614594
-0.2864321608040201,1.1734693877551021,0.4683548024536387
-0.27638190954773867,1.1734693877551021,0.4724749171842195
-0.26633165829145733,1.1734693877551021,0.47651289256847507
-0.2562814070351759,1.1734693877551021,0.4805428899442242
-0.24623115577889443,1.1734693877551021,0.4846576458151236
-0.2361809045226131,1.1734693877551021,0.48896639276984244
-0.22613065326633164,1.1734693877551021,0.4935906246910292
-0.2160804020100502,1.1734693877551021,0.4986577658960152
-0.20603015075376885,1.1734693877551021,0.504292908216588
-0.1959798994974874,1.1734693877551021,0.5106087285228791
-0.18592964824120606,1.1734693877551021,0.5176935591188145
-0.1758793969849246,1.1734693877551021,0.5255974889393514
-0.16582914572864316,1.1734693877551021,0.5343164479740606
-0.15577889447236182,1.1734693877551021,0.5437745040312975
-0.14572864321608037,1.1734693877551021,0.5538049923057591
-0.13567839195979903,1.1734693877551021,0.5641314775662226
-0.12562814070351758,1.1734693877551021,0.5743500525167984
-0.11557788944723613,1.1734693877551021,0.5839162313506875
-0.10552763819095479,1.1734693877551021,0.5921462907905972
-0.09547738693467334,1.1734693877551021,0.5982626242232658
-0.085427135678392,1.1734693877551021,0.6015587321717404
-0.07537688442211055,1.1734693877551021,0.6018325405384691
-0.0653266331658291,1.1734693877551021,0.6002378591999654
-0.055276381909547756,1.1734693877551021,0.6002280695276682
-0.045226130653266305,1.1734693877551021,0.6067289475302038
-0.035175879396984966,1.1734693877551021,0.6203453387780724
-0.025125628140703515,1.1734693877551021,0.6259583810936361
-0.015075376884422065,1.1734693877551021,0.5650535667955832
-0.005025125628140725,1.1734693877551021,0.22819951395816984
0.005025125628140614,1.1734693877551021,-0.3745906966656939
0.015075376884422065,1.1734693877551021,-0.6317555275493584
0.025125628140703515,1.1734693877551021,-0.6498521955572485
0.035175879396984966,1.1734693877551021,-0.6342968150101038
0.045226130653266416,1.1734693877551021,-0.6251251271532992
0.055276381909547645,1.1734693877551021,-0.6208515668259132
0.0653266331658291,1.1734693877551021,-0.6176767439695918
0.07537688442211055,1.1734693877551021,-0.613911730005386
0.085427135678392,1.1734693877551021,-0.6090856018644417
0.09547738693467345,1.1734693877551021,-0.6032111001094127
0.1055276381909549,1.1734693877551021,-0.59650157688193
0.11557788944723613,1.1734693877551021,-0.589266413096045
0.12562814070351758,1.1734693877551021,-0.5818345027505907
0.13567839195979903,1.1734693877551021,-0.5744740835578498
0.14572864321608048,1.1734693877551021,-0.5673310581873938
0.15577889447236193,1.1734693877551021,-0.5604140266475441
0.16582914572864316,1.1734693877551021,-0.553631728934255
0.1758793969849246,1.1734693877551021,-0.5468597113084672
0.18592964824120606,1.1734693877551021,-0.540000266652992
0.1959798994974875,1.1734693877551021,-0.5330114319527351
0.20603015075376896,1.1734693877551021,-0.5259039975204004
0.2160804020100502,1.1734693877551021,-0.5187206026865785
0.22613065326633164,1.1734693877551021,-0.5115120721444774
0.2361809045226131,1.1734693877551021,-0.5043201460996966
0.24623115577889454,1.1734693877551021,-0.4971695584372759
0.256281407035176,1.1734693877551021,-0.49006814392058584
0.2663316582914572,1.1734693877551021,-0.48301157924235033
0.27638190954773867,1.1734693877551021,-0.4759893375682226
0.2864321608040201,1.1734693877551021,-0.4689896467827154
0.29648241206030157,1.1734693877551021,-0.4620026275334739
0.306532663316583,1.1734693877551021,-0.45502171843492556
0.31658291457286425,1.1734693877551021,-0.4480438851122317
0.3266331658291457,1.1734693877551021,-0.4410691400909176
0.33668341708542715,1.1734693877551021,-0.4340997760495946
0.3467336683417086,1.1734693877551021,-0.42713956449441587
0.35678391959799005,1.1734693877551021,-0.42019305070507007
0.3668341708542713,1.1734693877551021,-0.4132649955361255
0.37688442211055273,1.1734693877551021,-0.40635996879822567
0.3869346733668342,1.1734693877551021,-0.3994820766856941
0.39698492462311563,1.1734693877551021,-0.3926347976611832
0.4070351758793971,1.1734693877551021,-0.3858209007521636
0.4170854271356783,1.1734693877551021,-0.379042423259916
0.42713567839195976,1.1734693877551021,-0.37230068911749425
0.4371859296482412,1.1734693877551021,-0.3655963533790385
0.44723618090452266,1.1734693877551021,-0.3589294620571939
0.4572864321608041,1.1734693877551021,-0.35229951958195593
0.46733668341708534,1.1734693877551021,-0.34570555854188734
0.4773869346733668,1.1734693877551021,-0.3391462081705916
0.48743718592964824,1.1734693877551021,-0.3326197593635259
0.4974874371859297,1.1734693877551021,-0.326124224955353
0.5075376884422111,1.1734693877551021,-0.31965739464574283
0.5175879396984926,1.1734693877551021,-0.3132168844050518
0.5276381909547738,1.1734693877551021,-0.3068001804787084
0.5376884422110553,1.1734693877551021,-0.3004046782845278
0.5477386934673367,1.1734693877551021,-0.2940277165943025
0.5577889447236182,1.1734693877551021,-0.28766660743434
0.5678391959798996,1.1734693877551021,-0.28131866214732837
0.5778894472361809,1.1734693877551021,-0.2749812140428831
0.5879396984924623,1.1734693877551021,-0.2686516380355029
0.5979899497487438,1.1734693877551021,-0.2623273676328989
0.6080402010050252,1.1734693877551021,-0.25600590959892433
0.6180904522613067,1.1734693877551021,-0.24968485657658773
0.6281407035175879,1.1734693877551021,-0.2433618979196669
0.6381909547738693,1.1734693877551021,-0.23703482894716885
0.6482412060301508,1.1734693877551021,-0.23070155880407675
0.6582914572864322,1.1734693877551021,-0.22436011708447626
0.6683417085427137,1.1734693877551021,-0.21800865934934263
0.6783919597989949,1.1734693877551021,-0.21164547165083544
0.6884422110552764,1.1734693877551021,-0.20526897415752926
0.6984924623115578,1.1734693877551021,-0.1988777239604943
0.7085427135678393,1.1734693877551021,-0.1924704171279915
0.7185929648241207,1.1734693877551021,-0.18604589006668004
0.728643216080402,1.1734693877551021,-0.1796031202391885
0.7386934673366834,1.1734693877551021,-0.17314122628150558
0.7487437185929648,1.1734693877551021,-0.16665946755859953
0.7587939698492463,1.1734693877551021,-0.16015724319279617
0.7688442211055277,1.1734693877551021,-0.15363409059650637
0.778894472361809,1.1734693877551021,-0.14708968353873617
0.7889447236180904,1.1734693877551021,-0.14052382977331573
0.7989949748743719,1.1734693877551021,-0.13393646825573244
0.8090452261306533,1.1734693877551021,-0.12732766597487719
0.8190954773869348,1.1734693877551021,-0.12069761442564977
0.829145728643216,1.1734693877551021,-0.11404662574831698
0.8391959798994975,1.1734693877551021,-0.1073751285604918
0.8492462311557789,1.1734693877551021,-0.10068366350785649
0.8592964824120604,1.1734693877551021,-0.09397287855981798
0.8693467336683418,1.1734693877551021,-0.0872435240765835
0.879396984924623,1.1734693877551021,-0.08049644767425457
0.8894472361809045,1.1734693877551021,-0.07373258891466775
0.8994974874371859,1.1734693877551021,-0.06695297384677418
0.9095477386934674,1.1734693877551021,-0.06015870942626814
0.9195979899497488,1.1734693877551021,-0.05335097784002815
0.9296482412060301,1.1734693877551021,-0.04653103076169868
0.9396984924623115,1.1734693877551021,-0.03970018356429808
0.949748743718593,1.1734693877551021,-0.03285980951528411
0.9597989949748744,1.1734693877551021,-0.026011333978821327
0.9698492462311559,1.1734693877551021,-0.01915622864928984
0.9798994974874373,1.1734693877551021,-0.012296005839161989
0.9899497487437185,1.1734693877551021,-0.0054322128434061145
1.0,1.1734693877551021,0.0014335735985330778
-1.0,1.183673469387755,0.016865744514656555
-0.9899497487437185,1.183673469387755,0.022774429251551542
-0.9798994974874372,1.183673469387755,0.028699472909786333
-0.9698492462311558,1.183673469387755,0.03464167634666318
-0.9597989949748744,1.183673469387755,0.040601859687919434
-0.949748743718593,1.183673469387755,0.04658085743624188
-0.9396984924623115,1.183673469387755,0.05257951339606376
-0.9296482412060302,1.183673469387755,0.0585986754510017
-0.9195979899497487,1.183673469387755,0.06463919023361775
-0.9095477386934674,1.183673469387755,0.07070189773013014
-0.8994974874371859,1.183673469387755,0.0767876258650329
-0.8894472361809045,1.183673469387755,0.08289718511224106
-0.8793969849246231,1.183673469387755,0.08903136318017824
-0.8693467336683417,1.183673469387755,0.09519091981800662
-0.8592964824120604,1.183673469387755,0.10137658178880504
-0.8492462311557789,1.183673469387755,0.10758903805279316
-0.8391959798994975,1.183673469387755,0.11382893519946191
-0.8291457286432161,1.183673469387755,0.12009687316162176
-0.8190954773869347,1.183673469387755,0.12639340123671872
-0.8090452261306533,1.183673469387755,0.1327190144312218
-0.7989949748743719,1.183673469387755,0.139074150132298
-0.7889447236180904,1.183673469387755,0.14545918509735895
-0.778894472361809,1.183673469387755,0.1518744327362933
-0.7688442211055276,1.183673469387755,0.15832014064332756
-0.7587939698492463,1.183673469387755,0.16479648831553673
-0.7487437185929648,1.183673469387755,0.171303584973178
-0.7386934673366834,1.183673469387755,0.1778414673733938
-0.728643216080402,1.183673469387755,0.18441009748374027
-0.7185929648241206,1.183673469387755,0.19100935985568224
-0.7085427135678393,1.183673469387755,0.19763905851121188
-0.6984924623115578,1.183673469387755,0.20429891312845838
-0.6884422110552764,1.183673469387755,0.21098855428533003
-0.6783919597989949,1.183673469387755,0.2177075174944837
-0.6683417085427136,1.183673469387755,0.2244552357392381
-0.6582914572864322,1.183673469387755,0.23123103019923763
-0.6482412060301508,1.183673469387755,0.2380340988381106
-0.6381909547738693,1.183673469387755,0.24486350251407718
-0.6281407035175879,1.183673469387755,0.2517181482701465
-0.6180904522613065,1.183673469387755,0.2585967694647109
-0.6080402010050251,1.183673469387755,0.2654979024180294
-0.5979899497487438,1.183673469387755,0.27241985927743645
-0.5879396984924623,1.183673469387755,0.27936069684671117
-0.5778894472361809,1.183673469387755,0.2863181811858354
-0.5678391959798995,1.183673469387755,0.29328974786979045
-0.5577889447236181,1.183673469387755,0.3002724579028889
-0.5477386934673367,1.183673469387755,0.3072629494228768
-0.5376884422110553,1.183673469387755,0.3142573855011446
-0.5276381909547738,1.183673469387755,0.3212513985566598
-0.5175879396984925,1.183673469387755,0.32824003215585795
-0.507537688442211,1.183673469387755,0.3352176812716887
-0.4974874371859297,1.183673469387755,0.3421780324230812
-0.48743718592964824,1.183673469387755,0.34911400550831023
-0.4773869346733668,1.183673469387755,0.3560176995743043
-0.46733668341708545,1.183673469387755,0.36288034521521484
-0.457286432160804,1.183673469387755,0.36969226674932376
-0.44723618090452255,1.183673469387755,0.3764428577650365
-0.4371859296482412,1.183673469387755,0.3831205740472272
-0.42713567839195976,1.183673469387755,0.38971294832103254
-0.4170854271356784,1.183673469387755,0.39620663178003246
-0.40703517587939697,1.183673469387755,0.4025874682276519
-0.3969849246231155,1.183673469387755,0.4088406082860523
-0.3869346733668342,1.183673469387755,0.41495067422204746
-0.37688442211055273,1.183673469387755,0.42090199150775764
-0.3668341708542714,1.183673469387755,0.42667891245319745
-0.35678391959798994,1.183673469387755,0.43226627106153004
-0.3467336683417085,1.183673469387755,0.4376500265020621
-0.33668341708542715,1.183673469387755,0.44281817258847944
-0.3266331658291457,1.183673469387755,0.44776200546358536
-0.31658291457286436,1.183673469387755,0.4524778389897832
-0.3065326633165829,1.183673469387755,0.4569692204583742
-0.29648241206030146,1.183673469387755,0.4612496125322155
-0.2864321608040201,1.183673469387755,0.46534536665268433
-0.27638190954773867,1.183673469387755,0.4692986380470402
-0.26633165829145733,1.183673469387755,0.47316973189558353
-0.2562814070351759,1.183673469387755,0.47703829076754534
-0.24623115577889443,1.183673469387755,0.48100278737906677
-0.2361809045226131,1.183673469387755,0.48517797372706917
-0.22613065326633164,1.183673469387755,0.489690188498919
-0.2160804020100502,1.183673469387755,0.49467062858137123
-0.20603015075376885,1.183673469387755,0.5002467576127204
-0.1959798994974874,1.183673469387755,0.5065319447106628
-0.18592964824120606,1.183673469387755,0.5136132837749056
-0.1758793969849246,1.183673469387755,0.5215374737615667
-0.16582914572864316,1.183673469387755,0.5302947529337161
-0.15577889447236182,1.183673469387755,0.5398011870904502
-0.14572864321608037,1.183673469387755,0.5498800048723002
-0.13567839195979903,1.183673469387755,0.5602430126433476
-0.12562814070351758,1.183673469387755,0.5704735438739111
-0.11557788944723613,1.183673469387755,0.5800140499098684
-0.10552763819095479,1.183673469387755,0.5881679463780949
-0.09547738693467334,1.183673469387755,0.5941450348141377
-0.085427135678392,1.183673469387755,0.5972260993396743
-0.07537688442211055,1.183673469387755,0.5971965579810535
-0.0653266331658291,1.183673469387755,0.5952053588942154
-0.055276381909547756,1.183673469387755,0.5947424687138759
-0.045226130653266305,1.183673469387755,0.6008799661059118
-0.035175879396984966,1.183673469387755,0.6144248609548829
-0.025125628140703515,1.183673469387755,0.6200231872995224
-0.015075376884422065,1.183673469387755,0.5580363919484065
-0.005025125628140725,1.183673469387755,0.22110621524833624
0.005025125628140614,1.183673469387755,-0.37662256285474693
0.015075376884422065,1.183673469387755,-0.6323921243050372
0.025125628140703515,1.183673469387755,-0.6490890370416065
0.035175879396984966,1.183673469387755,-0.6318210600441905
0.045226130653266416,1.183673469387755,-0.6215805715345017
0.055276381909547645,1.183673469387755,-0.616878202939028
0.0653266331658291,1.183673469387755,-0.6136552862238782
0.07537688442211055,1.183673469387755,-0.6100284692194614
0.085427135678392,1.183673469387755,-0.6054128937458145
0.09547738693467345,1.183673469387755,-0.5997492143670713
0.1055276381909549,1.183673469387755,-0.5931997897753246
0.11557788944723613,1.183673469387755,-0.5860425839912053
0.12562814070351758,1.183673469387755,-0.5785995721593568
0.13567839195979903,1.183673469387755,-0.5711571100543127
0.14572864321608048,1.183673469387755,-0.5638958523425512
0.15577889447236193,1.183673469387755,-0.5568609784868355
0.16582914572864316,1.183673469387755,-0.5499858393223334
0.1758793969849246,1.183673469387755,-0.5431528970053274
0.18592964824120606,1.183673469387755,-0.5362575154831786
0.1959798994974875,1.183673469387755,-0.5292457558894424
0.20603015075376896,1.183673469387755,-0.5221189542890912
0.2160804020100502,1.183673469387755,-0.5149160579545611
0.22613065326633164,1.183673469387755,-0.5076893652135784
0.2361809045226131,1.183673469387755,-0.5004847910068655
0.24623115577889454,1.183673469387755,-0.4933313878963841
0.256281407035176,1.183673469387755,-0.48623980942731326
0.2663316582914572,1.183673469387755,-0.4792065335684419
0.27638190954773867,1.183673469387755,-0.4722201115816078
0.2864321608040201,1.183673469387755,-0.4652667678004595
0.29648241206030157,1.183673469387755,-0.4583341749069001
0.306532663316583,1.183673469387755,-0.4514133461592753
0.31658291457286425,1.183673469387755,-0.4444991143723329
0.3266331658291457,1.183673469387755,-0.43758976469832916
0.33668341708542715,1.183673469387755,-0.4306862794781448
0.3467336683417086,1.183673469387755,-0.4237914944494079
0.35678391959799005,1.183673469387755,-0.4169093293901372
0.3668341708542713,1.183673469387755,-0.41004416264880394
0.37688442211055273,1.183673469387755,-0.4032003637111907
0.3869346733668342,1.183673469387755,-0.39638196989890073
0.39698492462311563,1.183673469387755,-0.38959248207589325
0.4070351758793971,1.183673469387755,-0.38283475228553365
0.4170854271356783,1.183673469387755,-0.37611093873942847
0.42713567839195976,1.183673469387755,-0.36942250776087737
0.4371859296482412,1.183673469387755,-0.3627702667007549
0.44723618090452266,1.183673469387755,-0.3561544158240529
0.4572864321608041,1.183673469387755,-0.34957461047216787
0.46733668341708534,1.183673469387755,-0.3430300274160071
0.4773869346733668,1.183673469387755,-0.3365194313014841
0.48743718592964824,1.183673469387755,-0.33004123855770484
0.4974874371859297,1.183673469387755,-0.32359357719650406
0.5075376884422111,1.183673469387755,-0.31717434167531444
0.5175879396984926,1.183673469387755,-0.31078124250267114
0.5276381909547738,1.183673469387755,-0.3044118505997878
0.5376884422110553,1.183673469387755,-0.29806363664106134
0.5477386934673367,1.183673469387755,-0.29173400571772745
0.5577889447236182,1.183673469387755,-0.28542032772941983
0.5678391959798996,1.183673469387755,-0.27911996392801947
0.5778894472361809,1.183673469387755,-0.2728302900312761
0.5879396984924623,1.183673469387755,-0.2665487163004739
0.5979899497487438,1.183673469387755,-0.2602727049441098
0.6080402010050252,1.183673469387755,-0.2539997851728807
0.6180904522613067,1.183673469387755,-0.24772756619373243
0.6281407035175879,1.183673469387755,-0.241453748394208
0.6381909547738693,1.183673469387755,-0.23517613293422904
0.6482412060301508,1.183673469387755,-0.22889262993143952
0.6582914572864322,1.183673469387755,-0.22260126539857605
0.6683417085427137,1.183673469387755,-0.2163001870671612
0.6783919597989949,1.183673469387755,-0.20998766921093942
0.6884422110552764,1.183673469387755,-0.20366211656468644
0.6984924623115578,1.183673469387755,-0.19732206741908923
0.7085427135678393,1.183673469387755,-0.19096619595995815
0.7185929648241207,1.183673469387755,-0.1845933139098479
0.728643216080402,1.183673469387755,-0.17820237152188645
0.7386934673366834,1.183673469387755,-0.17179245796901949
0.7487437185929648,1.183673469387755,-0.1653628011666905
0.7587939698492463,1.183673469387755,-0.1589127670629706
0.7688442211055277,1.183673469387755,-0.1524418584271442
0.778894472361809,1.183673469387755,-0.1459497131655668
0.7889447236180904,1.183673469387755,-0.1394361021920548
0.7989949748743719,1.183673469387755,-0.1329009268790665
0.8090452261306533,1.183673469387755,-0.12634421611533564
0.8190954773869348,1.183673469387755,-0.11976612299531939
0.829145728643216,1.183673469387755,-0.11316692116577193
0.8391959798994975,1.183673469387755,-0.10654700085486257
0.8492462311557789,1.183673469387755,-0.09990686460945575
0.8592964824120604,1.183673469387755,-0.09324712276642097
0.8693467336683418,1.183673469387755,-0.08656848868411199
0.879396984924623,1.183673469387755,-0.07987177376038473
0.8894472361809045,1.183673469387755,-0.07315788226371794
0.8994974874371859,1.183673469387755,-0.06642780600409354
0.9095477386934674,1.183673469387755,-0.05968261887033449
0.9195979899497488,1.183673469387755,-0.05292347126047309
0.9296482412060301,1.183673469387755,-0.04615158443156189
0.9396984924623115,1.183673469387755,-0.039368244794960344
0.949748743718593,1.183673469387755,-0.0325747981827241
0.9597989949748744,1.183673469387755,-0.025772644110090448
0.9698492462311559,1.183673469387755,-0.018963230058401975
0.9798994974874373,1.183673469387755,-0.012148045801926827
0.9899497487437185,1.183673469387755,-0.005328617801116792
1.0,1.183673469387755,0.001493496316205517
-1.0,1.193877551020408,0.01760819663523011
-0.9899497487437185,1.193877551020408,0.02346249178704604
-0.9798994974874372,1.193877551020408,0.02933298486834618
-0.9698492462311558,1.193877551020408,0.03522049465558416
-0.9597989949748744,1.193877551020408,0.041125858993782266
-0.949748743718593,1.193877551020408,0.04704993001570992
-0.9396984924623115,1.193877551020408,0.052993569193149265
-0.9296482412060302,1.193877551020408,0.05895764225661154
-0.9195979899497487,1.193877551020408,0.0649430140230613
-0.9095477386934674,1.193877551020408,0.07095054317395993
-0.8994974874371859,1.193877551020408,0.07698107702812537
-0.8894472361809045,1.193877551020408,0.08303544635533211
-0.8793969849246231,1.193877551020408,0.08911446027718878
-0.8693467336683417,1.193877551020408,0.09521890130133207
-0.8592964824120604,1.193877551020408,0.1013495205333422
-0.8492462311557789,1.193877551020408,0.10750703310772333
-0.8391959798994975,1.193877551020408,0.11369211387470723
-0.8291457286432161,1.193877551020408,0.11990539337339445
-0.8190954773869347,1.193877551020408,0.12614745411356615
-0.8090452261306533,1.193877551020408,0.1324188271784134
-0.7989949748743719,1.193877551020408,0.13871998914822037
-0.7889447236180904,1.193877551020408,0.14505135933062463
-0.778894472361809,1.193877551020408,0.1514132972664926
-0.7688442211055276,1.193877551020408,0.15780610046158983
-0.7587939698492463,1.193877551020408,0.16423000227321194
-0.7487437185929648,1.193877551020408,0.17068516985787707
-0.7386934673366834,1.193877551020408,0.1771717020611936
-0.728643216080402,1.193877551020408,0.18368962710443815
-0.7185929648241206,1.193877551020408,0.19023889989449894
-0.7085427135678393,1.193877551020408,0.19681939875512355
-0.6984924623115578,1.193877551020408,0.20343092134842267
-0.6884422110552764,1.193877551020408,0.21007317952691207
-0.6783919597989949,1.193877551020408,0.21674579282893858
-0.6683417085427136,1.193877551020408,0.22344828030488612
-0.6582914572864322,1.193877551020408,0.23018005033931788
-0.6482412060301508,1.193877551020408,0.23694038811623896
-0.6381909547738693,1.193877551020408,0.24372844036250946
-0.6281407035175879,1.193877551020408,0.2505431969995052
-0.6180904522613065,1.193877551020408,0.25738346933739986
-0.6080402010050251,1.193877551020408,0.2642478644617952
-0.5979899497487438,1.193877551020408,0.2711347554914091
-0.5879396984924623,1.193877551020408,0.2780422474306655
-0.5778894472361809,1.193877551020408,0.2849681384056091
-0.5678391959798995,1.193877551020408,0.2919098761589936
-0.5577889447236181,1.193877551020408,0.2988645097947942
-0.5477386934673367,1.193877551020408,0.3058286369081125
-0.5376884422110553,1.193877551020408,0.312798346418187
-0.5276381909547738,1.193877551020408,0.31976915764456526
-0.5175879396984925,1.193877551020408,0.3267359564335822
-0.507537688442211,1.193877551020408,0.33369292945677775
-0.4974874371859297,1.193877551020408,0.34063349816522726
-0.48743718592964824,1.193877551020408,0.3475502542909741
-0.4773869346733668,1.193877551020408,0.3544348992312702
-0.46733668341708545,1.193877551020408,0.36127819012151124
-0.457286432160804,1.193877551020408,0.3680698958844151
-0.44723618090452255,1.193877551020408,0.3747987670269384
-0.4371859296482412,1.193877551020408,0.3814525234519277
-0.42713567839195976,1.193877551020408,0.3880178651133481
-0.4170854271356784,1.193877551020408,0.3944805111137927
-0.40703517587939697,1.193877551020408,0.4008252741093865
-0.3969849246231155,1.193877551020408,0.4070361791542344
-0.3869346733668342,1.193877551020408,0.413096640158099
-0.37688442211055273,1.193877551020408,0.41898971396949436
-0.3668341708542714,1.193877551020408,0.42469846280400847
-0.35678391959798994,1.193877551020408,0.4302064709090737
-0.3467336683417085,1.193877551020408,0.4354985801092315
-0.33668341708542715,1.193877551020408,0.4405619273740682
-0.3266331658291457,1.193877551020408,0.44538737743705126
-0.31658291457286436,1.193877551020408,0.44997143129468675
-0.3065326633165829,1.193877551020408,0.4543186407007499
-0.29648241206030146,1.193877551020408,0.4584444568091024
-0.2864321608040201,1.193877551020408,0.4623782898616906
-0.27638190954773867,1.193877551020408,0.4661663836884561
-0.26633165829145733,1.193877551020408,0.46987396806583837
-0.2562814070351759,1.193877551020408,0.47358610781965504
-0.24623115577889443,1.193877551020408,0.4774067597233055
-0.2361809045226131,1.193877551020408,0.48145575859197964
-0.22613065326633164,1.193877551020408,0.48586370085800323
-0.2160804020100502,1.193877551020408,0.49076486880200554
-0.20603015075376885,1.193877551020408,0.4962883685525221
-0.1959798994974874,1.193877551020408,0.502547551267656
-0.18592964824120606,1.193877551020408,0.5096276466794598
-0.1758793969849246,1.193877551020408,0.5175714950299006
-0.16582914572864316,1.193877551020408,0.5263634121581404
-0.15577889447236182,1.193877551020408,0.5359115541423255
-0.14572864321608037,1.193877551020408,0.5460295354302995
-0.13567839195979903,1.193877551020408,0.5564183472748091
-0.12562814070351758,1.193877551020408,0.5666499603846584
-0.11557788944723613,1.193877551020408,0.5761555421773695
-0.10552763819095479,1.193877551020408,0.5842276334720794
-0.09547738693467334,1.193877551020408,0.5900652937363948
-0.085427135678392,1.193877551020408,0.5929376271660047
-0.07537688442211055,1.193877551020408,0.592616399362918
-0.0653266331658291,1.193877551020408,0.5902398799049101
-0.055276381909547756,1.193877551020408,0.5893215002173927
-0.045226130653266305,1.193877551020408,0.595064194883781
-0.035175879396984966,1.193877551020408,0.6084873871196919
-0.025125628140703515,1.193877551020408,0.6140689008200658
-0.015075376884422065,1.193877551020408,0.5511825131688182
-0.005025125628140725,1.193877551020408,0.2145975719114009
0.005025125628140614,1.193877551020408,-0.37845190075521784
0.015075376884422065,1.193877551020408,-0.6332925153789261
0.025125628140703515,1.193877551020408,-0.648646013994051
0.035175879396984966,1.193877551020408,-0.6295815808433582
0.045226130653266416,1.193877551020408,-0.618173538000574
0.055276381909547645,1.193877551020408,-0.6129648361094723
0.0653266331658291,1.193877551020408,-0.6096417794815259
0.07537688442211055,1.193877551020408,-0.6061239732261123
0.085427135678392,1.193877551020408,-0.601710140536957
0.09547738693467345,1.193877551020408,-0.5962663125423129
0.1055276381909549,1.193877551020408,-0.5898995883781533
0.11557788944723613,1.193877551020408,-0.5828497949533643
0.12562814070351758,1.193877551020408,-0.5754238362594002
0.13567839195979903,1.193877551020408,-0.567919018000203
0.14572864321608048,1.193877551020408,-0.5605471111168849
0.15577889447236193,1.193877551020408,-0.5533908996176744
0.16582914572864316,1.193877551020408,-0.5464129063092584
0.1758793969849246,1.193877551020408,-0.5395078833935784
0.18592964824120606,1.193877551020408,-0.5325679140073991
0.1959798994974875,1.193877551020408,-0.5255280892828543
0.20603015075376896,1.193877551020408,-0.5183793551909386
0.2160804020100502,1.193877551020408,-0.511155386911121
0.22613065326633164,1.193877551020408,-0.5039087231624189
0.2361809045226131,1.193877551020408,-0.49668895209117814
0.24623115577889454,1.193877551020408,-0.4895295767904957
0.256281407035176,1.193877551020408,-0.48244452067924054
0.2663316582914572,1.193877551020408,-0.47543153624165724
0.27638190954773867,1.193877551020408,-0.46847857990102115
0.2864321608040201,1.193877551020408,-0.4615700126956597
0.29648241206030157,1.193877551020408,-0.4546910473534218
0.306532663316583,1.193877551020408,-0.4478301660405337
0.31658291457286425,1.193877551020408,-0.44097992184973156
0.3266331658291457,1.193877551020408,-0.43413672067744336
0.33668341708542715,1.193877551020408,-0.42730009791601353
0.3467336683417086,1.193877551020408,-0.4204718407818846
0.35678391959799005,1.193877551020408,-0.4136551561157528
0.3668341708542713,1.193877551020408,-0.406853975407209
0.37688442211055273,1.193877551020408,-0.40007242281918337
0.3869346733668342,1.193877551020408,-0.39331443717245773
0.39698492462311563,1.193877551020408,-0.386583523836776
0.4070351758793971,1.193877551020408,-0.37988260865126444
0.4170854271356783,1.193877551020408,-0.3732139677515736
0.42713567839195976,1.193877551020408,-0.3665792112164855
0.4371859296482412,1.193877551020408,-0.3599793029971604
0.44723618090452266,1.193877551020408,-0.3534146038147622
0.4572864321608041,1.193877551020408,-0.34688492727847453
0.46733668341708534,1.193877551020408,-0.3403896023223143
0.4773869346733668,1.193877551020408,-0.33392753724422414
0.48743718592964824,1.193877551020408,-0.32749728225901276
0.4974874371859297,1.193877551020408,-0.32109708865877407
0.5075376884422111,1.193877551020408,-0.31472496351183443
0.5175879396984926,1.193877551020408,-0.3083787194089465
0.5276381909547738,1.193877551020408,-0.3020560191513415
0.5376884422110553,1.193877551020408,-0.2957544155224622
0.5477386934673367,1.193877551020408,-0.2894713864336229
0.5577889447236182,1.193877551020408,-0.28320436581365516
0.5678391959798996,1.193877551020408,-0.27695077064563567
0.5778894472361809,1.193877551020408,-0.27070802455618304
0.5879396984924623,1.193877551020408,-0.26447357834573315
0.5979899497487438,1.193877551020408,-0.2582449278198965
0.6080402010050252,1.193877551020408,-0.2520196292478975
0.6180904522613067,1.193877551020408,-0.2457953127378494
0.6281407035175879,1.193877551020408,-0.23956969378287316
0.6381909547738693,1.193877551020408,-0.23334058319814216
0.6482412060301508,1.193877551020408,-0.22710589563782174
0.6582914572864322,1.193877551020408,-0.2208636568529552
0.6683417085427137,1.193877551020408,-0.21461200982676804
0.6783919597989949,1.193877551020408,-0.20834921990259112
0.6884422110552764,1.193877551020408,-0.20207367900137937
0.6984924623115578,1.193877551020408,-0.1957839090104884
0.7085427135678393,1.193877551020408,-0.1894785644125624
0.7185929648241207,1.193877551020408,-0.18315643421290584
0.728643216080402,1.193877551020408,-0.17681644321515716
0.7386934673366834,1.193877551020408,-0.17045765268827578
0.7487437185929648,1.193877551020408,-0.16407926046252067
0.7587939698492463,1.193877551020408,-0.15768060048791252
0.7688442211055277,1.193877551020408,-0.15126114188563686
0.778894472361809,1.193877551020408,-0.1448204875205299
0.7889447236180904,1.193877551020408,-0.13835837212125607
0.7989949748743719,1.193877551020408,-0.13187465997375242
0.8090452261306533,1.193877551020408,-0.12536934221291976
0.8190954773869348,1.193877551020408,-0.11884253373728945
0.829145728643216,1.193877551020408,-0.11229446977139257
0.8391959798994975,1.193877551020408,-0.10572550210067044
0.8492462311557789,1.193877551020408,-0.09913609500408682
0.8592964824120604,1.193877551020408,-0.09252682090986053
0.8693467336683418,1.193877551020408,-0.08589835580011224
0.879396984924623,1.193877551020408,-0.07925147439050981
0.8894472361809045,1.193877551020408,-0.07258704511124128
0.8994974874371859,1.193877551020408,-0.065906024915842
0.9095477386934674,1.193877551020408,-0.05920945394449015
0.9195979899497488,1.193877551020408,-0.0524984500683317
0.9296482412060301,1.193877551020408,-0.045774203341294784
0.9396984924623115,1.193877551020408,-0.039037970385553594
0.949748743718593,1.193877551020408,-0.03229106873642684
0.9597989949748744,1.193877551020408,-0.025534871171955714
0.9698492462311559,1.193877551020408,-0.018770800051753522
0.9798994974874373,1.193877551020408,-0.01200032168893847
0.9899497487437185,1.193877551020408,-0.005224940778050496
1.0,1.193877551020408,0.001553805099159311
-1.0,1.2040816326530612,0.01836391212592897
-0.9899497487437185,1.2040816326530612,0.024164414350561242
-0.9798994974874372,1.2040816326530612,0.029980980729797796
-0.9698492462311558,1.2040816326530612,0.035814448093654916
-0.9597989949748744,1.2040816326530612,0.04166567214676353
-0.949748743718593,1.2040816326530612,0.047535522801263747
-0.9396984924623115,1.2040816326530612,0.05342487935749907
-0.9296482412060302,1.2040816326530612,0.05933462556882124
-0.9195979899497487,1.2040816326530612,0.06526564462985715
-0.9095477386934674,1.2040816326530612,0.07121881413018263
-0.8994974874371859,1.2040816326530612,0.07719500101729765
-0.8894472361809045,1.2040816326530612,0.08319505661408311
-0.8793969849246231,1.2040816326530612,0.08921981173622065
-0.8693467336683417,1.2040816326530612,0.09527007195434925
-0.8592964824120604,1.2040816326530612,0.10134661304378667
-0.8492462311557789,1.2040816326530612,0.10745017666122669
-0.8391959798994975,1.2040816326530612,0.11358146628291688
-0.8291457286432161,1.2040816326530612,0.11974114343205533
-0.8190954773869347,1.2040816326530612,0.12592982421456933
-0.8090452261306533,1.2040816326530612,0.13214807617170454
-0.7989949748743719,1.2040816326530612,0.13839641544503312
-0.7889447236180904,1.2040816326530612,0.14467530423432573
-0.778894472361809,1.2040816326530612,0.1509851485112912
-0.7688442211055276,1.2040816326530612,0.15732629593238012
-0.7587939698492463,1.2040816326530612,0.16369903387175644
-0.7487437185929648,1.2040816326530612,0.17010358747126247
-0.7386934673366834,1.2040816326530612,0.17654011757792032
-0.728643216080402,1.2040816326530612,0.18300871841145971
-0.7185929648241206,1.2040816326530612,0.1895094147749708
-0.7085427135678393,1.2040816326530612,0.19604215859139895
-0.6984924623115578,1.2040816326530612,0.20260682451791417
-0.6884422110552764,1.2040816326530612,0.20920320435982626
-0.6783919597989949,1.2040816326530612,0.21583099997650013
-0.6683417085427136,1.2040816326530612,0.2224898143447126
-0.6582914572864322,1.2040816326530612,0.22917914042107662
-0.6482412060301508,1.2040816326530612,0.23589834742596982
-0.6381909547738693,1.2040816326530612,0.24264666415822617
-0.6281407035175879,1.2040816326530612,0.24942315894442002
-0.6180904522613065,1.2040816326530612,0.2562267158307901
-0.6080402010050251,1.2040816326530612,0.2630560066419545
-0.5979899497487438,1.2040816326530612,0.26990945856098914
-0.5879396984924623,1.2040816326530612,0.2767852169331829
-0.5778894472361809,1.2040816326530612,0.2836811030639612
-0.5678391959798995,1.2040816326530612,0.29059456687401475
-0.5577889447236181,1.2040816326530612,0.2975226343955629
-0.5477386934673367,1.2040816326530612,0.30446185024755934
-0.5376884422110553,1.2040816326530612,0.31140821541928754
-0.5276381909547738,1.2040816326530612,0.318357120925706
-0.5175879396984925,1.2040816326530612,0.3253032781782146
-0.507537688442211,1.2040816326530612,0.33224064724375046
-0.4974874371859297,1.2040816326530612,0.3391623645437584
-0.48743718592964824,1.2040816326530612,0.34606067196971413
-0.4773869346733668,1.2040816326530612,0.35292684985722206
-0.46733668341708545,1.2040816326530612,0.35975115675707214
-0.457286432160804,1.2040816326530612,0.36652277946083633
-0.44723618090452255,1.2040816326530612,0.3732297972822268
-0.4371859296482412,1.2040816326530612,0.379859165192145
-0.42713567839195976,1.2040816326530612,0.386396721140546
-0.4170854271356784,1.2040816326530612,0.3928272239589099
-0.40703517587939697,1.2040816326530612,0.3991344299710373
-0.3969849246231155,1.2040816326530612,0.40530121941653063
-0.3869346733668342,1.2040816326530612,0.41130978883128333
-0.37688442211055273,1.2040816326530612,0.41714193363353425
-0.3668341708542714,1.2040816326530612,0.4227794572293073
-0.35678391959798994,1.2040816326530612,0.4282047591287452
-0.3467336683417085,1.2040816326530612,0.4334016731541014
-0.33668341708542715,1.2040816326530612,0.43835664278909237
-0.3266331658291457,1.2040816326530612,0.44306032439962506
-0.31658291457286436,1.2040816326530612,0.4475096862441318
-0.3065326633165829,1.2040816326530612,0.451710606427547
-0.29648241206030146,1.2040816326530612,0.455680857274939
-0.2864321608040201,1.2040816326530612,0.4594532055608056
-0.27638190954773867,1.2040816326530612,0.463078192265983
-0.26633165829145733,1.2040816326530612,0.46662603959764914
-0.2562814070351759,1.2040816326530612,0.47018712577983324
-0.24623115577889443,1.2040816326530612,0.47387059514431573
-0.2361809045226131,1.2040816326530612,0.4778008974409036
-0.22613065326633164,1.2040816326530612,0.4821122856633061
-0.2160804020100502,1.2040816326530612,0.4869414437691726
-0.20603015075376885,1.2040816326530612,0.49241840993603336
-0.1959798994974874,1.2040816326530612,0.4986558383308063
-0.18592964824120606,1.2040816326530612,0.5057365093247628
-0.1758793969849246,1.2040816326530612,0.5136989832326204
-0.16582914572864316,1.2040816326530612,0.522521474759606
-0.15577889447236182,1.2040816326530612,0.5321043756540799
-0.14572864321608037,1.2040816326530612,0.5422522278740236
-0.13567839195979903,1.2040816326530612,0.5526561899056496
-0.12562814070351758,1.2040816326530612,0.5628782875105189
-0.11557788944723613,1.2040816326530612,0.5723401804301153
-0.10552763819095479,1.2040816326530612,0.5803254928216713
-0.09547738693467334,1.2040816326530612,0.5860243477521034
-0.085427135678392,1.2040816326530612,0.5886951758097357
-0.07537688442211055,1.2040816326530612,0.588094988220697
-0.0653266331658291,1.2040816326530612,0.5853457294107376
-0.055276381909547756,1.2040816326530612,0.5839713087484016
-0.045226130653266305,1.2040816326530612,0.5892893820992925
-0.035175879396984966,1.2040816326530612,0.6025402889228461
-0.025125628140703515,1.2040816326530612,0.6081026731198378
-0.015075376884422065,1.2040816326530612,0.5445087620329596
-0.005025125628140725,1.2040816326530612,0.20870252874408252
0.005025125628140614,1.2040816326530612,-0.38003574291970943
0.015075376884422065,1.2040816326530612,-0.6344395320001373
0.025125628140703515,1.2040816326530612,-0.6485262736171507
0.035175879396984966,1.2040816326530612,-0.6275868919444536
0.045226130653266416,1.2040816326530612,-0.6149125082580317
0.055276381909547645,1.2040816326530612,-0.6091181694642596
0.0653266331658291,1.2040816326530612,-0.6056400278755872
0.07537688442211055,1.2040816326530612,-0.6021981962852943
0.085427135678392,1.2040816326530612,-0.5979729874949643
0.09547738693467345,1.2040816326530612,-0.59275414156533
0.1055276381909549,1.2040816326530612,-0.5865902612460399
0.11557788944723613,1.2040816326530612,-0.5796771255529815
0.12562814070351758,1.2040816326530612,-0.5722985999710273
0.13567839195979903,1.2040816326530612,-0.5647551247506579
0.14572864321608048,1.2040816326530612,-0.5572846528173339
0.15577889447236193,1.2040816326530612,-0.5500072077049966
0.16582914572864316,1.2040816326530612,-0.5429182100923895
0.1758793969849246,1.2040816326530612,-0.5359301067634628
0.18592964824120606,1.2040816326530612,-0.5289360221537692
0.1959798994974875,1.2040816326530612,-0.5218618785927306
0.20603015075376896,1.2040816326530612,-0.5146878062850707
0.2160804020100502,1.2040816326530612,-0.5074407588265986
0.22613065326633164,1.2040816326530612,-0.5001721606064624
0.2361809045226131,1.2040816326530612,-0.4929345774737686
0.24623115577889454,1.2040816326530612,-0.4857659520681654
0.256281407035176,1.2040816326530612,-0.47868387627925346
0.2663316582914572,1.2040816326530612,-0.4716878676827225
0.27638190954773867,1.2040816326530612,-0.4647656627205695
0.2864321608040201,1.2040816326530612,-0.45789994702761744
0.29648241206030157,1.2040816326530612,-0.45107349458889145
0.306532663316583,1.2040816326530612,-0.4442721674503574
0.31658291457286425,1.2040816326530612,-0.4374860959841839
0.3266331658291457,1.2040816326530612,-0.4307096509902197
0.33668341708542715,1.2040816326530612,-0.4239407765398773
0.3467336683417086,1.2040816326530612,-0.41718008970955955
0.35678391959799005,1.2040816326530612,-0.4104299885099524
0.3668341708542713,1.2040816326530612,-0.4036938858659581
0.37688442211055273,1.2040816326530612,-0.39697560957550054
0.3869346733668342,1.2040816326530612,-0.39027896554311303
0.39698492462311563,1.2040816326530612,-0.38360744205372843
0.4070351758793971,1.2040816326530612,-0.37696402672282436
0.4170854271356783,1.2040816326530612,-0.3703511085321285
0.42713567839195976,1.2040816326530612,-0.36377044113400897
0.4371859296482412,1.2040816326530612,-0.3572231482475443
0.44723618090452266,1.2040816326530612,-0.35070975642403446
0.4572864321608041,1.2040816326530612,-0.344230244292296
0.46733668341708534,1.2040816326530612,-0.337784100490092
0.4773869346733668,1.2040816326530612,-0.3313703848863101
0.48743718592964824,1.2040816326530612,-0.32498778949900853
0.4974874371859297,1.2040816326530612,-0.31863469683158563
0.5075376884422111,1.2040816326530612,-0.31230923428985813
0.5175879396984926,1.2040816326530612,-0.3060093239978729
0.5276381909547738,1.2040816326530612,-0.29973272777349
0.5376884422110553,1.2040816326530612,-0.293477087313754
0.5477386934673367,1.2040816326530612,-0.2872399598187645
0.5577889447236182,1.2040816326530612,-0.2810188493839805
0.5678391959798996,1.2040816326530612,-0.27481123453916934
0.5778894472361809,1.2040816326530612,-0.268614592324924
0.5879396984924623,1.2040816326530612,-0.26242641928773874
0.5979899497487438,1.2040816326530612,-0.256244249750938
0.6080402010050252,1.2040816326530612,-0.2500656716875043
0.6180904522613067,1.2040816326530612,-0.24388834048641067
0.6281407035175879,1.2040816326530612,-0.23770999086912423
0.6381909547738693,1.2040816326530612,-0.23152844717938317
0.6482412060301508,1.2040816326530612,-0.22534163223823214
0.6582914572864322,1.2040816326530612,-0.21914757492808445
0.6683417085427137,1.2040816326530612,-0.2129444166447065
0.6783919597989949,1.2040816326530612,-0.20673041673427206
0.6884422110552764,1.2040816326530612,-0.20050395701399243
0.6984924623115578,1.2040816326530612,-0.19426354545911534
0.7085427135678393,1.2040816326530612,-0.18800781912587855
0.7185929648241207,1.2040816326530612,-0.18173554636917738
0.728643216080402,1.2040816326530612,-0.17544562840489691
0.7386934673366834,1.2040816326530612,-0.1691371002597906
0.7487437185929648,1.2040816326530612,-0.16280913114624185
0.7587939698492463,1.2040816326530612,-0.15646102429497236
0.7688442211055277,1.2040816326530612,-0.15009221627554253
0.778894472361809,1.2040816326530612,-0.1437022758321597
0.7889447236180904,1.2040816326530612,-0.1372909022607125
0.7989949748743719,1.2040816326530612,-0.13085792335187696
0.8090452261306533,1.2040816326530612,-0.12440329292459162
0.8190954773869348,1.2040816326530612,-0.11792708797394669
0.829145728643216,1.2040816326530612,-0.11142950545754693
0.8391959798994975,1.2040816326530612,-0.10491085874462777
0.8492462311557789,1.2040816326530612,-0.09837157375250538
0.8592964824120604,1.2040816326530612,-0.09181218479534176
0.8693467336683418,1.2040816326530612,-0.08523333017058399
0.879396984924623,1.2040816326530612,-0.07863574750883509
0.8894472361809045,1.2040816326530612,-0.07202026891322755
0.8994974874371859,1.2040816326530612,-0.06538781591463003
0.9095477386934674,1.2040816326530612,-0.05873939426917493
0.9195979899497488,1.2040816326530612,-0.05207608862463023
0.9296482412060301,1.2040816326530612,-0.04539905708208933
0.9396984924623115,1.2040816326530612,-0.038709525679224144
0.949748743718593,1.2040816326530612,-0.03200878282102837
0.9597989949748744,1.2040816326530612,-0.025298173683512087
0.9698492462311559,1.2040816326530612,-0.018579094615175318
0.9798994974874373,1.2040816326530612,-0.011852987560417666
0.9899497487437185,1.2040816326530612,-0.005121334528104787
1.0,1.2040816326530612,0.0016143478724030824
-1.0,1.2142857142857142,0.019132448357135512
-0.9899497487437185,1.2142857142857142,0.024879753898888246
-0.9798994974874372,1.2142857142857142,0.03064301717174986
-0.9698492462311558,1.2142857142857142,0.03642309319929307
-0.9597989949748744,1.2142857142857142,0.042220855695430076
-0.949748743718593,1.2142857142857142,0.048037192514306104
-0.9396984924623115,1.2142857142857142,0.05387300096360079
-0.9296482412060302,1.2142857142857142,0.05972918301747157
-0.9195979899497487,1.2142857142857142,0.0656066404682134
-0.9095477386934674,1.2142857142857142,0.0715062700580884
-0.8994974874371859,1.2142857142857142,0.07742895863460633
-0.8894472361809045,1.2142857142857142,0.08337557837348061
-0.8793969849246231,1.2142857142857142,0.089346982113646
-0.8693467336683417,1.2142857142857142,0.09534399884765513
-0.8592964824120604,1.2142857142857142,0.10136742940853355
-0.8492462311557789,1.2142857142857142,0.10741804239042871
-0.8391959798994975,1.2142857142857142,0.11349657033503613
-0.8291457286432161,1.2142857142857142,0.11960370620861094
-0.8190954773869347,1.2142857142857142,0.125740100185249
-0.8090452261306533,1.2142857142857142,0.1319063567408355
-0.7989949748743719,1.2142857142857142,0.13810303204854713
-0.7889447236180904,1.2142857142857142,0.14433063165090732
-0.778894472361809,1.2142857142857142,0.15058960836507795
-0.7688442211055276,1.2142857142857142,0.15688036035733044
-0.7587939698492463,1.2142857142857142,0.16320322929947523
-0.7487437185929648,1.2142857142857142,0.16955849849455962
-0.7386934673366834,1.2142857142857142,0.17594639083159058
-0.728643216080402,1.2142857142857142,0.18236706639957156
-0.7185929648241206,1.2142857142857142,0.18882061956023588
-0.7085427135678393,1.2142857142857142,0.1953070752469283
-0.6984924623115578,1.2142857142857142,0.20182638422472698
-0.6884422110552764,1.2142857142857142,0.20837841701487653
-0.6783919597989949,1.2142857142857142,0.2149629561557363
-0.6683417085427136,1.2142857142857142,0.22157968644384474
-0.6582914572864322,1.2142857142857142,0.22822818277342471
-0.6482412060301508,1.2142857142857142,0.2349078951722139
-0.6381909547738693,1.2142857142857142,0.24161813061739335
-0.6281407035175879,1.2142857142857142,0.24835803120938993
-0.6180904522613065,1.2142857142857142,0.2551265482855597
-0.6080402010050251,1.2142857142857142,0.26192241207250144
-0.5979899497487438,1.2142857142857142,0.26874409650766656
-0.5879396984924623,1.2142857142857142,0.2755897789111902
-0.5778894472361809,1.2142857142857142,0.2824572942607095
-0.5678391959798995,1.2142857142857142,0.28934408391959343
-0.5577889447236181,1.2142857142857142,0.2962471387965376
-0.5477386934673367,1.2142857142857142,0.30316293707679287
-0.5376884422110553,1.2142857142857142,0.3100873768671991
-0.5276381909547738,1.2142857142857142,0.3170157043433874
-0.5175879396984925,1.2142857142857142,0.3239424382821003
-0.507537688442211,1.2142857142857142,0.33086129220723826
-0.4974874371859297,1.2142857142857142,0.33776509577556196
-0.48743718592964824,1.2142857142857142,0.34464571747493666
-0.4773869346733668,1.2142857142857142,0.35149399119989255
-0.46733668341708545,1.2142857142857142,0.3582996498006767
-0.457286432160804,1.2142857142857142,0.36505126927205955
-0.44723618090452255,1.2142857142857142,0.37173622787131
-0.4371859296482412,1.2142857142857142,0.3783406851813551
-0.42713567839195976,1.2142857142857142,0.38484958708332306
-0.4170854271356784,1.2142857142857142,0.39124670400565986
-0.40703517587939697,1.2142857142857142,0.3975147120786713
-0.3969849246231155,1.2142857142857142,0.40363533056726697
-0.3869346733668342,1.2142857142857142,0.40958953502265316
-0.37688442211055273,1.2142857142857142,0.4153578749177005
-0.3668341708542714,1.2142857142857142,0.42092093775914075
-0.35678391959798994,1.2142857142857142,0.4262600184182931
-0.3467336683417085,1.2142857142857142,0.4313580700920172
-0.33668341708542715,1.2142857142857142,0.43620102567268826
-0.3266331658291457,1.2142857142857142,0.44077957458479355
-0.31658291457286436,1.2142857142857142,0.4450914458853996
-0.3065326633165829,1.2142857142857142,0.4491441698941099
-0.29648241206030146,1.2142857142857142,0.45295816337705275
-0.2864321608040201,1.2142857142857142,0.4565698226856487
-0.27638190954773867,1.2142857142857142,0.4600341560703307
-0.26633165829145733,1.2142857142857142,0.4634263991851306
-0.2562814070351759,1.2142857142857142,0.4668420876609427
-0.24623115577889443,1.2142857142857142,0.4703952179233255
-0.2361809045226131,1.2142857142857142,0.4742143623806987
-0.22613065326633164,1.2142857142857142,0.4784368224666128
-0.2160804020100502,1.2142857142857142,0.48320101009811256
-0.20603015075376885,1.2142857142857142,0.4886372093677396
-0.1959798994974874,1.2142857142857142,0.49485673378232065
-0.18592964824120606,1.2142857142857142,0.5019393725908972
-0.1758793969849246,1.2142857142857142,0.50991903379353
-0.16582914572864316,1.2142857142857142,0.5187677035538
-0.15577889447236182,1.2142857142857142,0.5283782045892292
-0.14572864321608037,1.2142857142857142,0.5385465912979516
-0.13567839195979903,1.2142857142857142,0.5489552016954933
-0.12562814070351758,1.2142857142857142,0.559157544134487
-0.11557788944723613,1.2142857142857142,0.5685675312391718
-0.10552763819095479,1.2142857142857142,0.5764617878183378
-0.09547738693467334,1.2142857142857142,0.5820232521349102
-0.085427135678392,1.2142857142857142,0.5845006537132295
-0.07537688442211055,1.2142857142857142,0.583635200005102
-0.0653266331658291,1.2142857142857142,0.5805270749700592
-0.055276381909547756,1.2142857142857142,0.578697916473654
-0.045226130653266305,1.2142857142857142,0.5835634206807607
-0.035175879396984966,1.2142857142857142,0.5965914525013832
-0.025125628140703515,1.2142857142857142,0.6021318397760339
-0.015075376884422065,1.2142857142857142,0.5380298504777496
-0.005025125628140725,1.2142857142857142,0.20344602628566255
0.005025125628140614,1.2142857142857142,-0.3813306829678712
0.015075376884422065,1.2142857142857142,-0.6358142454346405
0.025125628140703515,1.2142857142857142,-0.6487322241847125
0.035175879396984966,1.2142857142857142,-0.6258454081652831
0.045226130653266416,1.2142857142857142,-0.6118061378805945
0.055276381909547645,1.2142857142857142,-0.6053453632705847
0.0653266331658291,1.2142857142857142,-0.6016546366540305
0.07537688442211055,1.2142857142857142,-0.5982521683711074
0.085427135678392,1.2142857142857142,-0.5941982088580255
0.09547738693467345,1.2142857142857142,-0.5892053139136226
0.1055276381909549,1.2142857142857142,-0.5832613900327086
0.11557788944723613,1.2142857142857142,-0.5765132004116598
0.12562814070351758,1.2142857142857142,-0.5692140232580507
0.13567839195979903,1.2142857142857142,-0.5616592172062481
0.14572864321608048,1.2142857142857142,-0.5541068225307992
0.15577889447236193,1.2142857142857142,-0.5467122927827206
0.16582914572864316,1.2142857142857142,-0.5395066137204265
0.1758793969849246,1.2142857142857142,-0.532425102068867
0.18592964824120606,1.2142857142857142,-0.5253667701620909
0.1959798994974875,1.2142857142857142,-0.5182509764314734
0.20603015075376896,1.2142857142857142,-0.5110472242418311
0.2160804020100502,1.2142857142857142,-0.5037745362922371
0.22613065326633164,1.2142857142857142,-0.4964818089433456
0.2361809045226131,1.2142857142857142,-0.48922370712909247
0.24623115577889454,1.2142857142857142,-0.48204244030835375
0.256281407035176,1.2142857142857142,-0.47495959083973127
0.2663316582914572,1.2142857142857142,-0.46797693372862925
0.27638190954773867,1.2142857142857142,-0.461082403091436
0.2864321608040201,1.2142857142857142,-0.4542572464783662
0.29648241206030157,1.2142857142857142,-0.4474818577856544
0.306532663316583,1.2142857142857142,-0.44073941064110506
0.31658291457286425,1.2142857142857142,-0.4340174764017078
0.3266331658291457,1.2142857142857142,-0.42730823248963845
0.33668341708542715,1.2142857142857142,-0.4206078800925428
0.3467336683417086,1.2142857142857142,-0.41391573565296247
0.35678391959799005,1.2142857142857142,-0.4072332836973709
0.3668341708542713,1.2142857142857142,-0.40056333911068165
0.37688442211055273,1.2142857142857142,-0.3939093758146626
0.3869346733668342,1.2142857142857142,-0.3872750272118449
0.39698492462311563,1.2142857142857142,-0.38066373889418414
0.4070351758793971,1.2142857142857142,-0.3740785451745662
0.4170854271356783,1.2142857142857142,-0.36752194050705816
0.42713567839195976,1.2142857142857142,-0.36099582023174126
0.4371859296482412,1.2142857142857142,-0.35450146974851066
0.44723618090452266,1.2142857142857142,-0.348039585893829
0.4572864321608041,1.2142857142857142,-0.3416103183970448
0.46733668341708534,1.2142857142857142,-0.33521332265088055
0.4773869346733668,1.2142857142857142,-0.3288478176565375
0.48743718592964824,1.2142857142857142,-0.3225126449907867
0.4974874371859297,1.2142857142857142,-0.3162063261063387
0.5075376884422111,1.2142857142857142,-0.309927116330166
0.5175879396984926,1.2142857142857142,-0.3036730546645374
0.5276381909547738,1.2142857142857142,-0.29744200900187023
0.5376884422110553,1.2142857142857142,-0.2912317166998488
0.5477386934673367,1.2142857142857142,-0.28503982067540434
0.5577889447236182,1.2142857142857142,-0.2788639013014975
0.5678391959798996,1.2142857142857142,-0.2727015044557855
0.5778894472361809,1.2142857142857142,-0.26655016609476573
0.5879396984924623,1.2142857142857142,-0.2604074337251243
0.5979899497487438,1.2142857142857142,-0.254270885125572
0.6080402010050252,1.2142857142857142,-0.24813814464465697
0.6180904522613067,1.2142857142857142,-0.24200689736761444
0.6281407035175879,1.2142857142857142,-0.2358749014115055
0.6381909547738693,1.2142857142857142,-0.22973999857479369
0.6482412060301508,1.2142857142857142,-0.22360012353647873
0.6582914572864322,1.2142857142857142,-0.2174533117714806
0.6683417085427137,1.2142857142857142,-0.21129770632375808
0.6783919597989949,1.2142857142857142,-0.20513156355646917
0.6884422110552764,1.2142857142857142,-0.19895325797941
0.6984924623115578,1.2142857142857142,-0.1927612862378142
0.7085427135678393,1.2142857142857142,-0.18655427033297936
0.7185929648241207,1.2142857142857142,-0.18033096013401484
0.728643216080402,1.2142857142857142,-0.17409023523085654
0.7386934673366834,1.2142857142857142,-0.16783110617140684
0.7487437185929648,1.2142857142857142,-0.1615527151198335
0.7587939698492463,1.2142857142857142,-0.1552543359687009
0.7688442211055277,1.2142857142857142,-0.14893537393418627
0.778894472361809,1.2142857142857142,-0.14259536466126047
0.7889447236180904,1.2142857142857142,-0.1362339728640403
0.7989949748743719,1.2142857142857142,-0.1298509905254419
0.8090452261306533,1.2142857142857142,-0.1234463346796712
0.8190954773869348,1.2142857142857142,-0.11702004480089209
0.829145728643216,1.2142857142857142,-0.1105722798214284
0.8391959798994975,1.2142857142857142,-0.10410331480315252
0.8492462311557789,1.2142857142857142,-0.09761353728603436
0.8592964824120604,1.2142857142857142,-0.09110344333831244
0.8693467336683418,1.2142857142857142,-0.08457363333318901
0.879396984924623,1.2142857142857142,-0.07802480747741705
0.8894472361809045,1.2142857142857142,-0.07145776111753482
0.8994974874371859,1.2142857142857142,-0.06487337984985125
0.9095477386934674,1.2142857142857142,-0.058272634460489775
0.9195979899497488,1.2142857142857142,-0.05165657572194385
0.9296482412060301,1.2142857142857142,-0.04502632907257553
0.9396984924623115,1.2142857142857142,-0.038383089205380666
0.949748743718593,1.2142857142857142,-0.031728114592030426
0.9597989949748744,1.2142857142857142,-0.025062721967852475
0.9698492462311559,1.2142857142857142,-0.018388280802819512
0.9798994974874373,1.2142857142857142,-0.011706207782949507
0.9899497487437185,1.2142857142857142,-0.005017961325734649
1.0,1.2142857142857142,0.00167496384775348
-1.0,1.2244897959183674,0.019913352990525518
-0.9899497487437185,1.2244897959183674,0.025608057962312192
-0.9798994974874372,1.2244897959183674,0.0313186416753109
-0.9698492462311558,1.2244897959183674,0.037045977492539656
-0.9597989949748744,1.2244897959183674,0.04279095729668403
-0.949748743718593,1.2244897959183674,0.04855448706048052
-0.9396984924623115,1.2244897959183674,0.05433748229606811
-0.9296482412060302,1.2244897959183674,0.0601408634193695
-0.9195979899497487,1.2244897959183674,0.06596555106822852
-0.9095477386934674,1.2244897959183674,0.07181246141523245
-0.8994974874371859,1.2244897959183674,0.07768250151771747
-0.8894472361809045,1.2244897959183674,0.0835765647481922
-0.8793969849246231,1.2244897959183674,0.08949552634826372
-0.8693467336683417,1.2244897959183674,0.09544023914782107
-0.8592964824120604,1.2244897959183674,0.10141152948862686
-0.8492462311557789,1.2244897959183674,0.10741019338735475
-0.8391959798994975,1.2244897959183674,0.11343699296734433
-0.8291457286432161,1.2244897959183674,0.11949265318068092
-0.8190954773869347,1.2244897959183674,0.12557785883256145
-0.8090452261306533,1.2244897959183674,0.1316932519080118
-0.7989949748743719,1.2244897959183674,0.13783942918683
-0.7889447236180904,1.2244897959183674,0.14401694011597704
-0.778894472361809,1.2244897959183674,0.15022628488948714
-0.7688442211055276,1.2244897959183674,0.1564679126642392
-0.7587939698492463,1.2244897959183674,0.16274221981573744
-0.7487437185929648,1.2244897959183674,0.16904954811143508
-0.7386934673366834,1.2244897959183674,0.17539018265025808
-0.728643216080402,1.2244897959183674,0.181764349386218
-0.7185929648241206,1.2244897959183674,0.18817221202160783
-0.7085427135678393,1.2244897959183674,0.1946138680218078
-0.6984924623115578,1.2244897959183674,0.20108934346980845
-0.6884422110552764,1.2244897959183674,0.20759858644491552
-0.6783919597989949,1.2244897959183674,0.214141458577652
-0.6683417085427136,1.2244897959183674,0.22071772440273452
-0.6582914572864322,1.2244897959183674,0.22732703810533933
-0.6482412060301508,1.2244897959183674,0.23396892723422769
-0.6381909547738693,1.2244897959183674,0.24064277294027164
-0.6281407035175879,1.2244897959183674,0.24734778629240856
-0.6180904522613065,1.2244897959183674,0.2540829802273057
-0.6080402010050251,1.2244897959183674,0.26084713670638393
-0.5979899497487438,1.2244897959183674,0.26763876868734304
-0.5879396984924623,1.2244897959183674,0.2744560765700128
-0.5778894472361809,1.2244897959183674,0.28129689885207587
-0.5678391959798995,1.2244897959183674,0.2881586568329678
-0.5577889447236181,1.2244897959183674,0.295038293338749
-0.5477386934673367,1.2244897959183674,0.30193220561181355
-0.5376884422110553,1.2244897959183674,0.30883617272209674
-0.5276381909547738,1.2244897959183674,0.3157452781158145
-0.5175879396984925,1.2244897959183674,0.3226538282280318
-0.507537688442211,1.2244897959183674,0.32955526844946614
-0.4974874371859297,1.2244897959183674,0.3364420981570979
-0.48743718592964824,1.2244897959183674,0.3433057869914812
-0.4773869346733668,1.2244897959183674,0.350136695089028
-0.46733668341708545,1.2244897959183674,0.3569240005542833
-0.457286432160804,1.2244897959183674,0.36365563809331547
-0.44723618090452255,1.2244897959183674,0.3703182534540821
-0.4371859296482412,1.2244897959183674,0.37689717920684973
-0.42713567839195976,1.2244897959183674,0.3833764386001387
-0.4170854271356784,1.2244897959183674,0.38973878602375844
-0.40703517587939697,1.2244897959183674,0.3959657954548813
-0.3969849246231155,1.2244897959183674,0.4020380128182608
-0.3869346733668342,1.2244897959183674,0.40793519528990296
-0.37688442211055273,1.2244897959183674,0.4136366710253472
-0.3668341708542714,1.2244897959183674,0.4191218669241248
-0.35678391959798994,1.2244897959183674,0.42437106884641573
-0.3467336683417085,1.2244897959183674,0.4293664946264617
-0.33668341708542715,1.2244897959183674,0.434093767918186
-0.3266331658291457,1.2244897959183674,0.4385438687256241
-0.31658291457286436,1.2244897959183674,0.44271559026174556
-0.3065326633165829,1.2244897959183674,0.4466184402826825
-0.29648241206030146,1.2244897959183674,0.4502757889349046
-0.2864321608040201,1.2244897959183674,0.4537279063809737
-0.27638190954773867,1.2244897959183674,0.457034397682906
-0.26633165829145733,1.2244897959183674,0.4602754867800951
-0.2562814070351759,1.2244897959183674,0.4635516671034452
-0.24623115577889443,1.2244897959183674,0.46698141845068375
-0.2361809045226131,1.2244897959183674,0.4706969259718967
-0.22613065326633164,1.2244897959183674,0.47483793114271466
-0.2160804020100502,1.2244897959183674,0.47954391593510115
-0.20603015075376885,1.2244897959183674,0.48494475317819274
-0.1959798994974874,1.2244897959183674,0.4911498108369343
-0.18592964824120606,1.2244897959183674,0.4982353908581192
-0.1758793969849246,1.2244897959183674,0.5062304260318385
-0.16582914572864316,1.2244897959183674,0.5151005966749304
-0.15577889447236182,1.2244897959183674,0.52473139816992
-0.14572864321608037,1.2244897959183674,0.5349110193671553
-0.13567839195979903,1.2244897959183674,0.5453140112801171
-0.12562814070351758,1.2244897959183674,0.5554867911972361
-0.11557788944723613,1.2244897959183674,0.5648372575037816
-0.10552763819095479,1.2244897959183674,0.5726369007020633
-0.09547738693467334,1.2244897959183674,0.578063163005958
-0.085427135678392,1.2244897959183674,0.5803560085544721
-0.07537688442211055,1.2244897959183674,0.5792398527895715
-0.0653266331658291,1.2244897959183674,0.5757879309222265
-0.055276381909547756,1.2244897959183674,0.5735071922746893
-0.045226130653266305,1.2244897959183674,0.577894290176747
-0.035175879396984966,1.2244897959183674,0.5906492157531098
-0.025125628140703515,1.2244897959183674,0.5961638465072061
-0.015075376884422065,1.2244897959183674,0.5317581870027276
-0.005025125628140725,1.2244897959183674,0.19884877307618753
0.005025125628140614,1.2244897959183674,-0.382292950120716
0.015075376884422065,1.2244897959183674,-0.6373958967260844
0.025125628140703515,1.2244897959183674,-0.6492654892417432
0.035175879396984966,1.2244897959183674,-0.6243654269293368
0.045226130653266416,1.2244897959183674,-0.6088632212116604
0.055276381909547645,1.2244897959183674,-0.601653967280137
0.0653266331658291,1.2244897959183674,-0.5976909375422812
0.07537688442211055,1.2244897959183674,-0.5942879576524134
0.085427135678392,1.2244897959183674,-0.5903837471324935
0.09547738693467345,1.2244897959183674,-0.5856134402789043
0.1055276381909549,1.2244897959183674,-0.5799030560670796
0.11557788944723613,1.2244897959183674,-0.5733464130482033
0.12562814070351758,1.2244897959183674,-0.5661592853081219
0.13567839195979903,1.2244897959183674,-0.5586235920573055
0.14572864321608048,1.2244897959183674,-0.5510103911872124
0.15577889447236193,1.2244897959183674,-0.5435073181452592
0.16582914572864316,1.2244897959183674,-0.5361823468946473
0.1758793969849246,1.2244897959183674,-0.5289983428292706
0.18592964824120606,1.2244897959183674,-0.5218653840313308
0.1959798994974875,1.2244897959183674,-0.5146996368926383
0.20603015075376896,1.2244897959183674,-0.5074608654171087
0.2160804020100502,1.2244897959183674,-0.5001593067785806
0.22613065326633164,1.2244897959183674,-0.4928399353502868
0.2361809045226131,1.2244897959183674,-0.4855584786210084
0.24623115577889454,1.2244897959183674,-0.4783610661938522
0.256281407035176,1.2244897959183674,-0.471273492267672
0.2663316582914572,1.2244897959183674,-0.4643002650442759
0.27638190954773867,1.2244897959183674,-0.4574299691469393
0.2864321608040201,1.2244897959183674,-0.4506427011547764
0.29648241206030157,1.2244897959183674,-0.4439165748417993
0.306532663316583,1.2244897959183674,-0.4372320320504194
0.31658291457286425,1.2244897959183674,-0.4305739586624881
0.3266331658291457,1.2244897959183674,-0.4239321798243283
0.33668341708542715,1.2244897959183674,-0.4173009958687019
0.3467336683417086,1.2244897959183674,-0.4106782833480378
0.35678391959799005,1.2244897959183674,-0.404064499641014
0.3668341708542713,1.2244897959183674,-0.39746177394809745
0.37688442211055273,1.2244897959183674,-0.3908731619053242
0.3869346733668342,1.2244897959183674,-0.3843020792599484
0.39698492462311563,1.2244897959183674,-0.37775189894558514
0.4070351758793971,1.2244897959183674,-0.37122568355726987
0.4170854271356783,1.2244897959183674,-0.3647260231333783
0.42713567839195976,1.2244897959183674,-0.358254950943134
0.4371859296482412,1.2244897959183674,-0.35181391459720424
0.44723618090452266,1.2244897959183674,-0.34540378465699273
0.4572864321608041,1.2244897959183674,-0.339024887290599
0.46733668341708534,1.2244897959183674,-0.3326770511542142
0.4773869346733668,1.2244897959183674,-0.3263596615456721
0.48743718592964824,1.2244897959183674,-0.32007171706436144
0.4974874371859297,1.2244897959183674,-0.3138118856349953
0.5075376884422111,1.2244897959183674,-0.3075785579292679
0.5175879396984926,1.2244897959183674,-0.30136989705278194
0.5276381909547738,1.2244897959183674,-0.2951838839405121
0.5376884422110553,1.2244897959183674,-0.28901835829057376
0.5477386934673367,1.2244897959183674,-0.2828710551154323
0.5577889447236182,1.2244897959183674,-0.27673963714177147
0.5678391959798996,1.2244897959183674,-0.27062172337431906
0.5778894472361809,1.2244897959183674,-0.2645149141767443
0.5879396984924623,1.2244897959183674,-0.25841681322991505
0.5979899497487438,1.2244897959183674,-0.252325046715468
0.6080402010050252,1.2244897959183674,-0.24623728004881662
0.6180904522613067,1.2244897959183674,-0.2401512324556708
0.6281407035175879,1.2244897959183674,-0.23406468965373342
0.6381909547738693,1.2244897959183674,-0.2279755148687997
0.6482412060301508,1.2244897959183674,-0.2218816583835664
0.6582914572864322,1.2244897959183674,-0.21578116578899725
0.6683417085427137,1.2244897959183674,-0.20967218508246194
0.6783919597989949,1.2244897959183674,-0.20355297273436299
0.6884422110552764,1.2244897959183674,-0.19742189882539998
0.6984924623115578,1.2244897959183674,-0.19127745134001925
0.7085427135678393,1.2244897959183674,-0.1851182396875728
0.7185929648241207,1.2244897959183674,-0.17894299751113987
0.728643216080402,1.2244897959183674,-0.17275058483448494
0.7386934673366834,1.2244897959183674,-0.16653998959002878
0.7487437185929648,1.2244897959183674,-0.16031032856470454
0.7587939698492463,1.2244897959183674,-0.15406084779593135
0.7688442211055277,1.2244897959183674,-0.1477909224464519
0.778894472361809,1.2244897959183674,-0.14150005618428343
0.7889447236180904,1.2244897959183674,-0.13518788009223245
0.7989949748743719,1.2244897959183674,-0.12885415113038776
0.8090452261306533,1.2244897959183674,-0.12249875017434153
0.8190954773869348,1.2244897959183674,-0.11612167965172779
0.829145728643216,1.2244897959183674,-0.10972306079969935
0.8391959798994975,1.2244897959183674,-0.10330313056628732
0.8492462311557789,1.2244897959183674,-0.09686223817900655
0.8592964824120604,1.2244897959183674,-0.0904008414045594
0.8693467336683418,1.2244897959183674,-0.08391950252404698
0.879396984924623,1.2244897959183674,-0.07741888404860589
0.8894472361809045,1.2244897959183674,-0.07089974420087045
0.8994974874371859,1.2244897959183674,-0.06436293218806546
0.9095477386934674,1.2244897959183674,-0.05780938329283539
0.9195979899497488,1.2244897959183674,-0.05124011380813029
0.9296482412060301,1.2244897959183674,-0.044656215842511976
0.9396984924623115,1.2244897959183674,-0.03805885202221204
0.949748743718593,1.2244897959183674,-0.03144925011606478
0.9597989949748744,1.2244897959183674,-0.024828697609068195
0.9698492462311559,1.2244897959183674,-0.01819853624990847
0.9798994974874373,1.2244897959183674,-0.01156015659707868
0.9899497487437185,1.2244897959183674,-0.0049149925875486
1.0,1.2244897959183674,0.0017354838490152014
-1.0,1.2346938775510203,0.020706164802740706
-0.9899497487437185,1.2346938775510203,0.026348865403587357
-0.9798994974874372,1.2346938775510203,0.032007393220721186
-0.9698492462311558,1.2346938775510203,0.037682640108944954
-0.9597989949748744,1.2346938775510203,0.04337551628973749
-0.949748743718593,1.2346938775510203,0.04908694604587674
-0.9396984924623115,1.2346938775510203,0.0548178633105198
-0.9296482412060302,1.2346938775510203,0.0605692071865809
-0.9195979899497487,1.2346938775510203,0.06634191743472323
-0.9095477386934674,1.2346938775510203,0.0721369299702665
-0.8994974874371859,1.2346938775510203,0.0779551724106389
-0.8894472361809045,1.2346938775510203,0.08379755971549277
-0.8793969849246231,1.2346938775510203,0.08966498996114619
-0.8693467336683417,1.2346938775510203,0.09555834028935373
-0.8592964824120604,1.2346938775510203,0.10147846306746369
-0.8492462311557789,1.2346938775510203,0.10742618229248754
-0.8391959798994975,1.2346938775510203,0.113402290265393
-0.8291457286432161,1.2346938775510203,0.11940754455378144
-0.8190954773869347,1.2346938775510203,0.12544266525087566
-0.8090452261306533,1.2346938775510203,0.13150833252625793
-0.7989949748743719,1.2346938775510203,0.1376051844488706
-0.7889447236180904,1.2346938775510203,0.1437338150453945
-0.778894472361809,1.2346938775510203,0.1498947725370694
-0.7688442211055276,1.2346938775510203,0.15608855767537533
-0.7587939698492463,1.2346938775510203,0.16231562207171557
-0.7487437185929648,1.2346938775510203,0.16857636638849982
-0.7386934673366834,1.2346938775510203,0.17487113822890155
-0.728643216080402,1.2346938775510203,0.18120022953048726
-0.7185929648241206,1.2346938775510203,0.18756387323406576
-0.7085427135678393,1.2346938775510203,0.19396223896422815
-0.6984924623115578,1.2346938775510203,0.20039542742254768
-0.6884422110552764,1.2346938775510203,0.20686346315927195
-0.6783919597989949,1.2346938775510203,0.21336628535536872
-0.6683417085427136,1.2346938775510203,0.21990373621516712
-0.6582914572864322,1.2346938775510203,0.22647554654188784
-0.6482412060301508,1.2346938775510203,0.23308131804553756
-0.6381909547738693,1.2346938775510203,0.2397205019167824
-0.6281407035175879,1.2346938775510203,0.246392373193419
-0.6180904522613065,1.2346938775510203,0.2530960004503765
-0.6080402010050251,1.2346938775510203,0.2598302103622503
-0.5979899497487438,1.2346938775510203,0.26659354672242536
-0.5879396984924623,1.2346938775510203,0.27338422355815606
-0.5778894472361809,1.2346938775510203,0.28020007206055003
-0.5678391959798995,1.2346938775510203,0.28703848115662983
-0.5577889447236181,1.2346938775510203,0.29389633169232837
-0.5477386934673367,1.2346938775510203,0.30076992437570155
-0.5376884422110553,1.2346938775510203,0.3076549018540877
-0.5276381909547738,1.2346938775510203,0.314546165572723
-0.5175879396984925,1.2346938775510203,0.32143778838997017
-0.507537688442211,1.2346938775510203,0.3283229243094743
-0.4974874371859297,1.2346938775510203,0.3351937171342717
-0.48743718592964824,1.2346938775510203,0.34204121035311763
-0.4773869346733668,1.2346938775510203,0.3488552611361556
-0.46733668341708545,1.2346938775510203,0.35562446195096553
-0.457286432160804,1.2346938775510203,0.36233607402908163
-0.44723618090452255,1.2346938775510203,0.36897597776328994
-0.4371859296482412,1.2346938775510203,0.3755286461963381
-0.42713567839195976,1.2346938775510203,0.3819771492599443
-0.4170854271356784,1.2346938775510203,0.3883031986606792
-0.40703517587939697,1.2346938775510203,0.3944872467835492
-0.3969849246231155,1.2346938775510203,0.4005086583770868
-0.3869346733668342,1.2346938775510203,0.40634598188288573
-0.37688442211055273,1.2346938775510203,0.4119773587105324
-0.3668341708542714,1.2346938775510203,0.4173811234632352
-0.35678391959798994,1.2346938775510203,0.4225366643930232
-0.3467336683417085,1.2346938775510203,0.4274256266843518
-0.33668341708542715,1.2346938775510203,0.4320335431429636
-0.3266331658291457,1.2346938775510203,0.43635195534969684
-0.31658291457286436,1.2346938775510203,0.44038103005890916
-0.3065326633165829,1.2346938775510203,0.44413257247636584
-0.29648241206030146,1.2346938775510203,0.4476331962139686
-0.2864321608040201,1.2346938775510203,0.4509272572866492
-0.27638190954773867,1.2346938775510203,0.45407904533003507
-0.26633165829145733,1.2346938775510203,0.4571737027744094
-0.2562814070351759,1.2346938775510203,0.46031644175550046
-0.24623115577889443,1.2346938775510203,0.4636298293377674
-0.2361809045226131,1.2346938775510203,0.4672491423315176
-0.22613065326633164,1.2346938775510203,0.4713159596562374
-0.2160804020100502,1.2346938775510203,0.47597019632679216
-0.20603015075376885,1.2346938775510203,0.48134068957223464
-0.1959798994974874,1.2346938775510203,0.4875342984150214
-0.18592964824120606,1.2346938775510203,0.4946233883757486
-0.1758793969849246,1.2346938775510203,0.5026316437048461
-0.16582914572864316,1.2346938775510203,0.5115184100131194
-0.15577889447236182,1.2346938775510203,0.5211621396864368
-0.14572864321608037,1.2346938775510203,0.531343809028271
-0.13567839195979903,1.2346938775510203,0.5417312283199129
-0.12562814070351758,1.2346938775510203,0.551865138794652
-0.11557788944723613,1.2346938775510203,0.5611491189039625
-0.10552763819095479,1.2346938775510203,0.5688513274504833
-0.09547738693467334,1.2346938775510203,0.5741453289164379
-0.085427135678392,1.2346938775510203,0.5762632182805331
-0.07537688442211055,1.2346938775510203,0.5749116991389925
-0.0653266331658291,1.2346938775510203,0.5711321471740486
-0.055276381909547756,1.2346938775510203,0.568404824005047
-0.045226130653266305,1.2346938775510203,0.5722899994823306
-0.035175879396984966,1.2346938775510203,0.5847223032279886
-0.025125628140703515,1.2346938775510203,0.5902061855099892
-0.015075376884422065,1.2346938775510203,0.525703746999018
-0.005025125628140725,1.2346938775510203,0.19492704661188598
0.005025125628140614,1.2346938775510203,-0.3828785046002946
0.015075376884422065,1.2346938775510203,-0.6391618153506942
0.025125628140703515,1.2346938775510203,-0.6501268533754823
0.035175879396984966,1.2346938775510203,-0.6231551109230405
0.045226130653266416,1.2346938775510203,-0.6060926619359484
0.055276381909547645,1.2346938775510203,-0.5980518566376114
0.0653266331658291,1.2346938775510203,-0.5937549089183733
0.07537688442211055,1.2346938775510203,-0.5903086164456157
0.085427135678392,1.2346938775510203,-0.5865287276176874
0.09547738693467345,1.2346938775510203,-0.5819732378705138
0.1055276381909549,1.2346938775510203,-0.5765060345695587
0.11557788944723613,1.2346938775510203,-0.5701651589289604
0.12562814070351758,1.2346938775510203,-0.5631227811794429
0.13567839195979903,1.2346938775510203,-0.5556391423626972
0.14572864321608048,1.2346938775510203,-0.5479904970854661
0.15577889447236193,1.2346938775510203,-0.5403920427701645
0.16582914572864316,1.2346938775510203,-0.5329487842356117
0.1758793969849246,1.2346938775510203,-0.5256550565267335
0.18592964824120606,1.2346938775510203,-0.5184372828857914
0.1959798994974875,1.2346938775510203,-0.5112124912719481
0.20603015075376896,1.2346938775510203,-0.5039323472464129
0.2160804020100502,1.2346938775510203,-0.49659791519049035
0.22613065326633164,1.2346938775510203,-0.48924896617503444
0.2361809045226131,1.2346938775510203,-0.4819411367964777
0.24623115577889454,1.2346938775510203,-0.47472395311353643
0.256281407035176,1.2346938775510203,-0.4676275196270019
0.2663316582914572,1.2346938775510203,-0.46065951635727037
0.27638190954773867,1.2346938775510203,-0.4538096560271392
0.2864321608040201,1.2346938775510203,-0.4470572197648972
0.29648241206030157,1.2346938775510203,-0.4403781857564786
0.306532663316583,1.2346938775510203,-0.43375024988994293
0.31658291457286425,1.2346938775510203,-0.42715549939256536
0.3266331658291457,1.2346938775510203,-0.42058124976203737
0.33668341708542715,1.2346938775510203,-0.4140197371129627
0.3467336683417086,1.2346938775510203,-0.4074672503426419
0.35678391959799005,1.2346938775510203,-0.4009230968312747
0.3668341708542713,1.2346938775510203,-0.3943886239063339
0.37688442211055273,1.2346938775510203,-0.38786639718005145
0.3869346733668342,1.2346938775510203,-0.3813595636136853
0.39698492462311563,1.2346938775510203,-0.3748713888033919
0.4070351758793971,1.2346938775510203,-0.3684049415809638
0.4170854271356783,1.2346938775510203,-0.36196289493303524
0.42713567839195976,1.2346938775510203,-0.3555474142452866
0.4371859296482412,1.2346938775510203,-0.34916010834781774
0.44723618090452266,1.2346938775510203,-0.3428020238473677
0.4572864321608041,1.2346938775510203,-0.33647366786863775
0.46733668341708534,1.2346938775510203,-0.33017504823950294
0.4773869346733668,1.2346938775510203,-0.3239057232790672
0.48743718592964824,1.2346938775510203,-0.31766485575003495
0.4974874371859297,1.2346938775510203,-0.3114512673327764
0.5075376884422111,1.2346938775510203,-0.3052634912890757
0.5175879396984926,1.2346938775510203,-0.29909982191898243
0.5276381909547738,1.2346938775510203,-0.2929583600665442
0.5376884422110553,1.2346938775510203,-0.28683705437306817
0.5477386934673367,1.2346938775510203,-0.2807337382672114
0.5577889447236182,1.2346938775510203,-0.274646162862911
0.5678391959798996,1.2346938775510203,-0.26857202604149877
0.5778894472361809,1.2346938775510203,-0.26250899804698585
0.5879396984924623,1.2346938775510203,-0.2564547439409528
0.5979899497487438,1.2346938775510203,-0.2504069432581466
0.6080402010050252,1.2346938775510203,-0.24436330718450405
0.6180904522613067,1.2346938775510203,-0.2383215935522148
0.6281407035175879,1.2346938775510203,-0.23227961991564391
0.6381909547738693,1.2346938775510203,-0.22623527494035064
0.6482412060301508,1.2346938775510203,-0.22018652830681804
0.6582914572864322,1.2346938775510203,-0.21413143930200362
0.6683417085427137,1.2346938775510203,-0.20806816424589597
0.6783919597989949,1.2346938775510203,-0.20199496287738547
0.6884422110552764,1.2346938775510203,-0.19591020380372093
0.6984924623115578,1.2346938775510203,-0.1898123691007758
0.7085427135678393,1.2346938775510203,-0.18370005813685858
0.7185929648241207,1.2346938775510203,-0.1775719906808409
0.728643216080402,1.2346938775510203,-0.17142700934553415
0.7386934673366834,1.2346938775510203,-0.16526408140930332
0.7487437185929648,1.2346938775510203,-0.15908230005268806
0.7587939698492463,1.2346938775510203,-0.15288088504191044
0.7688442211055277,1.2346938775510203,-0.1466591828875244
0.778894472361809,1.2346938775510203,-0.14041666650380213
0.7889447236180904,1.2346938775510203,-0.13415293439262826
0.7989949748743719,1.2346938775510203,-0.12786770937451425
0.8090452261306533,1.2346938775510203,-0.12156083688871144
0.8190954773869348,1.2346938775510203,-0.11523228288420032
0.829145728643216,1.2346938775510203,-0.10888213132341912
0.8391959798994975,1.2346938775510203,-0.10251058132091617
0.8492462311557789,1.2346938775510203,-0.09611794393960998
0.8592964824120604,1.2346938775510203,-0.08970463866787631
0.8693467336683418,1.2346938775510203,-0.08327118960129157
0.879396984924623,1.2346938775510203,-0.07681822135347466
0.8894472361809045,1.2346938775510203,-0.07034645472099912
0.8994974874371859,1.2346938775510203,-0.06385670212783823
0.9095477386934674,1.2346938775510203,-0.05734986287520305
0.9195979899497488,1.2346938775510203,-0.05082691822288685
0.9296482412060301,1.2346938775510203,-0.04428892632840847
0.9396984924623115,1.2346938775510203,-0.037737017070226975
0.949748743718593,1.2346938775510203,-0.031172386781205458
0.9597989949748744,1.2346938775510203,-0.02459629291820592
0.9698492462311559,1.2346938775510203,-0.018010048693299474
0.9798994974874373,1.2346938775510203,-0.011415017691482093
0.9899497487437185,1.2346938775510203,-0.00481260849914894
1.0,1.2346938775510203,0.001795730633326137
-1.0,1.2448979591836735,0.02151041446102886
-0.9899497487437185,1.2448979591836735,0.027101707130995495
-0.9798994974874372,1.2448979591836735,0.03270880293943215
-0.9698492462311558,1.2448979591836735,0.038332612392541904
-0.9597989949748744,1.2448979591836735,0.0439740642321545
-0.949748743718593,1.2448979591836735,0.049634101258596325
-0.9396984924623115,1.2448979591836735,0.05531367606345061
-0.9296482412060302,1.2448979591836735,0.06101374670776899
-0.9195979899497487,1.2448979591836735,0.06673527238356514
-0.9095477386934674,1.2448979591836735,0.07247920909818759
-0.8994974874371859,1.2448979591836735,0.07824650542222672
-0.8894472361809045,1.2448979591836735,0.08403809834182921
-0.8793969849246231,1.2448979591836735,0.08985490925551501
-0.8693467336683417,1.2448979591836735,0.09569784015358831
-0.8592964824120604,1.2448979591836735,0.10156777001489176
-0.8492462311557789,1.2448979591836735,0.10746555145070644
-0.8391959798994975,1.2448979591836735,0.11339200761888257
-0.8291457286432161,1.2448979591836735,0.11934792942263084
-0.8190954773869347,1.2448979591836735,0.12533407299756683
-0.8090452261306533,1.2448979591836735,0.1313511574774444
-0.7989949748743719,1.2448979591836735,0.13739986301340823
-0.7889447236180904,1.2448979591836735,0.1434808290033449
-0.778894472361809,1.2448979591836735,0.14959465246702874
-0.7688442211055276,1.2448979591836735,0.15574188647911363
-0.7587939698492463,1.2448979591836735,0.16192303854574286
-0.7487437185929648,1.2448979591836735,0.16813856878161215
-0.7386934673366834,1.2448979591836735,0.17438888771306194
-0.728643216080402,1.2448979591836735,0.18067435349931243
-0.7185929648241206,1.2448979591836735,0.18699526832883268
-0.7085427135678393,1.2448979591836735,0.19335187371147977
-0.6984924623115578,1.2448979591836735,0.1997443443501269
-0.6884422110552764,1.2448979591836735,0.20617278023888008
-0.6783919597989949,1.2448979591836735,0.21263719659958924
-0.6683417085427136,1.2448979591836735,0.21913751123536196
-0.6582914572864322,1.2448979591836735,0.225673528850604
-0.6482412060301508,1.2448979591836735,0.23224492186321644
-0.6381909547738693,1.2448979591836735,0.23885120721794306
-0.6281407035175879,1.2448979591836735,0.2454917187025044
-0.6180904522613065,1.2448979591836735,0.2521655742725152
-0.6080402010050251,1.2448979591836735,0.25887163791013773
-0.5979899497487438,1.2448979591836735,0.26560847557806244
-0.5879396984924623,1.2448979591836735,0.2723743048885292
-0.5778894472361809,1.2448979591836735,0.27916693819075655
-0.5678391959798995,1.2448979591836735,0.2859837188941329
-0.5577889447236181,1.2448979591836735,0.2928214509939252
-0.5477386934673367,1.2448979591836735,0.2996763219566836
-0.5376884422110553,1.2448979591836735,0.30654381935973457
-0.5276381909547738,1.2448979591836735,0.31341864196874064
-0.5175879396984925,1.2448979591836735,0.32029460628456907
-0.507537688442211,1.2448979591836735,0.32716454999995226
-0.4974874371859297,1.2448979591836735,0.33402023428115785
-0.48743718592964824,1.2448979591836735,0.34085224733343195
-0.4773869346733668,1.2448979591836735,0.34764991232657044
-0.46733668341708545,1.2448979591836735,0.3544012034612427
-0.457286432160804,1.2448979591836735,0.3610926747772752
-0.44723618090452255,1.2448979591836735,0.3677094073063323
-0.4371859296482412,1.2448979591836735,0.37423498147835477
-0.42713567839195976,1.2448979591836735,0.3806514835262286
-0.4170854271356784,1.2448979591836735,0.38693955735684393
-0.40703517587939697,1.2448979591836735,0.3930785174973712
-0.3969849246231155,1.2448979591836735,0.3990465449621643
-0.3869346733668342,1.2448979591836735,0.40482099692093
-0.37688442211055273,1.2448979591836735,0.41037887327929135
-0.3668341708542714,1.2448979591836735,0.41569749816810186
-0.35678391959798994,1.2448979591836735,0.42075548943332886
-0.3467336683417085,1.2448979591836735,0.42553409904351713
-0.33668341708542715,1.2448979591836735,0.43001900263882065
-0.3266331658291457,1.2448979591836735,0.4342025849564133
-0.31658291457286436,1.2448979591836735,0.43808669779886433
-0.3065326633165829,1.2448979591836735,0.44168575421913003
-0.29648241206030146,1.2448979591836735,0.44502987849856956
-0.2864321608040201,1.2448979591836735,0.4481676897580007
-0.27638190954773867,1.2448979591836735,0.4511682078962713
-0.26633165829145733,1.2448979591836735,0.4541213817417601
-0.2562814070351759,1.2448979591836735,0.4571368681302266
-0.24623115577889443,1.2448979591836735,0.4603409037912852
-0.2361809045226131,1.2448979591836735,0.46387133105032785
-0.22613065326633164,1.2448979591836735,0.4678709749217238
-0.2160804020100502,1.2448979591836735,0.472479571694544
-0.20603015075376885,1.2448979591836735,0.4778243346568437
-0.1959798994974874,1.2448979591836735,0.48400909397115655
-0.18592964824120606,1.2448979591836735,0.49110187750643874
-0.1758793969849246,1.2448979591836735,0.4991208967406967
-0.16582914572864316,1.2448979591836735,0.5080191801126533
-0.15577889447236182,1.2448979591836735,0.5176684600651167
-0.14572864321608037,1.2448979591836735,0.527843178377003
-0.13567839195979903,1.2448979591836735,0.5382054557722681
-0.12562814070351758,1.2448979591836735,0.5482917517903867
-0.11557788944723613,1.2448979591836735,0.5575029709150187
-0.10552763819095479,1.2448979591836735,0.5651056715365524
-0.09547738693467334,1.2448979591836735,0.5702710818423385
-0.085427135678392,1.2448979591836735,0.5722242823036647
-0.07537688442211055,1.2448979591836735,0.5706534191005319
-0.0653266331658291,1.2448979591836735,0.5665634002849805
-0.055276381909547756,1.2448979591836735,0.5633962939190081
-0.045226130653266305,1.2448979591836735,0.5667585311646
-0.035175879396984966,1.2448979591836735,0.5788197595380976
-0.025125628140703515,1.2448979591836735,0.5842663430125271
-0.015075376884422065,1.2448979591836735,0.5198739986412907
-0.005025125628140725,1.2448979591836735,0.1916925236352114
0.005025125628140614,1.2448979591836735,-0.3830431604210943
0.015075376884422065,1.2448979591836735,-0.6410873286509411
0.025125628140703515,1.2448979591836735,-0.65131619856571
0.035175879396984966,1.2448979591836735,-0.6222224700349388
0.045226130653266416,1.2448979591836735,-0.6035034492748897
0.055276381909547645,1.2448979591836735,-0.5945471727566243
0.0653266331658291,1.2448979591836735,-0.589853093413158
0.07537688442211055,1.2448979591836735,-0.5863181133328368
0.085427135678392,1.2448979591836735,-0.5826334492319368
0.09547738693467345,1.2448979591836735,-0.5782806122900683
0.1055276381909549,1.2448979591836735,-0.5730619709996321
0.11557788944723613,1.2448979591836735,-0.5669580703027701
0.12562814070351758,1.2448979591836735,-0.5600923447142755
0.13567839195979903,1.2448979591836735,-0.5526954888059306
0.14572864321608048,1.2448979591836735,-0.5450406342073062
0.15577889447236193,1.2448979591836735,-0.5373646737517288
0.16582914572864316,1.2448979591836735,-0.5298082263368835
0.1758793969849246,1.2448979591836735,-0.5224000197567182
0.18592964824120606,1.2448979591836735,-0.5150879475643186
0.1959798994974875,1.2448979591836735,-0.5077945005521816
0.20603015075376896,1.2448979591836735,-0.5004656581419527
0.2160804020100502,1.2448979591836735,-0.49309349505619937
0.22613065326633164,1.2448979591836735,-0.4857115139976219
0.2361809045226131,1.2448979591836735,-0.4783740477022781
0.24623115577889454,1.2448979591836735,-0.47113332642413724
0.256281407035176,1.2448979591836735,-0.4640237219760949
0.2663316582914572,1.2448979591836735,-0.4570564656989985
0.27638190954773867,1.2448979591836735,-0.4502228875371225
0.2864321608040201,1.2448979591836735,-0.4435018336380677
0.29648241206030157,1.2448979591836735,-0.4368673380701124
0.306532663316583,1.2448979591836735,-0.43029436998878856
0.31658291457286425,1.2448979591836735,-0.42376212178584727
0.3266331658291457,1.2448979591836735,-0.41725524593089647
0.33668341708542715,1.2448979591836735,-0.41076374683659206
0.3467336683417086,1.2448979591836735,-0.4042821698868594
0.35678391959799005,1.2448979591836735,-0.3978085403330161
0.3668341708542713,1.2448979591836735,-0.39134331855573024
0.37688442211055273,1.2448979591836735,-0.3848885006509077
0.3869346733668342,1.2448979591836735,-0.3784469072650194
0.39698492462311563,1.2448979591836735,-0.3720216568907877
0.4070351758793971,1.2448979591836735,-0.3656157986099816
0.4170854271356783,1.2448979591836735,-0.35923207272379026
0.42713567839195976,1.2448979591836735,-0.35287276867262984
0.4371859296482412,1.2448979591836735,-0.346539653844147
0.44723618090452266,1.2448979591836735,-0.340233951978754
0.4572864321608041,1.2448979591836735,-0.333956354771071
0.46733668341708534,1.2448979591836735,-0.32770705446618964
0.4773869346733668,1.2448979591836735,-0.3214857886433279
0.48743718592964824,1.2448979591836735,-0.3152918910119109
0.4974874371859297,1.2448979591836735,-0.3091243440272229
0.5075376884422111,1.2448979591836735,-0.30298183058913775
0.5175879396984926,1.2448979591836735,-0.29686278313444203
0.5276381909547738,1.2448979591836735,-0.29076542916940507
0.5376884422110553,1.2448979591836735,-0.28468783279432697
0.5477386934673367,1.2448979591836735,-0.2786279321079631
0.5577889447236182,1.2448979591836735,-0.27258357259440147
0.5678391959798996,1.2448979591836735,-0.26655253672391394
0.5778894472361809,1.2448979591836735,-0.26053257006858477
0.5879396984924623,1.2448979591836735,-0.2545214042625666
0.5979899497487438,1.2448979591836735,-0.24851677713934409
0.6080402010050252,1.2448979591836735,-0.2425164503642483
0.6180904522613067,1.2448979591836735,-0.23651822485667826
0.6281407035175879,1.2448979591836735,-0.23051995426769004
0.6381909547738693,1.2448979591836735,-0.22451955674808818
0.6482412060301508,1.2448979591836735,-0.21851502521202584
0.6582914572864322,1.2448979591836735,-0.21250443627256924
0.6683417085427137,1.2448979591836735,-0.20648595799962866
0.6783919597989949,1.2448979591836735,-0.20045785662731788
0.6884422110552764,1.2448979591836735,-0.19441850231737734
0.6984924623115578,1.2448979591836735,-0.18836637406776052
0.7085427135678393,1.2448979591836735,-0.18230006384050873
0.7185929648241207,1.2448979591836735,-0.17621827997068742
0.728643216080402,1.2448979591836735,-0.17011984990786216
0.7386934673366834,1.2448979591836735,-0.16400372233340738
0.7487437185929648,1.2448979591836735,-0.15786896869032127
0.7587939698492463,1.2448979591836735,-0.1517147841571915
0.7688442211055277,1.2448979591836735,-0.14554048809408124
0.778894472361809,1.2448979591836735,-0.13934552398533598
0.7889447236180904,1.2448979591836735,-0.13312945890236386
0.7989949748743719,1.2448979591836735,-0.12689198250822878
0.8090452261306533,1.2448979591836735,-0.12063290562522122
0.8190954773869348,1.2448979591836735,-0.11435215838634494
0.829145728643216,1.2448979591836735,-0.10804978799178039
0.8391959798994975,1.2448979591836735,-0.10172595609171936
0.8492462311557789,1.2448979591836735,-0.09538093581750531
0.8592964824120604,1.2448979591836735,-0.08901510848361271
0.8693467336683418,1.2448979591836735,-0.08262895998368872
0.879396984924623,1.2448979591836735,-0.07622307690452174
0.8894472361809045,1.2448979591836735,-0.06979814238246665
0.8994974874371859,1.2448979591836735,-0.0633549317273562
0.9095477386934674,1.2448979591836735,-0.05689430783949245
0.9195979899497488,1.2448979591836735,-0.05041721644556163
0.9296482412060301,1.2448979591836735,-0.04392468117962356
0.9396984924623115,1.2448979591836735,-0.0374177985353944
0.949748743718593,1.2448979591836735,-0.030897732715969906
0.9597989949748744,1.2448979591836735,-0.024365710406977353
0.9698492462311559,1.2448979591836735,-0.017823015498763417
0.9798994974874373,1.2448979591836735,-0.011270983782742439
0.9899497487437185,1.2448979591836735,-0.004710997646391546
1.0,1.2448979591836735,0.0018555192093802908
-1.0,1.2551020408163265,0.022325625250379566
-0.9899497487437185,1.2551020408163265,0.027866106765222026
-0.9798994974874372,1.2551020408163265,0.03342239472263345
-0.9698492462311558,1.2551020408163265,0.03899541844819959
-0.9597989949748744,1.2551020408163265,0.044586125398510895
-0.949748743718593,1.2551020408163265,0.05019547711654393
-0.9396984924623115,1.2551020408163265,0.05582444511234291
-0.9296482412060302,1.2551020408163265,0.06147400670417669
-0.9195979899497487,1.2551020408163265,0.06714514085748247
-0.9095477386934674,1.2551020408163265,0.07283882406037237
-0.8994974874371859,1.2551020408163265,0.07855602627528327
-0.8894472361809045,1.2551020408163265,0.0842977070062732
-0.8793969849246231,1.2551020408163265,0.09006481152032372
-0.8693467336683417,1.2551020408163265,0.0958582672586562
-0.8592964824120604,1.2551020408163265,0.10167898047028776
-0.8492462311557789,1.2551020408163265,0.10752783309465855
-0.8391959798994975,1.2551020408163265,0.11340567991292771
-0.8291457286432161,1.2551020408163265,0.11931334597830978
-0.8190954773869347,1.2551020408163265,0.12525162432438053
-0.8090452261306533,1.2551020408163265,0.13122127393641952
-0.7989949748743719,1.2551020408163265,0.13722301795451963
-0.7889447236180904,1.2551020408163265,0.14325754205810198
-0.778894472361809,1.2551020408163265,0.14932549295971748
-0.7688442211055276,1.2551020408163265,0.15542747691139402
-0.7587939698492463,1.2551020408163265,0.1615640580994443
-0.7487437185929648,1.2551020408163265,0.16773575677363178
-0.7386934673366834,1.2551020408163265,0.173943046924107
-0.728643216080402,1.2551020408163265,0.1801863532848249
-0.7185929648241206,1.2551020408163265,0.18646604740572342
-0.7085427135678393,1.2551020408163265,0.19278244249821397
-0.6984924623115578,1.2551020408163265,0.19913578672025856
-0.6884422110552764,1.2551020408163265,0.20552625452931028
-0.6783919597989949,1.2551020408163265,0.211953935694618
-0.6683417085427136,1.2551020408163265,0.21841882152617803
-0.6582914572864322,1.2551020408163265,0.22492078784720104
-0.6482412060301508,1.2551020408163265,0.23145957421218888
-0.6381909547738693,1.2551020408163265,0.23803475885532005
-0.6281407035175879,1.2551020408163265,0.24464572884622793
-0.6180904522613065,1.2551020408163265,0.25129164493483336
-0.6080402010050251,1.2551020408163265,0.25797140058676615
-0.5979899497487438,1.2551020408163265,0.26468357474935444
-0.5879396984924623,1.2551020408163265,0.27142637794929503
-0.5778894472361809,1.2551020408163265,0.2781975914111225
-0.5678391959798995,1.2551020408163265,0.2849944990058271
-0.5577889447236181,1.2551020408163265,0.2918138119966669
-0.5477386934673367,1.2551020408163265,0.29865158675060444
-0.5376884422110553,1.2551020408163265,0.30550313583500244
-0.5276381909547738,1.2551020408163265,0.31236293322650066
-0.5175879396984925,1.2551020408163265,0.31922451472841346
-0.507537688442211,1.2551020408163265,0.32608037512999477
-0.4974874371859297,1.2551020408163265,0.3329218641508497
-0.48743718592964824,1.2551020408163265,0.3397390838029791
-0.4773869346733668,1.2551020408163265,0.3465207904816757
-0.46733668341708545,1.2551020408163265,0.3532543058856297
-0.457286432160804,1.2551020408163265,0.3599254418088129
-0.44723618090452255,1.2551020408163265,0.36651844502557973
-0.4371859296482412,1.2551020408163265,0.37301597005776144
-0.42713567839195976,1.2551020408163265,0.3793990898235715
-0.4170854271356784,1.2551020408163265,0.3856473574161471
-0.40703517587939697,1.2551020408163265,0.3917389370898443
-0.3969849246231155,1.2551020408163265,0.397650829594115
-0.3869346733668342,1.2551020408163265,0.4033592268629257
-0.37688442211055273,1.2551020408163265,0.40884004384370864
-0.3668341708542714,1.2551020408163265,0.41406968986282344
-0.35678391959798994,1.2551020408163265,0.4190261551490111
-0.3467336683417085,1.2551020408163265,0.4236904935900492
-0.33668341708542715,1.2551020408163265,0.4280487705954573
-0.3266331658291457,1.2551020408163265,0.4320945031137937
-0.31658291457286436,1.2551020408163265,0.4358315376953156
-0.3065326633165829,1.2551020408163265,0.4392771918790359
-0.29648241206030146,1.2551020408163265,0.44246534148870587
-0.2864321608040201,1.2551020408163265,0.4454490094303194
-0.27638190954773867,1.2551020408163265,0.4483019500420161
-0.26633165829145733,1.2551020408163265,0.4511187671569914
-0.2562814070351759,1.2551020408163265,0.4540132582737534
-0.24623115577889443,1.2551020408163265,0.45711489646083303
-0.2361809045226131,1.2551020408163265,0.4605635639977159
-0.22613065326633164,1.2551020408163265,0.46450275669640406
-0.2160804020100502,1.2551020408163265,0.46907144923507504
-0.20603015075376885,1.2551020408163265,0.4743946810740194
-0.1959798994974874,1.2551020408163265,0.48057277843503077
-0.18592964824120606,1.2551020408163265,0.48766907846724084
-0.1758793969849246,1.2551020408163265,0.49569614378513027
-0.16582914572864316,1.2551020408163265,0.5046007471974537
-0.15577889447236182,1.2551020408163265,0.5142482589398035
-0.14572864321608037,1.2551020408163265,0.5244072835326197
-0.13567839195979903,1.2551020408163265,0.5347353008545609
-0.12562814070351758,1.2551020408163265,0.5447658540179757
-0.11557788944723613,1.2551020408163265,0.5538987625377065
-0.10552763819095479,1.2551020408163265,0.561400636740781
-0.09547738693467334,1.2551020408163265,0.5664418277502503
-0.085427135678392,1.2551020408163265,0.5682412129310316
-0.07537688442211055,1.2551020408163265,0.5664676142645111
-0.0653266331658291,1.2551020408163265,0.5620851867351185
-0.055276381909547756,1.2551020408163265,0.5584868573771327
-0.045226130653266305,1.2551020408163265,0.5613077881131595
-0.035175879396984966,1.2551020408163265,0.5729508821387796
-0.025125628140703515,1.2551020408163265,0.5783517584162258
-0.015075376884422065,1.2551020408163265,0.5142738843345737
-0.005025125628140725,1.2551020408163265,0.1891521412258947
0.005025125628140614,1.2551020408163265,-0.38274274181392853
0.015075376884422065,1.2551020408163265,-0.6431456643728843
0.025125628140703515,1.2551020408163265,-0.6528324303024211
0.035175879396984966,1.2551020408163265,-0.6215753414477839
0.045226130653266416,1.2551020408163265,-0.6011046395301869
0.055276381909547645,1.2551020408163265,-0.5911482702603568
0.0653266331658291,1.2551020408163265,-0.5859925153656256
0.07537688442211055,1.2551020408163265,-0.5823212543435252
0.085427135678392,1.2551020408163265,-0.5786993534179458
0.09547738693467345,1.2551020408163265,-0.5745327119528659
0.1055276381909549,1.2551020408163265,-0.569563534897671
0.11557788944723613,1.2551020408163265,-0.5637142455011579
0.12562814070351758,1.2551020408163265,-0.557055490515464
0.13567839195979903,1.2551020408163265,-0.5497811521266152
0.14572864321608048,1.2551020408163265,-0.5421526898373784
0.15577889447236193,1.2551020408163265,-0.5344217564805598
0.16582914572864316,1.2551020408163265,-0.5267616926596103
0.1758793969849246,1.2551020408163265,-0.5192373390269843
0.18592964824120606,1.2551020408163265,-0.5118227612018268
0.1959798994974875,1.2551020408163265,-0.5044508816307424
0.20603015075376896,1.2551020408163265,-0.49706515187320444
0.2160804020100502,1.2551020408163265,-0.4896494954314122
0.22613065326633164,1.2551020408163265,-0.4822304071515203
0.2361809045226131,1.2551020408163265,-0.47485971674299965
0.24623115577889454,1.2551020408163265,-0.4675915198570531
0.256281407035176,1.2551020408163265,-0.4604642586242791
0.2663316582914572,1.2551020408163265,-0.45349301389093816
0.27638190954773867,1.2551020408163265,-0.44667121760876405
0.2864321608040201,1.2551020408163265,-0.4399777005734435
0.29648241206030157,1.2551020408163265,-0.4333847923312911
0.306532663316583,1.2551020408163265,-0.4268647918604215
0.31658291457286425,1.2551020408163265,-0.4203939214598852
0.3266331658291457,1.2551020408163265,-0.41395402397484166
0.33668341708542715,1.2551020408163265,-0.4075327020577012
0.3467336683417086,1.2551020408163265,-0.4011225942260831
0.35678391959799005,1.2551020408163265,-0.39472030220093407
0.3668341708542713,1.2551020408163265,-0.3883252851599786
0.37688442211055273,1.2551020408163265,-0.3819388820195779
0.3869346733668342,1.2551020408163265,-0.37556352275571836
0.39698492462311563,1.2551020408163265,-0.36920213351592734
0.4070351758793971,1.2551020408163265,-0.36285771337488215
0.4170854271356783,1.2551020408163265,-0.35653305105072897
0.42713567839195976,1.2551020408163265,-0.35023054951865795
0.4371859296482412,1.2551020408163265,-0.3439521302304659
0.44723618090452266,1.2551020408163265,-0.337699193794621
0.4572864321608041,1.2551020408163265,-0.3314726190932312
0.46733668341708534,1.2551020408163265,-0.3252727873037432
0.4773869346733668,1.2551020408163265,-0.31909962096858563
0.48743718592964824,1.2551020408163265,-0.31295263113319904
0.4974874371859297,1.2551020408163265,-0.30683096775537777
0.5075376884422111,1.2551020408163265,-0.3007334702033402
0.5175879396984926,1.2551020408163265,-0.294658715828483
0.5276381909547738,1.2551020408163265,-0.28860506542679376
0.5376884422110553,1.2551020408163265,-0.2825707049762941
0.5477386934673367,1.2551020408163265,-0.2765536834242809
0.5577889447236182,1.2551020408163265,-0.2705519465493691
0.5678391959798996,1.2551020408163265,-0.26456336707848793
0.5778894472361809,1.2551020408163265,-0.2585857713268962
0.5879396984924623,1.2551020408163265,-0.25261696267136746
0.5979899497487438,1.2551020408163265,-0.24665474217809374
0.6080402010050252,1.2551020408163265,-0.24069692669878015
0.6180904522613067,1.2551020408163265,-0.23474136472839424
0.6281407035175879,1.2551020408163265,-0.22878595029168258
0.6381909547738693,1.2551020408163265,-0.22282863509632023
0.6482412060301508,1.2551020408163265,-0.2168674391610686
0.6582914572864322,1.2551020408163265,-0.2109004600989083
0.6683417085427137,1.2551020408163265,-0.2049258812088913
0.6783919597989949,1.2551020408163265,-0.19894197850677112
0.6884422110552764,1.2551020408163265,-0.1929471268036351
0.6984924623115578,1.2551020408163265,-0.18693980492368184
0.7085427135678393,1.2551020408163265,-0.1809186001369158
0.7185929648241207,1.2551020408163265,-0.17488221186964392
0.728643216080402,1.2551020408163265,-0.16882945474503055
0.7386934673366834,1.2551020408163265,-0.16275926099733312
0.7487437185929648,1.2551020408163265,-0.15667068229658984
0.7587939698492463,1.2551020408163265,-0.15056289101518
0.7688442211055277,1.2551020408163265,-0.14443518096362323
0.778894472361809,1.2551020408163265,-0.13828696762003803
0.7889447236180904,1.2551020408163265,-0.13211778787563203
0.7989949748743719,1.2551020408163265,-0.12592729931725358
0.8090452261306533,1.2551020408163265,-0.1197152790673606
0.8190954773869348,1.2551020408163265,-0.11348162220148528
0.829145728643216,1.2551020408163265,-0.10722633976339188
0.8391959798994975,1.2551020408163265,-0.10094955639850839
0.8492462311557789,1.2551020408163265,-0.09465150762675514
0.8592964824120604,1.2551020408163265,-0.08833253677657951
0.8693467336683418,1.2551020408163265,-0.08199309160273272
0.879396984924623,1.2551020408163265,-0.07563372061105153
0.8894472361809045,1.2551020408163265,-0.06925506911423124
0.8994974874371859,1.2551020408163265,-0.0628578750431994
0.9095477386934674,1.2551020408163265,-0.056442964539267476
0.9195979899497488,1.2551020408163265,-0.05001124735266907
0.9296482412060301,1.2551020408163265,-0.04356371207340065
0.9396984924623115,1.2551020408163265,-0.03710142122047308
0.949748743718593,1.2551020408163265,-0.030625506215687492
0.9597989949748744,1.2551020408163265,-0.024137162267945655
0.9698492462311559,1.2551020408163265,-0.017637643193822328
0.9798994974874373,1.2551020408163265,-0.01112825619968949
0.9899497487437185,1.2551020408163265,-0.004610356650144004
1.0,1.2551020408163265,0.0019146571532767387
-1.0,1.2653061224489797,0.02315131375202026
-0.9899497487437185,1.2653061224489797,0.028641581260187954
-0.9798994974874372,1.2653061224489797,0.03414768578660571
-0.9698492462311558,1.2653061224489797,0.03967057565401755
-0.9597989949748744,1.2653061224489797,0.045211217242669105
-0.949748743718593,1.2653061224489797,0.050770591082785727
-0.9396984924623115,1.2653061224489797,0.05634968788767808
-0.9296482412060302,1.2653061224489797,0.06194950456228293
-0.9195979899497487,1.2653061224489797,0.06757104022378724
-0.9095477386934674,1.2653061224489797,0.07321529227223203
-0.8994974874371859,1.2653061224489797,0.078883252549484
-0.8894472361809045,1.2653061224489797,0.08457590362454268
-0.8793969849246231,1.2653061224489797,0.09029421524167536
-0.8693467336683417,1.2653061224489797,0.09603914096508329
-0.8592964824120604,1.2653061224489797,0.10181161504958841
-0.8492462311557789,1.2653061224489797,0.10761254956092428
-0.8391959798994975,1.2653061224489797,0.11344283176146241
-0.8291457286432161,1.2653061224489797,0.11930332176734582
-0.8190954773869347,1.2653061224489797,0.12519485047092
-0.8090452261306533,1.2653061224489797,0.13111821770778176
-0.7989949748743719,1.2653061224489797,0.13707419063060922
-0.7889447236180904,1.2653061224489797,0.14306350223206132
-0.778894472361809,1.2653061224489797,0.14908684993629517
-0.7688442211055276,1.2653061224489797,0.15514489415309796
-0.7587939698492463,1.2653061224489797,0.16123825666023295
-0.7487437185929648,1.2653061224489797,0.16736751864845179
-0.7386934673366834,1.2653061224489797,0.17353321822999657
-0.728643216080402,1.2653061224489797,0.17973584717548657
-0.7185929648241206,1.2653061224489797,0.1859758466063957
-0.7085427135678393,1.2653061224489797,0.19225360133130787
-0.6984924623115578,1.2653061224489797,0.19856943247455394
-0.6884422110552764,1.2653061224489797,0.20492358800654398
-0.6783919597989949,1.2653061224489797,0.21131623074708977
-0.6683417085427136,1.2653061224489797,0.21774742337758857
-0.6582914572864322,1.2653061224489797,0.22421710996650823
-0.6482412060301508,1.2653061224489797,0.23072509348695835
-0.6381909547738693,1.2653061224489797,0.23727100878718077
-0.6281407035175879,1.2653061224489797,0.24385429046699142
-0.6180904522613065,1.2653061224489797,0.2504741351181531
-0.6080402010050251,1.2653061224489797,0.257129457407612
-0.5979899497487438,1.2653061224489797,0.2638188395230323
-0.5879396984924623,1.2653061224489797,0.2705404735644078
-0.5778894472361809,1.2653061224489797,0.27729209655843146
-0.5678391959798995,1.2653061224489797,0.28407091789918676
-0.5577889447236181,1.2653061224489797,0.2908735391856757
-0.5477386934673367,1.2653061224489797,0.2976958666400388
-0.5376884422110553,1.2653061224489797,0.304533016557169
-0.5276381909547738,1.2653061224489797,0.31137921456358364
-0.5175879396984925,1.2653061224489797,0.3182276898580239
-0.507537688442211,1.2653061224489797,0.3250705660753199
-0.4974874371859297,1.2653061224489797,0.331898750966106
-0.48743718592964824,1.2653061224489797,0.33870182772813473
-0.4773869346733668,1.2653061224489797,0.3454679515763405
-0.46733668341708545,1.2653061224489797,0.35218375602858293
-0.457286432160804,1.2653061224489797,0.35883427446906346
-0.44723618090452255,1.2653061224489797,0.36540288393527387
-0.4371859296482412,1.2653061224489797,0.3718712799352417
-0.42713567839195976,1.2653061224489797,0.37821949372462527
-0.4170854271356784,1.2653061224489797,0.38442596727563894
-0.40703517587939697,1.2653061224489797,0.39046770669688613
-0.3969849246231155,1.2653061224489797,0.39632054270438033
-0.3869346733668342,1.2653061224489797,0.4019595373010836
-0.37688442211055273,1.2653061224489797,0.4073595888447882
-0.3668341708542714,1.2653061224489797,0.412496301518952
-0.35678391959798994,1.2653061224489797,0.4173471958542344
-0.3467336683417085,1.2653061224489797,0.42189333719450517
-0.33668341708542715,1.2653061224489797,0.42612143860968965
-0.3266331658291457,1.2653061224489797,0.43002644254036626
-0.31658291457286436,1.2653061224489797,0.43361449431848154
-0.3065326633165829,1.2653061224489797,0.4369060950619258
-0.29648241206030146,1.2653061224489797,0.4399390838633739
-0.2864321608040201,1.2653061224489797,0.4427709905341002
-0.27638190954773867,1.2653061224489797,0.4454802678435379
-0.26633165829145733,1.2653061224489797,0.4481659874633884
-0.2562814070351759,1.2653061224489797,0.4509457585175005
-0.24623115577889443,1.2653061224489797,0.45395184690750123
-0.2361809045226131,1.2653061224489797,0.457325655029299
-0.22613065326633164,1.2653061224489797,0.46121079439713053
-0.2160804020100502,1.2653061224489797,0.4657449270335625
-0.20603015075376885,1.2653061224489797,0.4710504089431842
-0.1959798994974874,1.2653061224489797,0.47722363291580694
-0.18592964824120606,1.2653061224489797,0.4843229401978767
-0.1758793969849246,1.2653061224489797,0.4923551152080601
-0.16582914572864316,1.2653061224489797,0.5012607780210817
-0.15577889447236182,1.2653061224489797,0.5108993250068047
-0.14572864321608037,1.2653061224489797,0.5210342344028658
-0.13567839195979903,1.2653061224489797,0.5313193846906594
-0.12562814070351758,1.2653061224489797,0.5412867311633399
-0.11557788944723613,1.2653061224489797,0.5503365329032573
-0.10552763819095479,1.2653061224489797,0.5577370192003056
-0.09547738693467334,1.2653061224489797,0.5626590368835982
-0.085427135678392,1.2653061224489797,0.5643160270882
-0.07537688442211055,1.2653061224489797,0.562356802831811
-0.0653266331658291,1.2653061224489797,0.5577008182357247
-0.055276381909547756,1.2653061224489797,0.5536815248689567
-0.045226130653266305,1.2653061224489797,0.5559455431547524
-0.035175879396984966,1.2653061224489797,0.5671251542746388
-0.025125628140703515,1.2653061224489797,0.5724697948780999
-0.015075376884422065,1.2653061224489797,0.5089058563237845
-0.005025125628140725,1.2653061224489797,0.18730799104264545
0.005025125628140614,1.2653061224489797,-0.381933279072466
0.015075376884422065,1.2653061224489797,-0.6453078490770379
0.025125628140703515,1.2653061224489797,-0.6546733928634606
0.035175879396984966,1.2653061224489797,-0.6212213667052542
0.045226130653266416,1.2653061224489797,-0.5989053424964389
0.055276381909547645,1.2653061224489797,-0.5878636707802796
0.0653266331658291,1.2653061224489797,-0.5821806003175557
0.07537688442211055,1.2653061224489797,-0.5783235961707256
0.085427135678392,1.2653061224489797,-0.5747289734852392
0.09547738693467345,1.2653061224489797,-0.5707279550420303
0.1055276381909549,1.2653061224489797,-0.5660045476111228
0.11557788944723613,1.2653061224489797,-0.5604234658092647
0.12562814070351758,1.2653061224489797,-0.5539996671227613
0.13567839195979903,1.2653061224489797,-0.5468837615288855
0.14572864321608048,1.2653061224489797,-0.539317032009082
0.15577889447236193,1.2653061224489797,-0.5315581090990706
0.16582914572864316,1.2653061224489797,-0.5238087356110663
0.1758793969849246,1.2653061224489797,-0.5161702245902213
0.18592964824120606,1.2653061224489797,-0.5086468242237951
0.1959798994974875,1.2653061224489797,-0.5011870051866132
0.20603015075376896,1.2653061224489797,-0.49373552242858965
0.2160804020100502,1.2653061224489797,-0.486269700101135
0.22613065326633164,1.2653061224489797,-0.4788087199507153
0.2361809045226131,1.2653061224489797,-0.4714008107714636
0.24623115577889454,1.2653061224489797,-0.4641009854566386
0.256281407035176,1.2653061224489797,-0.4569514012767179
0.2663316582914572,1.2653061224489797,-0.44997118457067714
0.27638190954773867,1.2653061224489797,-0.4431563316770396
0.2864321608040201,1.2653061224489797,-0.4364861085216665
0.29648241206030157,1.2653061224489797,-0.42993142755794866
0.306532663316583,1.2653061224489797,-0.42346201496084407
0.31658291457286425,1.2653061224489797,-0.4170510726462687
0.3266331658291457,1.2653061224489797,-0.4106774971171596
0.33668341708542715,1.2653061224489797,-0.40432631846789413
0.3467336683417086,1.2653061224489797,-0.39798809830472226
0.35678391959799005,1.2653061224489797,-0.39165786427286675
0.3668341708542713,1.2653061224489797,-0.38533395066715337
0.37688442211055273,1.2653061224489797,-0.37901694299049227
0.3869346733668342,1.2653061224489797,-0.3727088089318673
0.39698492462311563,1.2653061224489797,-0.36641223117236044
0.4070351758793971,1.2653061224489797,-0.3601301239055712
0.4170854271356783,1.2653061224489797,-0.35386530182168124
0.42713567839195976,1.2653061224489797,-0.3476202682281494
0.4371859296482412,1.2653061224489797,-0.34139709214256153
0.44723618090452266,1.2653061224489797,-0.3351973492900191
0.4572864321608041,1.2653061224489797,-0.32902210726299963
0.46733668341708534,1.2653061224489797,-0.3228719398825606
0.4773869346733668,1.2653061224489797,-0.3167469597674559
0.48743718592964824,1.2653061224489797,-0.31064686125442886
0.4974874371859297,1.2653061224489797,-0.30457096821036034
0.5075376884422111,1.2653061224489797,-0.2985182830625007
0.5175879396984926,1.2653061224489797,-0.29248753467384814
0.5276381909547738,1.2653061224489797,-0.28647722361916456
0.5376884422110553,1.2653061224489797,-0.280485664065511
0.5477386934673367,1.2653061224489797,-0.27451102190294074
0.5577889447236182,1.2653061224489797,-0.26855134906263656
0.5678391959798996,1.2653061224489797,-0.2626046141439843
0.5778894472361809,1.2653061224489797,-0.2566687295808436
0.5879396984924623,1.2653061224489797,-0.2507415756338694
0.5979899497487438,1.2653061224489797,-0.24482102151729251
0.6080402010050252,1.2653061224489797,-0.23890494396723855
0.6180904522613067,1.2653061224489797,-0.23299124354317138
0.6281407035175879,1.2653061224489797,-0.2270778589304495
0.6381909547738693,1.2653061224489797,-0.2211627794843793
0.6482412060301508,1.2653061224489797,-0.21524405622746323
0.6582914572864322,1.2653061224489797,-0.2093198114834061
0.6683417085427137,1.2653061224489797,-0.20338824730511765
0.6783919597989949,1.2653061224489797,-0.1974476528300101
0.6884422110552764,1.2653061224489797,-0.1914964106745617
0.6984924623115578,1.2653061224489797,-0.185533002461617
0.7085427135678393,1.2653061224489797,-0.17955601355800233
0.7185929648241207,1.2653061224489797,-0.1735641370866764
0.728643216080402,1.2653061224489797,-0.16755617726657474
0.7386934673366834,1.2653061224489797,-0.16153105212428798
0.7487437185929648,1.2653061224489797,-0.15548779561450127
0.7587939698492463,1.2653061224489797,-0.14942555918051928
0.7688442211055277,1.2653061224489797,-0.1433436127818811
0.778894472361809,1.2653061224489797,-0.13724134541297106
0.7889447236180904,1.2653061224489797,-0.13111826513428382
0.7989949748743719,1.2653061224489797,-0.12497399863665007
0.8090452261306533,1.2653061224489797,-0.11880829035788826
0.8190954773869348,1.2653061224489797,-0.11262100117111212
0.829145728643216,1.2653061224489797,-0.10641210666399503
0.8391959798994975,1.2653061224489797,-0.10018169502870133
0.8492462311557789,1.2653061224489797,-0.09392996458276356
0.8592964824120604,1.2653061224489797,-0.08765722094193473
0.8693467336683418,1.2653061224489797,-0.08136387386679458
0.879396984924623,1.2653061224489797,-0.07505043380573392
0.8894472361809045,1.2653061224489797,-0.06871750815769215
0.8994974874371859,1.2653061224489797,-0.062365797278767676
0.9095477386934674,1.2653061224489797,-0.05599609025743013
0.9195979899497488,1.2653061224489797,-0.04960926048362441
0.9296482412060301,1.2653061224489797,-0.04320626103741468
0.9396984924623115,1.2653061224489797,-0.0367881199231099
0.949748743718593,1.2653061224489797,-0.03035593517489424
0.9597989949748744,1.2653061224489797,-0.023910869859969874
0.9698492462311559,1.2653061224489797,-0.017454147004993203
0.9798994974874373,1.2653061224489797,-0.010987044471265944
0.9899497487437185,1.2653061224489797,-0.0045108898036008704
1.0,1.2653061224489797,0.001972944922835035
-1.0,1.2755102040816326,0.02398699047349015
-0.9899497487437185,1.2755102040816326,0.02942764147830565
-0.9798994974874372,1.2755102040816326,0.0348841871956834
-0.9698492462311558,1.2755102040816326,0.0403575951348317
-0.9597989949748744,1.2755102040816326,0.045848850825051024
-0.949748743718593,1.2755102040816326,0.051358954050172906
-0.9396984924623115,1.2755102040816326,0.05688891503892979
-0.9296482412060302,1.2755102040816326,0.062439750645600395
-0.9195979899497487,1.2755102040816326,0.06801248055686748
-0.9095477386934674,1.2755102040816326,0.07360812356177107
-0.8994974874371859,1.2755102040816326,0.07922769392184306
-0.8894472361809045,1.2755102040816326,0.084872197877714
-0.8793969849246231,1.2755102040816326,0.09054263032661378
-0.8693467336683417,1.2755102040816326,0.09623997170197682
-0.8592964824120604,1.2755102040816326,0.10196518508163832
-0.8492462311557789,1.2755102040816326,0.10771921354470695
-0.8391959798994975,1.2755102040816326,0.11350297778881935
-0.8291457286432161,1.2755102040816326,0.11931737400902098
-0.8190954773869347,1.2755102040816326,0.12516327202671707
-0.8090452261306533,1.2755102040816326,0.13104151364182642
-0.7989949748743719,1.2755102040816326,0.1369529111633021
-0.7889447236180904,1.2755102040816326,0.14289824605241852
-0.778894472361809,1.2755102040816326,0.14887826758958278
-0.7688442211055276,1.2755102040816326,0.15489369144885223
-0.7587939698492463,1.2755102040816326,0.1609451980349303
-0.7487437185929648,1.2755102040816326,0.1670334304051509
-0.7386934673366834,1.2755102040816326,0.17315899156419307
-0.728643216080402,1.2755102040816326,0.1793224408821838
-0.7185929648241206,1.2755102040816326,0.1855242893479162
-0.7085427135678393,1.2755102040816326,0.19176499332869973
-0.6984924623115578,1.2755102040816326,0.19804494646754145
-0.6884422110552764,1.2755102040816326,0.20436446930786534
-0.6783919597989949,1.2755102040816326,0.21072379619680415
-0.6683417085427136,1.2755102040816326,0.21712305898161427
-0.6582914572864322,1.2755102040816326,0.2235622669813866
-0.6482412060301508,1.2755102040816326,0.23004128268985324
-0.6381909547738693,1.2755102040816326,0.23655979264669447
-0.6281407035175879,1.2755102040816326,0.2431172729069197
-0.6180904522613065,1.2755102040816326,0.24971294854338733
-0.6080402010050251,1.2755102040816326,0.25634574663978626
-0.5979899497487438,1.2755102040816326,0.26301424227420866
-0.5879396984924623,1.2755102040816326,0.2697165970614478
-0.5778894472361809,1.2755102040816326,0.2764504899203617
-0.5678391959798995,1.2755102040816326,0.2832130398670273
-0.5577889447236181,1.2755102040816326,0.2900007208114542
-0.5477386934673367,1.2755102040816326,0.29680926856243106
-0.5376884422110553,1.2755102040816326,0.30363358052936185
-0.5276381909547738,1.2755102040816326,0.31046760895957637
-0.5175879396984925,1.2755102040816326,0.31730424897299925
-0.507537688442211,1.2755102040816326,0.3241352231619802
-0.4974874371859297,1.2755102040816326,0.3309509651230498
-0.48743718592964824,1.2755102040816326,0.3377405049936343
-0.4773869346733668,1.2755102040816326,0.3444913609033784
-0.46733668341708545,1.2755102040816326,0.35118944125707263
-0.457286432160804,1.2755102040816326,0.35781896401604485
-0.44723618090452255,1.2755102040816326,0.36436240076123816
-0.4371859296482412,1.2755102040816326,0.3708004555072024
-0.42713567839195976,1.2755102040816326,0.3771120913017555
-0.4170854271356784,1.2755102040816326,0.38327462202274776
-0.40703517587939697,1.2755102040816326,0.38926389299588526
-0.3969849246231155,1.2755102040816326,0.39505458260276183
-0.3869346733668342,1.2755102040816326,0.400620668108596
-0.37688442211055273,1.2755102040816326,0.405936111859428
-0.3668341708542714,1.2755102040816326,0.41097583650651637
-0.35678391959798994,1.2755102040816326,0.415717065230068
-0.3467336683417085,1.2755102040816326,0.4201410972086246
-0.33668341708542715,1.2755102040816326,0.4242355595137831
-0.3266331658291457,1.2755102040816326,0.427997114265115
-0.31658291457286436,1.2755102040816326,0.4314345002458586
-0.3065326633165829,1.2755102040816326,0.4345716603456581
-0.29648241206030146,1.2755102040816326,0.4374505773607429
-0.2864321608040201,1.2755102040816326,0.4401333533541275
-0.27638190954773867,1.2755102040816326,0.4427030653378844
-0.26633165829145733,1.2755102040816326,0.44526303380557264
-0.2562814070351759,1.2755102040816326,0.44793433052690756
-0.24623115577889443,1.2755102040816326,0.45085156578057106
-0.2361809045226131,1.2755102040816326,0.45415715255888967
-0.22613065326633164,1.2755102040816326,0.45799428669071907
-0.2160804020100502,1.2755102040816326,0.46249880064655424
-0.20603015075376885,1.2755102040816326,0.46778989880347877
-0.1959798994974874,1.2755102040816326,0.4739596568217648
-0.18592964824120606,1.2755102040816326,0.48106116200138127
-0.1758793969849246,1.2755102040816326,0.4890953362418645
-0.16582914572864316,1.2755102040816326,0.4979967882716603
-0.15577889447236182,1.2755102040816326,0.5076193554779767
-0.14572864321608037,1.2755102040816326,0.5177221092535228
-0.13567839195979903,1.2755102040816326,0.5279563506563785
-0.12562814070351758,1.2755102040816326,0.5378537324303184
-0.11557788944723613,1.2755102040816326,0.5468164069135036
-0.10552763819095479,1.2755102040816326,0.5541156988696113
-0.09547738693467334,1.2755102040816326,0.558924233907093
-0.085427135678392,1.2755102040816326,0.5604507383855653
-0.07537688442211055,1.2755102040816326,0.5583234156151639
-0.0653266331658291,1.2755102040816326,0.5534134189227368
-0.055276381909547756,1.2755102040816326,0.5489850473323553
-0.045226130653266305,1.2755102040816326,0.5506793921754471
-0.035175879396984966,1.2755102040816326,0.5613521788178419
-0.025125628140703515,1.2755102040816326,0.5666277207077125
-0.015075376884422065,1.2755102040816326,0.5037699637813711
-0.005025125628140725,1.2755102040816326,0.1861572499207204
0.005025125628140614,1.2755102040816326,-0.3805712489798181
0.015075376884422065,1.2755102040816326,-0.6475426056253258
0.025125628140703515,1.2755102040816326,-0.6568357733706018
0.035175879396984966,1.2755102040816326,-0.6211679645534541
0.045226130653266416,1.2755102040816326,-0.5969147120879137
0.055276381909547645,1.2755102040816326,-0.5847020241150966
0.0653266331658291,1.2755102040816326,-0.5784250984422488
0.07537688442211055,1.2755102040816326,-0.5743313543482423
0.085427135678392,1.2755102040816326,-0.570725867178542
0.09547738693467345,1.2755102040816326,-0.56686602991343
0.1055276381909549,1.2755102040816326,-0.5623800814163806
0.11557788944723613,1.2755102040816326,-0.5570763937268404
0.12562814070351758,1.2755102040816326,-0.5509125132405166
0.13567839195979903,1.2755102040816326,-0.5439902924170068
0.14572864321608048,1.2755102040816326,-0.536522645218847
0.15577889447236193,1.2755102040816326,-0.5287668061474133
0.16582914572864316,1.2755102040816326,-0.5209472849396151
0.1758793969849246,1.2755102040816326,-0.513200765924572
0.18592964824120606,1.2755102040816326,-0.5055647479249674
0.1959798994974875,1.2755102040816326,-0.4980082643047586
0.20603015075376896,1.2755102040816326,-0.49048175564043206
0.2160804020100502,1.2755102040816326,-0.48295823527303183
0.22613065326633164,1.2755102040816326,-0.4754498012999435
0.2361809045226131,1.2755102040816326,-0.4680001833960685
0.24623115577889454,1.2755102040816326,-0.46066430727268337
0.256281407035176,1.2755102040816326,-0.453487538532846
0.2663316582914572,1.2755102040816326,-0.4464931251023575
0.27638190954773867,1.2755102040816326,-0.43968004812770056
0.2864321608040201,1.2755102040816326,-0.4330284791299195
0.29648241206030157,1.2755102040816326,-0.4265082466698311
0.306532663316583,1.2755102040816326,-0.42008664510694627
0.31658291457286425,1.2755102040816326,-0.4137338346945184
0.3266331658291457,1.2755102040816326,-0.40742564212379817
0.33668341708542715,1.2755102040816326,-0.4011443555266805
0.3467336683417086,1.2755102040816326,-0.39487828388734514
0.35678391959799005,1.2755102040816326,-0.38862072135010617
0.3668341708542713,1.2755102040816326,-0.38236874404986126
0.37688442211055273,1.2755102040816326,-0.3761220788952634
0.3869346733668342,1.2755102040816326,-0.36988215197571384
0.39698492462311563,1.2755102040816326,-0.36365134508807617
0.4070351758793971,1.2755102040816326,-0.35743244768972526
0.4170854271356783,1.2755102040816326,-0.35122827414951463
0.42713567839195976,1.2755102040816326,-0.345041411981958
0.4371859296482412,1.2755102040816326,-0.33887406908035256
0.44723618090452266,1.2755102040816326,-0.33272799290663796
0.4572864321608041,1.2755102040816326,-0.32660444008457534
0.46733668341708534,1.2755102040816326,-0.32050417990634267
0.4773869346733668,1.2755102040816326,-0.314427519531204
0.48743718592964824,1.2755102040816326,-0.308374342065194
0.4974874371859297,1.2755102040816326,-0.3023441513380575
0.5075376884422111,1.2755102040816326,-0.2963361191637744
0.5175879396984926,1.2755102040816326,-0.2903491323155556
0.5276381909547738,1.2755102040816326,-0.28438183748414825
0.5376884422110553,1.2755102040816326,-0.2784326832189242
0.5477386934673367,1.2755102040816326,-0.27249995835384
0.5577889447236182,1.2755102040816326,-0.2665818267565819
0.5678391959798996,1.2755102040816326,-0.260676358455727
0.5778894472361809,1.2755102040816326,-0.25478155733259367
0.5879396984924623,1.2755102040816326,-0.24889538563740812
0.5979899497487438,1.2755102040816326,-0.24301578562228862
0.6080402010050252,1.2755102040816326,-0.2371406985899944
0.6180904522613067,1.2755102040816326,-0.2312680816469892
0.6281407035175879,1.2755102040816326,-0.2253959224290442
0.6381909547738693,1.2755102040816326,-0.21952225204196357
0.6482412060301508,1.2755102040816326,-0.21364515643235146
0.6582914572864322,1.2755102040816326,-0.20776278637561543
0.6683417085427137,1.2755102040816326,-0.20187336624213104
0.6783919597989949,1.2755102040816326,-0.1959752016782282
0.6884422110552764,1.2755102040816326,-0.19006668631701204
0.6984924623115578,1.2755102040816326,-0.18414630761499157
0.7085427135678393,1.2755102040816326,-0.17821265189413896
0.7185929648241207,1.2755102040816326,-0.17226440865513057
0.728643216080402,1.2755102040816326,-0.16630037421600735
0.7386934673366834,1.2755102040816326,-0.16031945472104867
0.7487437185929648,1.2755102040816326,-0.15432066855710655
0.7587939698492463,1.2755102040816326,-0.14830314820867804
0.7688442211055277,1.2755102040816326,-0.14226614157848327
0.778894472361809,1.2755102040816326,-0.1362090127969282
0.7889447236180904,1.2755102040816326,-0.13013124254152034
0.7989949748743719,1.2755102040816326,-0.12403242788573063
0.8090452261306533,1.2755102040816326,-0.11791228169595491
0.8190954773869348,1.2755102040816326,-0.1117706315948884
0.829145728643216,1.2755102040816326,-0.10560741850972147
0.8391959798994975,1.2755102040816326,-0.09942269482392979
0.8492462311557789,1.2755102040816326,-0.09321662215207854
0.8592964824120604,1.2755102040816326,-0.08698946875780691
0.8693467336683418,1.2755102040816326,-0.08074160663599458
0.879396984924623,1.2755102040816326,-0.07447350828100036
0.8894472361809045,1.2755102040816326,-0.0681857431637092
0.8994974874371859,1.2755102040816326,-0.06187897394093214
0.9095477386934674,1.2755102040816326,-0.05555395242140557
0.9195979899497488,1.2755102040816326,-0.04921151531328283
0.9296482412060301,1.2755102040816326,-0.04285257977845042
0.9396984924623115,1.2755102040816326,-0.03647813881939238
0.949748743718593,1.2755102040816326,-0.030089256524481495
0.9597989949748744,1.2755102040816326,-0.023687063197660452
0.9698492462311559,1.2755102040816326,-0.017272750398305586
0.9798994974874373,1.2755102040816326,-0.010847565916845742
0.9899497487437185,1.2755102040816326,-0.004412808711229205
1.0,1.2755102040816326,0.0020301761712201716
-1.0,1.2857142857142856,0.02483216043089395
-0.9899497487437185,1.2857142857142856,0.030223792721025572
-0.9798994974874372,1.2857142857142856,0.03563140434395251
-0.9698492462311558,1.2857142857142856,0.04105598219829515
-0.9597989949748744,1.2857142857142856,0.04649853120669373
-0.949748743718593,1.2857142857142856,0.05196007069739947
-0.9396984924623115,1.2857142857142856,0.0574416307570601
-0.9296482412060302,1.2857142857142856,0.06294424858851963
-0.9195979899497487,1.2857142857142856,0.06846896490875706
-0.9095477386934674,1.2857142857142856,0.07401682042274196
-0.8994974874371859,1.2857142857142856,0.07958885240882799
-0.8894472361809045,1.2857142857142856,0.08518609145015851
-0.8793969849246231,1.2857142857142856,0.09080955834423193
-0.8693467336683417,1.2857142857142856,0.09646026121910814
-0.8592964824120604,1.2857142857142856,0.10213919287950232
-0.8492462311557789,1.2857142857142856,0.1078473283990024
-0.8391959798994975,1.2857142857142856,0.11358562296569419
-0.8291457286432161,1.2857142857142856,0.11935500997729476
-0.8190954773869347,1.2857142857142856,0.12515639936837386
-0.8090452261306533,1.2857142857142856,0.13099067613615645
-0.7989949748743719,1.2857142857142856,0.13685869901255598
-0.7889447236180904,1.2857142857142856,0.1427612992084495
-0.778894472361809,1.2857142857142856,0.14869927913159764
-0.7688442211055276,1.2857142857142856,0.1546734109520479
-0.7587939698492463,1.2857142857142856,0.1606844348583969
-0.7487437185929648,1.2857142857142856,0.16673305681495137
-0.7386934673366834,1.2857142857142856,0.17281994559395514
-0.728643216080402,1.2857142857142856,0.17894572881881055
-0.7185929648241206,1.2857142857142856,0.18511098771417223
-0.7085427135678393,1.2857142857142856,0.19131625021740062
-0.6984924623115578,1.2857142857142856,0.19756198206394016
-0.6884422110552764,1.2857142857142856,0.20384857541756463
-0.6783919597989949,1.2857142857142856,0.21017633457623597
-0.6683417085427136,1.2857142857142856,0.21654545824687782
-0.6582914572864322,1.2857142857142856,0.2229560178491884
-0.6482412060301508,1.2857142857142856,0.2294079312816556
-0.6381909547738693,1.2857142857142856,0.23590093156424474
-0.6281407035175879,1.2857142857142856,0.24243452976458468
-0.6180904522613065,1.2857142857142856,0.249007971620676
-0.6080402010050251,1.2857142857142856,0.25562018729701164
-0.5979899497487438,1.2857142857142856,0.26226973375646984
-0.5879396984924623,1.2857142857142856,0.2689547293024413
-0.5778894472361809,1.2857142857142856,0.27567277994983247
-0.5678391959798995,1.2857142857142856,0.28242089742635257
-0.5577889447236181,1.2857142857142856,0.28919540879379546
-0.5477386934673367,1.2857142857142856,0.29599185792095106
-0.5376884422110553,1.2857142857142856,0.30280489934369803
-0.5276381909547738,1.2857142857142856,0.30962818542292597
-0.5175879396984925,1.2857142857142856,0.3164542481671755
-0.507537688442211,1.2857142857142856,0.32327437763518074
-0.4974874371859297,1.2857142857142856,0.33007849948780965
-0.48743718592964824,1.2857142857142856,0.3368550550383587
-0.4773869346733668,1.2857142857142856,0.34359088808548366
-0.46733668341708545,1.2857142857142856,0.350271143955603
-0.457286432160804,1.2857142857142856,0.3568791876187712
-0.44723618090452255,1.2857142857142856,0.36339654961769985
-0.4371859296482412,1.2857142857142856,0.36980291108955743
-0.42713567839195976,1.2857142857142856,0.3760761426931142
-0.4170854271356784,1.2857142857142856,0.3821924172121445
-0.40703517587939697,1.2857142857142856,0.3881264224716159
-0.3969849246231155,1.2857142857142856,0.39385171034536537
-0.3869346733668342,1.2857142857142856,0.3993412289701921
-0.37688442211055273,1.2857142857142856,0.4045680977059942
-0.3668341708542714,1.2857142857142856,0.4095066949837639
-0.35678391959798994,1.2857142857142856,0.41413413246758624
-0.3467336683417085,1.2857142857142856,0.4184321765977742
-0.33668341708542715,1.2857142857142856,0.42238964057692285
-0.3266331658291457,1.2857142857142856,0.4260051979837245
-0.31658291457286436,1.2857142857142856,0.4292904628997162
-0.3065326633165829,1.2857142857142856,0.43227305442002995
-0.29648241206030146,1.2857142857142856,0.4349992467238254
-0.2864321608040201,1.2857142857142856,0.4375357422028865
-0.27638190954773867,1.2857142857142856,0.4399701323128533
-0.26633165829145733,1.2857142857142856,0.4424097396898974
-0.2562814070351759,1.2857142857142856,0.4449787347983102
-0.24623115577889443,1.2857142857142856,0.44781362373207445
-0.2361809045226131,1.2857142857142856,0.45105733490808797
-0.22613065326633164,1.2857142857142856,0.45485214367086024
-0.2160804020100502,1.2857142857142856,0.45933157188991747
-0.20603015075376885,1.2857142857142856,0.4646112462387436
-0.1959798994974874,1.2857142857142856,0.47077858705388786
-0.18592964824120606,1.2857142857142856,0.47788121562181995
-0.1758793969849246,1.2857142857142856,0.4859141499524243
-0.16582914572864316,1.2857142857142856,0.4948061642962158
-0.15577889447236182,1.2857142857142856,0.504405974480242
-0.14572864321608037,1.2857142857142856,0.5144689680249849
-0.13567839195979903,1.2857142857142856,0.5246448714581136
-0.12562814070351758,1.2857142857142856,0.5344662710995443
-0.11557788944723613,1.2857142857142856,0.5433385900735122
-0.10552763819095479,1.2857142857142856,0.550537630557308
-0.09547738693467334,1.2857142857142856,0.5552389880338902
-0.085427135678392,1.2857142857142856,0.5566473495660429
-0.07537688442211055,1.2857142857142856,0.5543697928950312
-0.0653266331658291,1.2857142857142856,0.5492259242594563
-0.055276381909547756,1.2857142857142856,0.544401904693391
-0.045226130653266305,1.2857142857142856,0.5455167111923654
-0.035175879396984966,1.2857142857142856,0.5556416136553455
-0.025125628140703515,1.2857142857142856,0.5608327005354106
-0.015075376884422065,1.2857142857142856,0.4988639875140748
-0.005025125628140725,1.2857142857142856,0.18569215077450696
0.005025125628140614,1.2857142857142856,-0.37861386413509973
0.015075376884422065,1.2857142857142856,-0.6498162533707192
0.025125628140703515,1.2857142857142856,-0.6593149944872544
0.035175879396984966,1.2857142857142856,-0.6214222983620425
0.045226130653266416,1.2857142857142856,-0.5951419403761669
0.055276381909547645,1.2857142857142856,-0.5816720769814784
0.0653266331658291,1.2857142857142856,-0.5747340134877452
0.07537688442211055,1.2857142857142856,-0.5703513091694536
0.085427135678392,1.2857142857142856,-0.5666945355396269
0.09547738693467345,1.2857142857142856,-0.5629478706841095
0.1055276381909549,1.2857142857142856,-0.5586865286987449
0.11557788944723613,1.2857142857142856,-0.5536647473897718
0.12562814070351758,1.2857142857142856,-0.5477821089621436
0.13567839195979903,1.2857142857142856,-0.5410873256819452
0.14572864321608048,1.2857142857142856,-0.5337573108168736
0.15577889447236193,1.2857142857142856,-0.5260392143706657
0.16582914572864316,1.2857142857142856,-0.5181735308442201
0.1758793969849246,1.2857142857142856,-0.5103297183290064
0.18592964824120606,1.2857142857142856,-0.5025804325439989
0.1959798994974875,1.2857142857142856,-0.4949199144675128
0.20603015075376896,1.2857142857142856,-0.48730905444324113
0.2160804020100502,1.2857142857142856,-0.4797195617323201
0.22613065326633164,1.2857142857142856,-0.47215729880468965
0.2361809045226131,1.2857142857142856,-0.46466090231089646
0.24623115577889454,1.2857142857142856,-0.45728421879270587
0.256281407035176,1.2857142857142856,-0.4500751831589983
0.2663316582914572,1.2857142857142856,-0.4430611087551938
0.27638190954773867,1.2857142857142856,-0.436244320021109
0.2864321608040201,1.2857142857142856,-0.4296063712111664
0.29648241206030157,1.2857142857142856,-0.42311638188244727
0.306532663316583,1.2857142857142856,-0.41673940102703966
0.31658291457286425,1.2857142857142856,-0.41044255886732894
0.3266331658291457,1.2857142857142856,-0.40419850565617654
0.33668341708542715,1.2857142857142856,-0.39798662198334045
0.3467336683417086,1.2857142857142856,-0.39179278410305807
0.35678391959799005,1.2857142857142856,-0.38560838477319315
0.3668341708542713,1.2857142857142856,-0.3794290990034575
0.37688442211055273,1.2857142857142856,-0.37325368063655673
0.3869346733668342,1.2857142857142856,-0.367082926721611
0.39698492462311563,1.2857142857142856,-0.3609188540284337
0.4070351758793971,1.2857142857142856,-0.3547640820603979
0.4170854271356783,1.2857142857142856,-0.34862139440399265
0.42713567839195976,1.2857142857142856,-0.34249344347613725
0.4371859296482412,1.2857142857142856,-0.3363825649631448
0.44723618090452266,1.2857142857142856,-0.3302906729015786
0.4572864321608041,1.2857142857142856,-0.32421921194910536
0.46733668341708534,1.2857142857142856,-0.3181691487260063
0.4773869346733668,1.2857142857142856,-0.3121409886831704
0.48743718592964824,1.2857142857142856,-0.3061348086495238
0.4974874371859297,1.2857142857142856,-0.300150298084189
0.5075376884422111,1.2857142857142856,-0.2941868042273177
0.5175879396984926,1.2857142857142856,-0.28824337794385213
0.5276381909547738,1.2857142857142856,-0.28231881821177773
0.5376884422110553,1.2857142857142856,-0.27641171402699916
0.5477386934673367,1.2857142857142856,-0.2705204830664602
0.5577889447236182,1.2857142857142856,-0.2646434068364608
0.5678391959798996,1.2857142857142856,-0.25877866228540414
0.5778894472361809,1.2857142857142856,-0.2529243500176793
0.5879396984924623,1.2857142857142856,-0.24707851933658925
0.5979899497487438,1.2857142857142856,-0.241239190389877
0.6080402010050252,1.2857142857142856,-0.23540437370656367
0.6180904522613067,1.2857142857142856,-0.22957208740931953
0.6281407035175879,1.2857142857142856,-0.22374037237004285
0.6381909547738693,1.2857142857142856,-0.21790730555298396
0.6482412060301508,1.2857142857142856,-0.21207101176341092
0.6582914572864322,1.2857142857142856,-0.20622967399266234
0.6683417085427137,1.2857142857142856,-0.2003815425242784
0.6783919597989949,1.2857142857142856,-0.19452494294146014
0.6884422110552764,1.2857142857142856,-0.18865828315409588
0.6984924623115578,1.2857142857142856,-0.18278005954408433
0.7085427135678393,1.2857142857142856,-0.1768888623108269
0.7185929648241207,1.2857142857142856,-0.17098338008438563
0.728643216080402,1.2857142857142856,-0.16506240386182022
0.7386934673366834,1.2857142857142856,-0.1591248303123196
0.7487437185929648,1.2857142857142856,-0.15316966448880545
0.7587939698492463,1.2857142857142856,-0.1471960219773894
0.7688442211055277,1.2857142857142856,-0.14120313051126634
0.778894472361809,1.2857142857142856,-0.13519033107200162
0.7889447236180904,1.2857142857142856,-0.12915707849867922
0.7989949748743719,1.2857142857142856,-0.12310294162365523
0.8090452261306533,1.2857142857142856,-0.11702760295274436
0.8190954773869348,1.2857142857142856,-0.11093085790723048
0.829145728643216,1.2857142857142856,-0.1048126136451911
0.8391959798994975,1.2857142857142856,-0.09867288747993863
0.8492462311557789,1.2857142857142856,-0.09251180491410554
0.8592964824120604,1.2857142857142856,-0.08632959730860981
0.8693467336683418,1.2857142857142856,-0.08012659920668133
0.879396984924623,1.2857142857142856,-0.07390324533405793
0.8894472361809045,1.2857142857142856,-0.06766006729736787
0.8994974874371859,1.2857142857142856,-0.06139769000362191
0.9095477386934674,1.2857142857142856,-0.05511682782451813
0.9195979899497488,1.2857142857142856,-0.048818280529977054
0.9296482412060301,1.2857142857142856,-0.042502929015898
0.9396984924623115,1.2857142857142856,-0.03617173085155537
0.949748743718593,1.2857142857142856,-0.029825715672338826
0.9597989949748744,1.2857142857142856,-0.02346598044367862
0.9698492462311559,1.2857142857142856,-0.01709368462195346
0.9798994974874373,1.2857142857142856,-0.010710045237977889
0.9899497487437185,1.2857142857142856,-0.004316331928336803
1.0,1.2857142857142856,0.002086138060722248
-1.0,1.2959183673469388,0.02568632368425325
-0.9899497487437185,1.2959183673469388,0.031029535215888637
-0.9798994974874372,1.2959183673469388,0.0363888373972274
-0.9698492462311558,1.2959183673469388,0.04176523673537702
-0.9597989949748744,1.2959183673469388,0.047159757812292646
-0.949748743718593,1.2959183673469388,0.05257343981903029
-0.9396984924623115,1.2959183673469388,0.05800733307644282
-0.9296482412060302,1.2959183673469388,0.06346249557550415
-0.9195979899497487,1.2959183673469388,0.06893998957148395
-0.9095477386934674,1.2959183673469388,0.07444087826652535
-0.8994974874371859,1.2959183673469388,0.0799662226146444
-0.8894472361809045,1.2959183673469388,0.08551707828160629
-0.8793969849246231,1.2959183673469388,0.09109449278936094
-0.8693467336683417,1.2959183673469388,0.09669950287053569
-0.8592964824120604,1.2959183673469388,0.10233313205269651
-0.8492462311557789,1.2959183673469388,0.10799638848445378
-0.8391959798994975,1.2959183673469388,0.11369026300587803
-0.8291457286432161,1.2959183673469388,0.11941572745379458
-0.8190954773869347,1.2959183673469388,0.12517373317820613
-0.8090452261306533,1.2959183673469388,0.1309652097291958
-0.7989949748743719,1.2959183673469388,0.13679106365394028
-0.7889447236180904,1.2959183673469388,0.1426521773208838
-0.778894472361809,1.2959183673469388,0.14854940766255748
-0.7688442211055276,1.2959183673469388,0.15448358469996137
-0.7587939698492463,1.2959183673469388,0.16045550967990607
-0.7487437185929648,1.2959183673469388,0.16646595262233588
-0.7386934673366834,1.2959183673469388,0.17251564903769057
-0.728643216080402,1.2959183673469388,0.17860529553503257
-0.7185929648241206,1.2959183673469388,0.1847355440005497
-0.7085427135678393,1.2959183673469388,0.1909069939835663
-0.6984924623115578,1.2959183673469388,0.1971201828842275
-0.6884422110552764,1.2959183673469388,0.20337557349442015
-0.6783919597989949,1.2959183673469388,0.20967353840234348
-0.6683417085427136,1.2959183673469388,0.21601434073290415
-0.6582914572864322,1.2959183673469388,0.2223981106622524
-0.6482412060301508,1.2959183673469388,0.22882481711737962
-0.6381909547738693,1.2959183673469388,0.23529423405293082
-0.6281407035175879,1.2959183673469388,0.24180590069005053
-0.6180904522613065,1.2959183673469388,0.24835907510934235
-0.6080402010050251,1.2959183673469388,0.25495268061575505
-0.5979899497487438,1.2959183673469388,0.26158524434179714
-0.5879396984924623,1.2959183673469388,0.2682548276322555
-0.5778894472361809,1.2959183673469388,0.27495894786455033
-0.5678391959798995,1.2959183673469388,0.2816944915109752
-0.5577889447236181,1.2959183673469388,0.28845761845017137
-0.5477386934673367,1.2959183673469388,0.2952436577940307
-0.5376884422110553,1.2959183673469388,0.30204699582237005
-0.5276381909547738,1.2959183673469388,0.30886095702173233
-0.5175879396984925,1.2959183673469388,0.31567767971825766
-0.507537688442211,1.2959183673469388,0.3224879883914671
-0.4974874371859297,1.2959183673469388,0.329281265473526
-0.48743718592964824,1.2959183673469388,0.3360453263021658
-0.4773869346733668,1.2959183673469388,0.3427663019436622
-0.46733668341708545,1.2959183673469388,0.34942853589831385
-0.457286432160804,1.2959183673469388,0.3560145023476641
-0.44723618090452255,1.2959183673469388,0.3625047557631982
-0.4371859296482412,1.2959183673469388,0.36887792461522495
-0.42713567839195976,1.2959183673469388,0.37511076593756565
-0.4170854271356784,1.2959183673469388,0.3811783030368867
-0.40703517587939697,1.2959183673469388,0.3870540760989365
-0.3969849246231155,1.2959183673469388,0.3927105450432896
-0.3869346733668342,1.2959183673469388,0.3981196953228855
-0.37688442211055273,1.2959183673469388,0.4032539088623095
-0.3668341708542714,1.2959183673469388,0.40808717043068254
-0.35678391959798994,1.2959183673469388,0.4125966783275099
-0.3467336683417085,1.2959183673469388,0.41676490873838135
-0.33668341708542715,1.2959183673469388,0.42058213615369133
-0.3266331658291457,1.2959183673469388,0.42404933175149606
-0.31658291457286436,1.2959183673469388,0.42718125079046354
-0.3065326633165829,1.2959183673469388,0.4300093969244939
-0.29648241206030146,1.2959183673469388,0.4325844498496847
-0.2864321608040201,1.2959183673469388,0.43497770424834825
-0.27638190954773867,1.2959183673469388,0.43728112363492055
-0.26633165829145733,1.2959183673469388,0.4396057627771436
-0.2562814070351759,1.2959183673469388,0.4420785166970591
-0.24623115577889443,1.2959183673469388,0.4448373430461059
-0.2361809045226131,1.2959183673469388,0.44802520830431614
-0.22613065326633164,1.2959183673469388,0.4517829914051886
-0.2160804020100502,1.2959183673469388,0.4562414595514783
-0.20603015075376885,1.2959183673469388,0.46151227786671056
-0.1959798994974874,1.2959183673469388,0.4676779179442434
-0.18592964824120606,1.2959183673469388,0.4747803674473511
-0.1758793969849246,1.2959183673469388,0.4828087397752475
-0.16582914572864316,1.2959183673469388,0.4916861839431804
-0.15577889447236182,1.2959183673469388,0.5012567502818476
-0.14572864321608037,1.2959183673469388,0.5112728643633471
-0.13567839195979903,1.2959183673469388,0.5213836549939636
-0.12562814070351758,1.2959183673469388,0.5311238240948536
-0.11557788944723613,1.2959183673469388,0.5399033626679431
-0.10552763819095479,1.2959183673469388,0.5470038346904961
-0.09547738693467334,1.2959183673469388,0.5516049032455951
-0.085427135678392,1.2959183673469388,0.5529078453618845
-0.07537688442211055,1.2959183673469388,0.5504981820461429
-0.0653266331658291,1.2959183673469388,0.545141081465038
-0.055276381909547756,1.2959183673469388,0.5399362975010382
-0.045226130653266305,1.2959183673469388,0.5404646177128483
-0.035175879396984966,1.2959183673469388,0.5500031092087008
-0.025125628140703515,1.2959183673469388,0.5550917948683758
-0.015075376884422065,1.2959183673469388,0.4941836173961167
-0.005025125628140725,1.2959183673469388,0.1858999983036092
0.005025125628140614,1.2959183673469388,-0.376019414433542
0.015075376884422065,1.2959183673469388,-0.6520926150943973
0.025125628140703515,1.2959183673469388,-0.6621050958823441
0.035175879396984966,1.2959183673469388,-0.6219912369595233
0.045226130653266416,1.2959183673469388,-0.5935962541130646
0.055276381909547645,1.2959183673469388,-0.578782649343619
0.0653266331658291,1.2959183673469388,-0.5711155384922448
0.07537688442211055,1.2959183673469388,-0.5663907119034302
0.085427135678392,1.2959183673469388,-0.5626403312619779
0.09547738693467345,1.2959183673469388,-0.558975610406449
0.1055276381909549,1.2959183673469388,-0.554921640973592
0.11557788944723613,1.2959183673469388,-0.5501814470477894
0.12562814070351758,1.2959183673469388,-0.5445972143908487
0.13567839195979903,1.2959183673469388,-0.5381613200189171
0.14572864321608048,1.2959183673469388,-0.5310078266089416
0.15577889447236193,1.2959183673469388,-0.5233650814942984
0.16582914572864316,1.2959183673469388,-0.515481852952974
0.1758793969849246,1.2959183673469388,-0.5075563104832148
0.18592964824120606,1.2959183673469388,-0.49969683735223147
0.1959798994974875,1.2959183673469388,-0.4919268872225825
0.20603015075376896,1.2959183673469388,-0.48422273554573336
0.2160804020100502,1.2959183673469388,-0.4765584474250323
0.22613065326633164,1.2959183673469388,-0.4689351749906908
0.2361809045226131,1.2959183673469388,-0.4613862769195223
0.24623115577889454,1.2959183673469388,-0.4539636237837785
0.256281407035176,1.2959183673469388,-0.4467169824598388
0.2663316582914572,1.2959183673469388,-0.43967753855355485
0.27638190954773867,1.2959183673469388,-0.43285123734414166
0.2864321608040201,1.2959183673469388,-0.42622148423367423
0.29648241206030157,1.2959183673469388,-0.41975710007026823
0.306532663316583,1.2959183673469388,-0.4134211210212192
0.31658291457286425,1.2959183673469388,-0.40717769540519666
0.3266331658291457,1.2959183673469388,-0.40099621100173766
0.33668341708542715,1.2959183673469388,-0.39485298182445205
0.3467336683417086,1.2959183673469388,-0.3887312684178881
0.35678391959799005,1.2959183673469388,-0.3826203864011609
0.3668341708542713,1.2959183673469388,-0.3765144570110091
0.37688442211055273,1.2959183673469388,-0.37041113695944866
0.3869346733668342,1.2959183673469388,-0.3643104982627739
0.39698492462311563,1.2959183673469388,-0.3582141213581933
0.4070351758793971,1.2959183673469388,-0.3521244048165752
0.4170854271356783,1.2959183673469388,-0.3460440664757297
0.42713567839195976,1.2959183673469388,-0.33997580089687296
0.4371859296482412,1.2959183673469388,-0.33392205786821827
0.44723618090452266,1.2959183673469388,-0.3278849108899874
0.4572864321608041,1.2959183673469388,-0.3218659902119926
0.46733668341708534,1.2959183673469388,-0.31586646057475776
0.4773869346733668,1.2959183673469388,-0.3098870286890042
0.48743718592964824,1.2959183673469388,-0.30392796948448075
0.4974874371859297,1.2959183673469388,-0.2979891632914715
0.5075376884422111,1.2959183673469388,-0.2920701385001224
0.5175879396984926,1.2959183673469388,-0.28617011601144515
0.5276381909547738,1.2959183673469388,-0.28028805308097976
0.5376884422110553,1.2959183673469388,-0.27442268507485434
0.5477386934673367,1.2959183673469388,-0.26857256430085363
0.5577889447236182,1.2959183673469388,-0.2627360955164437
0.5678391959798996,1.2959183673469388,-0.2569115680074869
0.5778894472361809,1.2959183673469388,-0.2510971843172974
0.5879396984924623,1.2959183673469388,-0.24529108581721662
0.5979899497487438,1.2959183673469388,-0.23949137536981666
0.6080402010050252,1.2959183673469388,-0.23369613736087191
0.6180904522613067,1.2959183673469388,-0.22790345537846904
0.6281407035175879,1.2959183673469388,-0.22211142780539034
0.6381909547738693,1.2959183673469388,-0.2163181815703959
0.6482412060301508,1.2959183673469388,-0.21052188427917648
0.6582914572864322,1.2959183673469388,-0.20472075491947248
0.6683417085427137,1.2959183673469388,-0.19891307330888439
0.6783919597989949,1.2959183673469388,-0.19309718842939694
0.6884422110552764,1.2959183673469388,-0.18727152577027345
0.6984924623115578,1.2959183673469388,-0.18143459378105342
0.7085427135678393,1.2959183673469388,-0.1755849895189893
0.7185929648241207,1.2959183673469388,-0.1697214035604063
0.728643216080402,1.2959183673469388,-0.1638426242329535
0.7386934673366834,1.2959183673469388,-0.157947541215362
0.7487437185929648,1.2959183673469388,-0.1520351485429859
0.7587939698492463,1.2959183673469388,-0.14610454705073464
0.7688442211055277,1.2959183673469388,-0.1401549462798668
0.778894472361809,1.2959183673469388,-0.1341856658713042
0.7889447236180904,1.2959183673469388,-0.12819613646532674
0.7989949748743719,1.2959183673469388,-0.12218590012574151
0.8090452261306533,1.2959183673469388,-0.11615461030547997
0.8190954773869348,1.2959183673469388,-0.11010203137013738
0.829145728643216,1.2959183673469388,-0.10402803769595753
0.8391959798994975,1.2959183673469388,-0.09793261235914277
0.8492462311557789,1.2959183673469388,-0.09181584543398441
0.8592964824120604,1.2959183673469388,-0.08567793191817252
0.8693467336683418,1.2959183673469388,-0.07951916930453073
0.879396984924623,1.2959183673469388,-0.0733399548194636
0.8894472361809045,1.2959183673469388,-0.06714078234935944
0.8994974874371859,1.2959183673469388,-0.06092223907718344
0.9095477386934674,1.2959183673469388,-0.054685001852359
0.9195979899497488,1.2959183673469388,-0.048429833317826104
0.9296482412060301,1.2959183673469388,-0.042157577818851155
0.9396984924623115,1.2959183673469388,-0.03586915711865715
0.949748743718593,1.2959183673469388,-0.029565565946338523
0.9597989949748744,1.2959183673469388,-0.02324786740273793
0.9698492462311559,1.2959183673469388,-0.016917188250016035
0.9798994974874373,1.2959183673469388,-0.01057471411053279
0.9899497487437185,1.2959183673469388,-0.004221684600371617
1.0,1.2959183673469388,0.0021406115775705614
-1.0,1.3061224489795917,0.02654897582726959
-0.9899497487437185,1.3061224489795917,0.03184436456170173
-0.9798994974874372,1.3061224489795917,0.0371559816972204
-0.9698492462311558,1.3061224489795917,0.04248485358753876
-0.9597989949748744,1.3061224489795917,0.04783202476481746
-0.949748743718593,1.3061224489795917,0.053198554632463174
-0.9396984924623115,1.3061224489795917,0.058585514159552904
-0.9296482412060302,1.3061224489795917,0.06399398260938069
-0.9195979899497487,1.3061224489795917,0.06942504433532751
-0.9095477386934674,1.3061224489795917,0.0748797856772438
-0.8994974874371859,1.3061224489795917,0.08035929199059208
-0.8894472361809045,1.3061224489795917,0.08586464483861192
-0.8793969849246231,1.3061224489795917,0.09139691937447103
-0.8693467336683417,1.3061224489795917,0.09695718193566008
-0.8592964824120604,1.3061224489795917,0.10254648786647738
-0.8492462311557789,1.3061224489795917,0.10816587957620022
-0.8391959798994975,1.3061224489795917,0.11381638483015244
-0.8291457286432161,1.3061224489795917,0.11949901525826939
-0.8190954773869347,1.3061224489795917,0.1252147650506259
-0.8090452261306533,1.3061224489795917,0.13096460979157565
-0.7989949748743719,1.3061224489795917,0.13674950536357344
-0.7889447236180904,1.3061224489795917,0.14257038682819334
-0.778894472361809,1.3061224489795917,0.14842816716530682
-0.7688442211055276,1.3061224489795917,0.15432373572181168
-0.7587939698492463,1.3061224489795917,0.16025795618873195
-0.7487437185929648,1.3061224489795917,0.16623166389013877
-0.7386934673366834,1.3061224489795917,0.17224566212927195
-0.728643216080402,1.3061224489795917,0.1783007172969417
-0.7185929648241206,1.3061224489795917,0.18439755240510292
-0.7085427135678393,1.3061224489795917,0.19053683866507454
-0.6984924623115578,1.3061224489795917,0.1967191846859313
-0.6884422110552764,1.3061224489795917,0.2029451228251179
-0.6783919597989949,1.3061224489795917,0.20921509218139933
-0.6683417085427136,1.3061224489795917,0.21552941768130512
-0.6582914572864322,1.3061224489795917,0.22188828467590305
-0.6482412060301508,1.3061224489795917,0.2282917084370415
-0.6381909547738693,1.3061224489795917,0.23473949792355886
-0.6281407035175879,1.3061224489795917,0.24123121318121143
-0.6180904522613065,1.3061224489795917,0.24776611574867413
-0.6080402010050251,1.3061224489795917,0.2543431114699488
-0.5979899497487438,1.3061224489795917,0.2609606851657763
-0.5879396984924623,1.3061224489795917,0.26761682669876663
-0.5778894472361809,1.3061224489795917,0.27430894808559864
-0.5678391959798995,1.3061224489795917,0.2810337914723951
-0.5577889447236181,1.3061224489795917,0.28778732800488693
-0.5477386934673367,1.3061224489795917,0.29456464790296344
-0.5376884422110553,1.3061224489795917,0.30135984240051195
-0.5276381909547738,1.3061224489795917,0.30816587864820644
-0.5175879396984925,1.3061224489795917,0.31497446921297534
-0.507537688442211,1.3061224489795917,0.3217759384600376
-0.4974874371859297,1.3061224489795917,0.3285590888934544
-0.48743718592964824,1.3061224489795917,0.33531107149039147
-0.4773869346733668,1.3061224489795917,0.3420172652402237
-0.46733668341708545,1.3061224489795917,0.3486611725676477
-0.457286432160804,1.3061224489795917,0.3552243391971299
-0.44723618090452255,1.3061224489795917,0.3616863094846553
-0.4371859296482412,1.3061224489795917,0.3680246315606941
-0.42713567839195976,1.3061224489795917,0.37421493113637216
-0.4170854271356784,1.3061224489795917,0.3802310789098773
-0.40703517587939697,1.3061224489795917,0.38604548449161413
-0.3969849246231155,1.3061224489795917,0.3916295596504652
-0.3869346733668342,1.3061224489795917,0.39695440473201504
-0.37688442211055273,1.3061224489795917,0.40199178220923026
-0.3668341708542714,1.3061224489795917,0.40671544633425594
-0.35678391959798994,1.3061224489795917,0.41110289113236564
-0.3467336683417085,1.3061224489795917,0.4151375519235384
-0.33668341708542715,1.3061224489795917,0.4188114398716136
-0.3266331658291457,1.3061224489795917,0.4221281011717146
-0.31658291457286436,1.3061224489795917,0.4251056793971323
-0.3065326633165829,1.3061224489795917,0.4277797432748571
-0.29648241206030146,1.3061224489795917,0.4302054584615307
-0.2864321608040201,1.3061224489795917,0.43245866949941736
-0.27638190954773867,1.3061224489795917,0.4346355403575004
-0.26633165829145733,1.3061224489795917,0.436850568955479
-0.2562814070351759,1.3061224489795917,0.4392329950747461
-0.24623115577889443,1.3061224489795917,0.441921791912109
-0.2361809045226131,1.3061224489795917,0.4450595073617908
-0.22613065326633164,1.3061224489795917,0.4487851786130618
-0.2160804020100502,1.3061224489795917,0.453226411738922
-0.20603015075376885,1.3061224489795917,0.4584905683784849
-0.1959798994974874,1.3061224489795917,0.4646549216268968
-0.18592964824120606,1.3061224489795917,0.4717557005535348
-0.1758793969849246,1.3061224489795917,0.4797761513814689
-0.16582914572864316,1.3061224489795917,0.4886340363553575
-0.15577889447236182,1.3061224489795917,0.4981692112554835
-0.14572864321608037,1.3061224489795917,0.5081318563554799
-0.13567839195979903,1.3061224489795917,0.5181714490581446
-0.12562814070351758,1.3061224489795917,0.5278259306719018
-0.11557788944723613,1.3061224489795917,0.5365110734234818
-0.10552763819095479,1.3061224489795917,0.5435153879436991
-0.09547738693467334,1.3061224489795917,0.5480236087001804
-0.085427135678392,1.3061224489795917,0.5492341857785027
-0.07537688442211055,1.3061224489795917,0.5467107358481884
-0.0653266331658291,1.3061224489795917,0.5411614512801997
-0.055276381909547756,1.3061224489795917,0.5355921414886358
-0.045226130653266305,1.3061224489795917,0.535529936615261
-0.035175879396984966,1.3061224489795917,0.5444462485968102
-0.025125628140703515,1.3061224489795917,0.5494119663985505
-0.015075376884422065,1.3061224489795917,0.4897226667619271
-0.005025125628140725,1.3061224489795917,0.18676323427949032
0.005025125628140614,1.3061224489795917,-0.37274766263293746
0.015075376884422065,1.3061224489795917,-0.6543329351497889
0.025125628140703515,1.3061224489795917,-0.6651986048611505
0.035175879396984966,1.3061224489795917,-0.6228813077708288
0.045226130653266416,1.3061224489795917,-0.5922869127157981
0.055276381909547645,1.3061224489795917,-0.5760426180929447
0.0653266331658291,1.3061224489795917,-0.5675779992126789
0.07537688442211055,1.3061224489795917,-0.5624571935807744
0.085427135678392,1.3061224489795917,-0.5585693597353909
0.09547738693467345,1.3061224489795917,-0.5549525147379812
0.1055276381909549,1.3061224489795917,-0.551084538568779
0.11557788944723613,1.3061224489795917,-0.5466207307236167
0.12562814070351758,1.3061224489795917,-0.5413474888295846
0.13567839195979903,1.3061224489795917,-0.5351988884263968
0.14572864321608048,1.3061224489795917,-0.5282602585994571
0.15577889447236193,1.3061224489795917,-0.5207326765174755
0.16582914572864316,1.3061224489795917,-0.5128648006250476
0.1758793969849246,1.3061224489795917,-0.5048780826676291
0.18592964824120606,1.3061224489795917,-0.49691575161745555
0.1959798994974875,1.3061224489795917,-0.48903358165640654
0.20603015075376896,1.3061224489795917,-0.4812280965257528
0.2160804020100502,1.3061224489795917,-0.47347991670441303
0.22613065326633164,1.3061224489795917,-0.46578771184227125
0.2361809045226131,1.3061224489795917,-0.45817988395797726
0.24623115577889454,1.3061224489795917,-0.45070561981852875
0.256281407035176,1.3061224489795917,-0.44341573191518047
0.2663316582914572,1.3061224489795917,-0.4363449531937412
0.27638190954773867,1.3061224489795917,-0.4295030300838551
0.2864321608040201,1.3061224489795917,-0.4228756619655245
0.29648241206030157,1.3061224489795917,-0.41643180812876623
0.306532663316583,1.3061224489795917,-0.41013276971780344
0.31658291457286425,1.3061224489795917,-0.40393980084019754
0.3266331658291457,1.3061224489795917,-0.39781896516971293
0.33668341708542715,1.3061224489795917,-0.3917433606441523
0.3467336683417086,1.3061224489795917,-0.38569344803910655
0.35678391959799005,1.3061224489795917,-0.37965628300170795
0.3668341708542713,1.3061224489795917,-0.37362427078354044
0.37688442211055273,1.3061224489795917,-0.3675938370582392
0.3869346733668342,1.3061224489795917,-0.36156422385555226
0.39698492462311563,1.3061224489795917,-0.35553649636779905
0.4070351758793971,1.3061224489795917,-0.34951277508032713
0.4170854271356783,1.3061224489795917,-0.3434956722545355
0.42713567839195976,1.3061224489795917,-0.33748789809248364
0.4371859296482412,1.3061224489795917,-0.3314919999531747
0.44723618090452266,1.3061224489795917,-0.32551020156135396
0.4572864321608041,1.3061224489795917,-0.3195443147362722
0.46733668341708534,1.3061224489795917,-0.31359570196347764
0.4773869346733668,1.3061224489795917,-0.3076652733227815
0.48743718592964824,1.3061224489795917,-0.3017535055911066
0.4974874371859297,1.3061224489795917,-0.29586047474612176
0.5075376884422111,1.3061224489795917,-0.28998589570645367
0.5175879396984926,1.3061224489795917,-0.284129165094668
0.5276381909547738,1.3061224489795917,-0.2782894042372463
0.5376884422110553,1.3061224489795917,-0.27246550064164976
0.5477386934673367,1.3061224489795917,-0.26665614691368855
0.5577889447236182,1.3061224489795917,-0.2608598765772132
0.5678391959798996,1.3061224489795917,-0.2550750965933724
0.5778894472361809,1.3061224489795917,-0.2493001165942016
0.5879396984924623,1.3061224489795917,-0.2435331749793565
0.5979899497487438,1.3061224489795917,-0.23777246210073547
0.6080402010050252,1.3061224489795917,-0.23201614079591834
0.6180904522613067,1.3061224489795917,-0.22626236454109994
0.6281407035175879,1.3061224489795917,-0.22050929348706225
0.6381909547738693,1.3061224489795917,-0.2147551086243845
0.6482412060301508,1.3061224489795917,-0.20899802430116113
0.6582914572864322,1.3061224489795917,-0.20323629929123896
0.6683417085427137,1.3061224489795917,-0.19746824658540046
0.6783919597989949,1.3061224489795917,-0.19169224205342145
0.6884422110552764,1.3061224489795917,-0.1859067321022981
0.6984924623115578,1.3061224489795917,-0.18011024043556953
0.7085427135678393,1.3061224489795917,-0.17430137400082157
0.7185929648241207,1.3061224489795917,-0.16847882819702278
0.728643216080402,1.3061224489795917,-0.16264139140035064
0.7386934673366834,1.3061224489795917,-0.1567879488563189
0.7487437185929648,1.3061224489795917,-0.15091748597723867
0.7587939698492463,1.3061224489795917,-0.14502909107696213
0.7688442211055277,1.3061224489795917,-0.13912195756944898
0.778894472361809,1.3061224489795917,-0.13319538565349923
0.7889447236180904,1.3061224489795917,-0.12724878350309923
0.7989949748743719,1.3061224489795917,-0.12128166798073009
0.8090452261306533,1.3061224489795917,-0.11529366488985515
0.8190954773869348,1.3061224489795917,-0.10928450878214907
0.829145728643216,1.3061224489795917,-0.10325404233503899
0.8391959798994975,1.3061224489795917,-0.09720221531541665
0.8492462311557789,1.3061224489795917,-0.09112908314604354
0.8592964824120604,1.3061224489795917,-0.0850348050919964
0.8693467336683418,1.3061224489795917,-0.07891964208548227
0.879396984924623,1.3061224489795917,-0.07278395420839057
0.8894472361809045,1.3061224489795917,-0.06662819785302601
0.8994974874371859,1.3061224489795917,-0.06045292258247939
0.9095477386934674,1.3061224489795917,-0.05425876771307697
0.9195979899497488,1.3061224489795917,-0.04804645864222523
0.9296482412060301,1.3061224489795917,-0.041816802945702364
0.9396984924623115,1.3061224489795917,-0.03557068626909826
0.949748743718593,1.3061224489795917,-0.029309068038549685
0.9597989949748744,1.3061224489795917,-0.023032977016231526
0.9698492462311559,1.3061224489795917,-0.016743506726213414
0.9798994974874373,1.3061224489795917,-0.010441810776265381
0.9899497487437185,1.3061224489795917,-0.004129098101000983
1.0,1.3061224489795917,0.0021933718486113474
-1.0,1.316326530612245,0.027419608433173093
-0.9899497487437185,1.316326530612245,0.03266777213378144
-0.9798994974874372,1.316326530612245,0.03793232813019462
-0.9698492462311558,1.316326530612245,0.043214322883213946
-0.9597989949748744,1.316326530612245,0.04851482119471481
-0.949748743718593,1.316326530612245,0.0538349030652063
-0.9396984924623115,1.316326530612245,0.059175660568171445
-0.9296482412060302,1.316326530612245,0.06453819477284042
-0.9195979899497487,1.316326530612245,0.06992361274750275
-0.9095477386934674,1.316326530612245,0.075333024675002
-0.8994974874371859,1.316326530612245,0.08076754111073803
-0.8894472361809045,1.316326530612245,0.08622827041100009
-0.8793969849246231,1.316326530612245,0.09171631635564456
-0.8693467336683417,1.316326530612245,0.09723277598383234
-0.8592964824120604,1.316326530612245,0.10277873765447998
-0.8492462311557789,1.316326530612245,0.10835527933411418
-0.8391959798994975,1.316326530612245,0.11396346710372474
-0.8291457286432161,1.316326530612245,0.11960435386273338
-0.8190954773869347,1.316326530612245,0.12527897819222655
-0.8090452261306533,1.316326530612245,0.13098836332089508
-0.7989949748743719,1.316326530612245,0.13673351611558437
-0.7889447236180904,1.316326530612245,0.14251542599381467
-0.778894472361809,1.316326530612245,0.14833506362811077
-0.7688442211055276,1.316326530612245,0.1541933792813776
-0.7587939698492463,1.316326530612245,0.16009130057897736
-0.7487437185929648,1.316326530612245,0.16602972948676753
-0.7386934673366834,1.316326530612245,0.17200953822530635
-0.728643216080402,1.316326530612245,0.17803156380915341
-0.7185929648241206,1.316326530612245,0.18409660085705515
-0.7085427135678393,1.316326530612245,0.19020539227450095
-0.6984924623115578,1.316326530612245,0.1963586173653461
-0.6884422110552764,1.316326530612245,0.20255687688494872
-0.6783919597989949,1.316326530612245,0.20880067450466977
-0.6683417085427136,1.316326530612245,0.21509039411809272
-0.6582914572864322,1.316326530612245,0.2214262723846534
-0.6482412060301508,1.316326530612245,0.22780836587862136
-0.6381909547738693,1.316326530612245,0.2342365121930381
-0.6281407035175879,1.316326530612245,0.2407102843423703
-0.6180904522613065,1.316326530612245,0.24722893781791166
-0.6080402010050251,1.316326530612245,0.2537913496807024
-0.5979899497487438,1.316326530612245,0.2603959491332306
-0.5879396984924623,1.316326530612245,0.26704063909947284
-0.5778894472361809,1.316326530612245,0.2737227084702585
-0.5678391959798995,1.316326530612245,0.28043873484574866
-0.5577889447236181,1.316326530612245,0.28718447783863776
-0.5477386934673367,1.316326530612245,0.29395476330133863
-0.5376884422110553,1.316326530612245,0.3007433592201252
-0.5276381909547738,1.316326530612245,0.30754284449300656
-0.5175879396984925,1.316326530612245,0.3143444723922535
-0.507537688442211,1.316326530612245,0.3211380312271895
-0.4974874371859297,1.316326530612245,0.3279117055946913
-0.48743718592964824,1.316326530612245,0.334651942671765
-0.4773869346733668,1.316326530612245,0.3413433293234671
-0.46733668341708545,1.316326530612245,0.34796848745762116
-0.457286432160804,1.316326530612245,0.3545079971880437
-0.44723618090452255,1.316326530612245,0.36094036016486286
-0.4371859296482412,1.316326530612245,0.3672420191613386
-0.42713567839195976,1.316326530612245,0.37338745500182213
-0.4170854271356784,1.316326530612245,0.37934938851175404
-0.40703517587939697,1.316326530612245,0.38509912356485787
-0.3969849246231155,1.316326530612245,0.3906070772662743
-0.3869346733668342,1.316326530612245,0.39584355372525315
-0.37688442211055273,1.316326530612245,0.40077982611250496
-0.3668341708542714,1.316326530612245,0.40538959303671274
-0.35678391959798994,1.316326530612245,0.40965086271554574
-0.3467336683417085,1.316326530612245,0.4135482836332852
-0.33668341708542715,1.316326530612245,0.417075876465831
-0.3266331658291457,1.316326530612245,0.42024002825212714
-0.31658291457286436,1.316326530612245,0.4230624969218231
-0.3065326633165829,1.316326530612245,0.4255830677616066
-0.29648241206030146,1.316326530612245,0.42786143959741063
-0.2864321608040201,1.316326530612245,0.42997793221079494
-0.27638190954773867,1.316326530612245,0.43203271279992794
-0.26633165829145733,1.316326530612245,0.4341434187866253
-0.2562814070351759,1.316326530612245,0.4364412534522968
-0.24623115577889443,1.316326530612245,0.43906578122947393
-0.2361809045226131,1.316326530612245,0.4421586978501739
-0.22613065326633164,1.316326530612245,0.4458567852181582
-0.2160804020100502,1.316326530612245,0.45028411957055103
-0.20603015075376885,1.316326530612245,0.45554345832418874
-0.1959798994974874,1.316326530612245,0.4617066685498705
-0.18592964824120606,1.316326530612245,0.4688041363305583
-0.1758793969849246,1.316326530612245,0.4768133136713014
-0.16582914572864316,1.316326530612245,0.48564684057786545
-0.15577889447236182,1.316326530612245,0.495140860515597
-0.14572864321608037,1.316326530612245,0.5050440159762061
-0.13567839195979903,1.316326530612245,0.5150070449577018
-0.12562814070351758,1.316326530612245,0.5245721903412625
-0.11557788944723613,1.316326530612245,0.5331621327886136
-0.10552763819095479,1.316326530612245,0.5400734138534818
-0.09547738693467334,1.316326530612245,0.5444967494075701
-0.085427135678392,1.316326530612245,0.5456282998138294
-0.07537688442211055,1.316326530612245,0.5430095113932291
-0.0653266331658291,1.316326530612245,0.5372894108803385
-0.055276381909547756,1.316326530612245,0.5313730648586562
-0.045226130653266305,1.316326530612245,0.5307191706850126
-0.035175879396984966,1.316326530612245,0.538980490880043
-0.025125628140703515,1.316326530612245,0.5438000912679197
-0.015075376884422065,1.316326530612245,0.4854733172924759
-0.005025125628140725,1.316326530612245,0.1882595571326504
0.005025125628140614,1.316326530612245,-0.36876029434160496
0.015075376884422065,1.316326530612245,-0.6564958136840844
0.025125628140703515,1.316326530612245,-0.6685863968532216
0.035175879396984966,1.316326530612245,-0.6240986412223348
0.045226130653266416,1.316326530612245,-0.5912232066145254
0.055276381909547645,1.316326530612245,-0.5734609076632646
0.0653266331658291,1.316326530612245,-0.564129805907356
0.07537688442211055,1.316326530612245,-0.558558678301371
0.085427135678392,1.316326530612245,-0.5544883758597638
0.09547738693467345,1.316326530612245,-0.5508828993576693
0.1055276381909549,1.316326530612245,-0.5471756926986067
0.11557788944723613,1.316326530612245,-0.5429782374422876
0.12562814070351758,1.316326530612245,-0.5380236847480349
0.13567839195979903,1.316326530612245,-0.5321870701260728
0.14572864321608048,1.316326530612245,-0.5255002165588575
0.15577889447236193,1.316326530612245,-0.518128977857183
0.16582914572864316,1.316326530612245,-0.5103131279631072
0.1758793969849246,1.316326530612245,-0.502290764618569
0.18592964824120606,1.316326530612245,-0.49423757625877673
0.1959798994974875,1.316326530612245,-0.4862436396258653
0.20603015075376896,1.316326530612245,-0.4783302538730942
0.2160804020100502,1.316326530612245,-0.4704891730536918
0.22613065326633164,1.316326530612245,-0.4627194996322225
0.2361809045226131,1.316326530612245,-0.4550455882618225
0.24623115577889454,1.316326530612245,-0.44751352329218036
0.256281407035176,1.316326530612245,-0.44017439201963326
0.2663316582914572,1.316326530612245,-0.4330660353759481
0.27638190954773867,1.316326530612245,-0.42620207244718544
0.2864321608040201,1.316326530612245,-0.41957089644880174
0.29648241206030157,1.316326530612245,-0.41314205839089013
0.306532663316583,1.316326530612245,-0.40687544492395467
0.31658291457286425,1.316326530612245,-0.40072954554220763
0.3266331658291457,1.316326530612245,-0.3946670663396662
0.33668341708542715,1.316326530612245,-0.38865775243335765
0.3467336683417086,1.316326530612245,-0.38267908175471077
0.35678391959799005,1.316326530612245,-0.3767156610593937
0.3668341708542713,1.316326530612245,-0.3707580080839169
0.37688442211055273,1.316326530612245,-0.36480117352674346
0.3869346733668342,1.316326530612245,-0.35884345512798077
0.39698492462311563,1.316326530612245,-0.35288531586912786
0.4070351758793971,1.316326530612245,-0.3469285343941978
0.4170854271356783,1.316326530612245,-0.34097557232442827
0.42713567839195976,1.316326530612245,-0.33502912494355597
0.4371859296482412,1.316326530612245,-0.32909181756220496
0.44723618090452266,1.316326530612245,-0.3231660125689907
0.4572864321608041,1.316326530612245,-0.317253697601106
0.46733668341708534,1.316326530612245,-0.31135643123520973
0.4773869346733668,1.316326530612245,-0.30547532808767053
0.48743718592964824,1.316326530612245,-0.29961106983636066
0.4974874371859297,1.316326530612245,-0.29376393237245646
0.5075376884422111,1.316326530612245,-0.2879338221438472
0.5175879396984926,1.316326530612245,-0.2821203168977822
0.5276381909547738,1.316326530612245,-0.2763227076109891
0.5376884422110553,1.316326530612245,-0.27054003953802414
0.5477386934673367,1.316326530612245,-0.26477115111946464
0.5577889447236182,1.316326530612245,-0.2590147100555479
0.5678391959798996,1.316326530612245,-0.2532692462340108
0.5778894472361809,1.316326530612245,-0.24753318145321906
0.5879396984924623,1.316326530612245,-0.24180485604083346
0.5979899497487438,1.316326530612245,-0.23608255256198632
0.6080402010050252,1.316326530612245,-0.23036451685961107
0.6180904522613067,1.316326530612245,-0.2246489766879295
0.6281407035175879,1.316326530612245,-0.21893415819868628
0.6381909547738693,1.316326530612245,-0.2132183005261291
0.6482412060301508,1.316326530612245,-0.20749966869608305
0.6582914572864322,1.316326530612245,-0.20177656506046598
0.6683417085427137,1.316326530612245,-0.19604733943358707
0.6783919597989949,1.316326530612245,-0.19031039808217592
0.6884422110552764,1.316326530612245,-0.18456421169826023
0.6984924623115578,1.316326530612245,-0.17880732246325223
0.7085427135678393,1.316326530612245,-0.17303835029327874
0.7185929648241207,1.316326530612245,-0.16725599833984198
0.728643216080402,1.316326530612245,-0.16145905780637151
0.7386934673366834,1.316326530612245,-0.15564641212986147
0.7487437185929648,1.316326530612245,-0.1498170405675713
0.7587939698492463,1.316326530612245,-0.1439700212212519
0.7688442211055277,1.316326530612245,-0.13810453352557348
0.778894472361809,1.316326530612245,-0.13221986022297758
0.7889447236180904,1.316326530612245,-0.12631538884394777
0.7989949748743719,1.316326530612245,-0.12039061270948387
0.8090452261306533,1.316326530612245,-0.11444513147116989
0.8190954773869348,1.316326530612245,-0.10847865120355987
0.829145728643216,1.316326530612245,-0.10249098406344836
0.8391959798994975,1.316326530612245,-0.09648204753089537
0.8492462311557789,1.316326530612245,-0.0904518632474813
0.8592964824120604,1.316326530612245,-0.08440055546813799
0.8693467336683418,1.316326530612245,-0.07832834914387615
0.879396984924623,1.316326530612245,-0.07223556765383965
0.8894472361809045,1.316326530612245,-0.06612263020624534
0.8994974874371859,1.316326530612245,-0.059990048928852485
0.9095477386934674,1.316326530612245,-0.05383842567066649
0.9195979899497488,1.316326530612245,-0.047668448537548036
0.9296482412060301,1.316326530612245,-0.04148088818523074
0.9396984924623115,1.316326530612245,-0.03527659389398047
0.949748743718593,1.316326530612245,-0.029056489449675066
0.9597989949748744,1.316326530612245,-0.022821568856506463
0.9698492462311559,1.316326530612245,-0.016572891906714682
0.9798994974874373,1.316326530612245,-0.010311579632876794
0.9899497487437185,1.316326530612245,-0.00403880966811232
1.0,1.316326530612245,0.002244188460667901
-1.0,1.3265306122448979,0.028297709458670134
-0.9899497487437185,1.3265306122448979,0.03349924545164454
-0.9798994974874372,1.3265306122448979,0.03871736346278587
-0.9698492462311558,1.3265306122448979,0.04395313034663223
-0.9597989949748744,1.3265306122448979,0.04920763152705915
-0.949748743718593,1.3265306122448979,0.054481968026207694
-0.9396984924623115,1.3265306122448979,0.059777253525237495
-0.9296482412060302,1.3265306122448979,0.06509461148767073
-0.9195979899497487,1.3265306122448979,0.07043517237613392
-0.9095477386934674,1.3265306122448979,0.0758000709924821
-0.8994974874371859,1.3265306122448979,0.08119044396947017
-0.8894472361809045,1.3265306122448979,0.08660742743914301
-0.8793969849246231,1.3265306122448979,0.09205215489871757
-0.8693467336683417,1.3265306122448979,0.09752575528880872
-0.8592964824120604,1.3265306122448979,0.10302935129108895
-0.8492462311557789,1.3265306122448979,0.10856405784278123
-0.8391959798994975,1.3265306122448979,0.11413098085345436
-0.8291457286432161,1.3265306122448979,0.11973121609528903
-0.8190954773869347,1.3265306122448979,0.12536584822110536
-0.8090452261306533,1.3265306122448979,0.13103594984478628
-0.7989949748743719,1.3265306122448979,0.13674258059621996
-0.7889447236180904,1.3265306122448979,0.1424867860373784
-0.778894472361809,1.3265306122448979,0.14826959629758008
-0.7688442211055276,1.3265306122448979,0.15409202425438573
-0.7587939698492463,1.3265306122448979,0.15995506305202972
-0.7487437185929648,1.3265306122448979,0.16585968271185697
-0.7386934673366834,1.3265306122448979,0.17180682554929388
-0.728643216080402,1.3265306122448979,0.1777974000696404
-0.7185929648241206,1.3265306122448979,0.18383227297103533
-0.7085427135678393,1.3265306122448979,0.1899122588377622
-0.6984924623115578,1.3265306122448979,0.19603810706164726
-0.6884422110552764,1.3265306122448979,0.20221048548430776
-0.6783919597989949,1.3265306122448979,0.20842996020997018
-0.6683417085427136,1.3265306122448979,0.21469697099865054
-0.6582914572864322,1.3265306122448979,0.22101180161470302
-0.6482412060301508,1.3265306122448979,0.22737454447811195
-0.6381909547738693,1.3265306122448979,0.2337850589481658
-0.6281407035175879,1.3265306122448979,0.24024292256450963
-0.6180904522613065,1.3265306122448979,0.24674737458291285
-0.6080402010050251,1.3265306122448979,0.2532972511771642
-0.5979899497487438,1.3265306122448979,0.2598909117398909
-0.5879396984924623,1.3265306122448979,0.26652615581058803
-0.5778894472361809,1.3265306122448979,0.27320013029654444
-0.5678391959798995,1.3265306122448979,0.2799092268409103
-0.5577889447236181,1.3265306122448979,0.2866489694424273
-0.5477386934673367,1.3265306122448979,0.2934138927554629
-0.5376884422110553,1.3265306122448979,0.3001974119107831
-0.5276381909547738,1.3265306122448979,0.30699168521301556
-0.5175879396984925,1.3265306122448979,0.3137874717090646
-0.507537688442211,1.3265306122448979,0.3205739864067203
-0.4974874371859297,1.3265306122448979,0.32733875688623193
-0.48743718592964824,1.3265306122448979,0.3340674862346804
-0.4773869346733668,1.3265306122448979,0.34074392871002734
-0.46733668341708545,1.3265306122448979,0.34734978640783154
-0.457286432160804,1.3265306122448979,0.35386463760467807
-0.44723618090452255,1.3265306122448979,0.3602659105937779
-0.4371859296482412,1.3265306122448979,0.36652892097827605
-0.42713567839195976,1.3265306122448979,0.37262699585385006
-0.4170854271356784,1.3265306122448979,0.3785317153601171
-0.40703517587939697,1.3265306122448979,0.38421331075634324
-0.3969849246231155,1.3265306122448979,0.3896412679850948
-0.3869346733668342,1.3265306122448979,0.3947851951044751
-0.37688442211055273,1.3265306122448979,0.3996160178552839
-0.3668341708542714,1.3265306122448979,0.4041075647616872
-0.35678391959798994,1.3265306122448979,0.40823858435992555
-0.3467336683417085,1.3265306122448979,0.4119951946382552
-0.33668341708542715,1.3265306122448979,0.41537369338203356
-0.3266331658291457,1.3265306122448979,0.4183835601112621
-0.31658291457286436,1.3265306122448979,0.42105037015419167
-0.3065326633165829,1.3265306122448979,0.4234182471871908
-0.29648241206030146,1.3265306122448979,0.4255514381778295
-0.2864321608040201,1.3265306122448979,0.4275346339243765
-0.27638190954773867,1.3265306122448979,0.4294717857355853
-0.26633165829145733,1.3265306122448979,0.4314833563660535
-0.2562814070351759,1.3265306122448979,0.43370213370979527
-0.24623115577889443,1.3265306122448979,0.4362678637951517
-0.2361809045226131,1.3265306122448979,0.4393209815323944
-0.22613065326633164,1.3265306122448979,0.44299563250990337
-0.2160804020100502,1.3265306122448979,0.4474120319192665
-0.20603015075376885,1.3265306122448979,0.4526680723550469
-0.1959798994974874,1.3265306122448979,0.4588300478605569
-0.18592964824120606,1.3265306122448979,0.4659224554681817
-0.1758793969849246,1.3265306122448979,0.47391705872490386
-0.16582914572864316,1.3265306122448979,0.4827216628758999
-0.15577889447236182,1.3265306122448979,0.49216918919158037
-0.14572864321608037,1.3265306122448979,0.5020074372712393
-0.13567839195979903,1.3265306122448979,0.5118892801156615
-0.12562814070351758,1.3265306122448979,0.5213622601334497
-0.11557788944723613,1.3265306122448979,0.5298570059494211
-0.10552763819095479,1.3265306122448979,0.5366790735233825
-0.09547738693467334,1.3265306122448979,0.5410259772374362
-0.085427135678392,1.3265306122448979,0.5420920796131639
-0.07537688442211055,1.3265306122448979,0.5393964695029646
-0.0653266331658291,1.3265306122448979,0.5335271577483826
-0.055276381909547756,1.3265306122448979,0.527282408059579
-0.045226130653266305,1.3265306122448979,0.5260384758442701
-0.035175879396984966,1.3265306122448979,0.5336151177543614
-0.025125628140703515,1.3265306122448979,0.5382629734322878
-0.015075376884422065,1.3265306122448979,0.4814263874176161
-0.005025125628140725,1.3265306122448979,0.19036210011849047
0.005025125628140614,1.3265306122448979,-0.36402142087209977
0.015075376884422065,1.3265306122448979,-0.6585371622140495
0.025125628140703515,1.3265306122448979,-0.6722575467484568
0.035175879396984966,1.3265306122448979,-0.6256489054796048
0.045226130653266416,1.3265306122448979,-0.5904144548070913
0.055276381909547645,1.3265306122448979,-0.5710464870094235
0.0653266331658291,1.3265306122448979,-0.5607794138385183
0.07537688442211055,1.3265306122448979,-0.554703302678448
0.085427135678392,1.3265306122448979,-0.5504046794957471
0.09547738693467345,1.3265306122448979,-0.5467720345581881
0.1055276381909549,1.3265306122448979,-0.5431968824121005
0.11557788944723613,1.3265306122448979,-0.5392510576501183
0.12562814070351758,1.3265306122448979,-0.5346178119601283
0.13567839195979903,1.3265306122448979,-0.5291135896282322
0.14572864321608048,1.3265306122448979,-0.5227131442721231
0.15577889447236193,1.3265306122448979,-0.515539903632376
0.16582914572864316,1.3265306122448979,-0.5078158846073795
0.1758793969849246,1.3265306122448979,-0.49978820071838215
0.18592964824120606,1.3265306122448979,-0.4916611264711706
0.1959798994974875,1.3265306122448979,-0.48355971239970463
0.20603015075376896,1.3265306122448979,-0.4755339542465439
0.2160804020100502,1.3265306122448979,-0.4675914930093125
0.22613065326633164,1.3265306122448979,-0.4597354060013033
0.2361809045226131,1.3265306122448979,-0.45198755531220114
0.24623115577889454,1.3265306122448979,-0.4443908942120043
0.256281407035176,1.3265306122448979,-0.4369961079566056
0.2663316582914572,1.3265306122448979,-0.4298436228042234
0.27638190954773867,1.3265306122448979,-0.42295088856317054
0.2864321608040201,1.3265306122448979,-0.4163093325164529
0.29648241206030157,1.3265306122448979,-0.4098895541830607
0.306532663316583,1.3265306122448979,-0.40365038458385283
0.31658291457286425,1.3265306122448979,-0.3975477214866108
0.3266331658291457,1.3265306122448979,-0.39154091165161237
0.33668341708542715,1.3265306122448979,-0.38559622678396344
0.3467336683417086,1.3265306122448979,-0.379687982210885
0.35678391959799005,1.3265306122448979,-0.3737981420087624
0.3668341708542713,1.3265306122448979,-0.36791515594277946
0.37688442211055273,1.3265306122448979,-0.36203254566017296
0.3869346733668342,1.3265306122448979,-0.3561475405995208
0.39698492462311563,1.3265306122448979,-0.350259906066001
0.4070351758793971,1.3265306122448979,-0.3443710080625239
0.4170854271356783,1.3265306122448979,-0.3384831068775107
0.42713567839195976,1.3265306122448979,-0.3325988479322144
0.4371859296482412,1.3265306122448979,-0.32672091151626875
0.44723618090452266,1.3265306122448979,-0.3208517845919119
0.4572864321608041,1.3265306122448979,-0.31499362297411454
0.46733668341708534,1.3265306122448979,-0.309148178277139
0.4773869346733668,1.3265306122448979,-0.30331676978937494
0.48743718592964824,1.3265306122448979,-0.29750028638428083
0.4974874371859297,1.3265306122448979,-0.291699207573889
0.5075376884422111,1.3265306122448979,-0.28591363592311375
0.5175879396984926,1.3265306122448979,-0.2801433353991081
0.5276381909547738,1.3265306122448979,-0.27438777197553654
0.5376884422110553,1.3265306122448979,-0.26864615408087517
0.5477386934673367,1.3265306122448979,-0.2629174713865261
0.5577889447236182,1.3265306122448979,-0.2572005310658775
0.5678391959798996,1.3265306122448979,-0.2514939910913275
0.5778894472361809,1.3265306122448979,-0.24579639042703877
0.5879396984924623,1.3265306122448979,-0.2401061761621449
0.5979899497487438,1.3265306122448979,-0.2344217277426967
0.6080402010050252,1.3265306122448979,-0.2287413785232858
0.6180904522613067,1.3265306122448979,-0.22306343488730782
0.6281407035175879,1.3265306122448979,-0.2173861931900223
0.6381909547738693,1.3265306122448979,-0.21170795476921775
0.6482412060301508,1.3265306122448979,-0.20602703925038834
0.6582914572864322,1.3265306122448979,-0.20034179635085486
0.6683417085427137,1.3265306122448979,-0.1946506163630405
0.6783919597989949,1.3265306122448979,-0.18895193947296246
0.6884422110552764,1.3265306122448979,-0.18324426404701943
0.6984924623115578,1.3265306122448979,-0.17752615399911398
0.7085427135678393,1.3265306122448979,-0.17179624533131696
0.7185929648241207,1.3265306122448979,-0.1660532519248395
0.728643216080402,1.3265306122448979,-0.16029597064397827
0.7386934673366834,1.3265306122448979,-0.15452328580388885
0.7487437185929648,1.3265306122448979,-0.1487341730432281
0.7587939698492463,1.3265306122448979,-0.14292770263484786
0.7688442211055277,1.3265306122448979,-0.13710304226150158
0.778894472361809,1.3265306122448979,-0.13125945927873714
0.7889447236180904,1.3265306122448979,-0.12539632248365576
0.7989949748743719,1.3265306122448979,-0.1195131034057774
0.8090452261306533,1.3265306122448979,-0.11360937713466182
0.8190954773869348,1.3265306122448979,-0.1076848226981583
0.829145728643216,1.3265306122448979,-0.10173922300487839
0.8391959798994975,1.3265306122448979,-0.09577246436475242
0.8492462311557789,1.3265306122448979,-0.08978453560208594
0.8592964824120604,1.3265306122448979,-0.08377552677640254
0.8693467336683418,1.3265306122448979,-0.07774562752737399
0.879396984924623,1.3265306122448979,-0.07169512506127068
0.8894472361809045,1.3265306122448979,-0.06562440179752949
0.8994974874371859,1.3265306122448979,-0.059533932695241376
0.9095477386934674,1.3265306122448979,-0.0534242822804433
0.9195979899497488,1.3265306122448979,-0.04729610139619181
0.9296482412060301,1.3265306122448979,-0.041150123698292934
0.9396984924623115,1.3265306122448979,-0.034987161920391585
0.949748743718593,1.3265306122448979,-0.028808103932791623
0.9597989949748744,1.3265306122448979,-0.022613908619845968
0.9698492462311559,1.3265306122448979,-0.01640560160112542
0.9798994974874373,1.3265306122448979,-0.010184270821698066
0.9899497487437185,1.3265306122448979,-0.003951062036889025
1.0,1.3265306122448979,0.002292825783370034
-1.0,1.336734693877551,0.029182763608390366
-0.9899497487437185,1.336734693877551,0.03433826851183408
-0.9798994974874372,1.336734693877551,0.039510570648047305
-0.9698492462311558,1.336734693877551,0.044700757582382566
-0.9597989949748744,1.336734693877551,0.04990993575045377
-0.949748743718593,1.336734693877551,0.05513922766539109
-0.9396984924623115,1.336734693877551,0.060389769171859675
-0.9296482412060302,1.336734693877551,0.06566270677658448
-0.9195979899497487,1.336734693877551,0.0709591950847597
-0.9095477386934674,1.336734693877551,0.07628039437044437
-0.8994974874371859,1.336734693877551,0.08162746830676648
-0.8894472361809045,1.336734693877551,0.08700158187815449
-0.8793969849246231,1.336734693877551,0.09240389949185968
-0.8693467336683417,1.336734693877551,0.09783558329937275
-0.8592964824120604,1.336734693877551,0.10329779172989575
-0.8492462311557789,1.336734693877551,0.10879167822749916
-0.8391959798994975,1.336734693877551,0.11431839017085582
-0.8291457286432161,1.336734693877551,0.1198790679392131
-0.8190954773869347,1.336734693877551,0.12547484407045684
-0.8090452261306533,1.336734693877551,0.13110684243651305
-0.7989949748743719,1.336734693877551,0.13677617733779412
-0.7889447236180904,1.336734693877551,0.14248395239189882
-0.778894472361809,1.336734693877551,0.1482312590622018
-0.7688442211055276,1.336734693877551,0.1540191746393691
-0.7587939698492463,1.336734693877551,0.15984875945330246
-0.7487437185929648,1.336734693877551,0.16572105305468432
-0.7386934673366834,1.336734693877551,0.1716370690644144
-0.728643216080402,1.336734693877551,0.17759778834621587
-0.7185929648241206,1.336734693877551,0.18360415011291092
-0.7085427135678393,1.336734693877551,0.1896570405310809
-0.6984924623115578,1.336734693877551,0.19575727834268813
-0.6884422110552764,1.336734693877551,0.20190559697686017
-0.6783919597989949,1.336734693877551,0.20810262258151235
-0.6683417085427136,1.336734693877551,0.21434884736442983
-0.6582914572864322,1.336734693877551,0.22064459759863542
-0.6482412060301508,1.336734693877551,0.2269899956196325
-0.6381909547738693,1.336734693877551,0.23338491512525228
-0.6281407035175879,1.336734693877551,0.23982892908574527
-0.6180904522613065,1.336734693877551,0.2463212495866699
-0.6080402010050251,1.336734693877551,0.2528606589651251
-0.5979899497487438,1.336734693877551,0.25944543166702755
-0.5879396984924623,1.336734693877551,0.26607324635685337
-0.5778894472361809,1.336734693877551,0.272741087960125
-0.5678391959798995,1.336734693877551,0.2794451395230728
-0.5577889447236181,1.336734693877551,0.2861806640450763
-0.5477386934673367,1.336734693877551,0.2929418767912014
-0.5376884422110553,1.336734693877551,0.2997218090400098
-0.5276381909547738,1.336734693877551,0.3065121647841673
-0.5175879396984925,1.336734693877551,0.313303172600321
-0.507537688442211,1.336734693877551,0.3200834357681924
-0.4974874371859297,1.336734693877551,0.32683978478432807
-0.48743718592964824,1.336734693877551,0.3335571377357968
-0.4773869346733668,1.336734693877551,0.3402183756492625
-0.46733668341708545,1.336734693877551,0.3468042420216076
-0.457286432160804,1.336734693877551,0.35329327842640823
-0.44723618090452255,1.336734693877551,0.35966181158789223
-0.4371859296482412,1.336734693877551,0.36588401188126063
-0.42713567839195976,1.336734693877551,0.3719320491251731
-0.4170854271356784,1.336734693877551,0.3777763789525189
-0.40703517587939697,1.336734693877551,0.3833862018467046
-0.3969849246231155,1.336734693877551,0.38873014632088476
-0.3869346733668342,1.336734693877551,0.39377723575253765
-0.37688442211055273,1.336734693877551,0.3984982014335072
-0.3668341708542714,1.336734693877551,0.4028671968369337
-0.35678391959798994,1.336734693877551,0.40686394276664894
-0.3467336683417085,1.336734693877551,0.41047628301596206
-0.33668341708542715,1.336734693877551,0.41370305227861315
-0.3266331658291457,1.336734693877551,0.41655705772034535
-0.31658291457286436,1.336734693877551,0.41906787067504947
-0.3065326633165829,1.336734693877551,0.42128404528824803
-0.29648241206030146,1.336734693877551,0.42327436087901393
-0.2864321608040201,1.336734693877551,0.42512774831808564
-0.27638190954773867,1.336734693877551,0.4269517057770853
-0.26633165829145733,1.336734693877551,0.4288692005899931
-0.2562814070351759,1.336734693877551,0.43101423218356205
-0.24623115577889443,1.336734693877551,0.43352633569674626
-0.2361809045226131,1.336734693877551,0.4365443028364694
-0.22613065326633164,1.336734693877551,0.4401992946437565
-0.2160804020100502,1.336734693877551,0.4446073709280698
-0.20603015075376885,1.336734693877551,0.44986133765049474
-0.1959798994974874,1.336734693877551,0.4560217874230982
-0.18592964824120606,1.336734693877551,0.463107318102871
-0.1758793969849246,1.336734693877551,0.4710841405719133
-0.16582914572864316,1.336734693877551,0.4798555326852265
-0.15577889447236182,1.336734693877551,0.4892516883199812
-0.14572864321608037,1.336734693877551,0.49902024331192896
-0.13567839195979903,1.336734693877551,0.5088170397372632
-0.12562814070351758,1.336734693877551,0.5181958513064848
-0.11557788944723613,1.336734693877551,0.5265962056862863
-0.10552763819095479,1.336734693877551,0.5333335565070174
-0.09547738693467334,1.336734693877551,0.5376129423089359
-0.085427135678392,1.336734693877551,0.5386273750515902
-0.07537688442211055,1.336734693877551,0.5358734745707708
-0.0653266331658291,1.336734693877551,0.529876714324896
-0.055276381909547756,1.336734693877551,0.5233232258031268
-0.045226130653266305,1.336734693877551,0.5214936410261588
-0.035175879396984966,1.336734693877551,0.5283591839972841
-0.025125628140703515,1.336734693877551,0.5328073602906495
-0.015075376884422065,1.336734693877551,0.47757161694122463
-0.005025125628140725,1.336734693877551,0.19303967148673162
0.005025125628140614,1.336734693877551,-0.35849813121554386
0.015075376884422065,1.336734693877551,-0.6604101862296514
0.025125628140703515,1.336734693877551,-0.6761991723831259
0.035175879396984966,1.336734693877551,-0.627537230706569
0.045226130653266416,1.336734693877551,-0.5898700004267614
0.055276381909547645,1.336734693877551,-0.5688083722469512
0.0653266331658291,1.336734693877551,-0.5575352926154608
0.07537688442211055,1.336734693877551,-0.5508993426946265
0.085427135678392,1.336734693877551,-0.5463260121378994
0.09547738693467345,1.336734693877551,-0.5426260404737044
0.1055276381909549,1.336734693877551,-0.5391511294747711
0.11557788944723613,1.336734693877551,-0.5354377515825741
0.12562814070351758,1.336734693877551,-0.5311232687849334
0.13567839195979903,1.336734693877551,-0.5259670955019436
0.14572864321608048,1.336734693877551,-0.5198846149532286
0.15577889447236193,1.336734693877551,-0.5129505766255282
0.16582914572864316,1.336734693877551,-0.5053605609570944
0.1758793969849246,1.336734693877551,-0.49736232844589856
0.18592964824120606,1.336734693877551,-0.48918346549242
0.1959798994974875,1.336734693877551,-0.4809832277949968
0.20603015075376896,1.336734693877551,-0.4728433630868304
0.2160804020100502,1.336734693877551,-0.4647920902502292
0.22613065326633164,1.336734693877551,-0.45684052150578525
0.2361809045226131,1.336734693877551,-0.4490102517899261
0.24623115577889454,1.336734693877551,-0.4413415584820887
0.256281407035176,1.336734693877551,-0.4338842313542747
0.2663316582914572,1.336734693877551,-0.42668072195215134
0.27638190954773867,1.336734693877551,-0.41975215998941756
0.2864321608040201,1.336734693877551,-0.41309327309721167
0.29648241206030157,1.336734693877551,-0.40667615563744586
0.306532663316583,1.336734693877551,-0.4004589738764822
0.31658291457286425,1.336734693877551,-0.3943952502407002
0.3266331658291457,1.336734693877551,-0.38844100532909814
0.33668341708542715,1.336734693877551,-0.3825589365044394
0.3467336683417086,1.336734693877551,-0.3767200226301219
0.35678391959799005,1.336734693877551,-0.370903387899224
0.3668341708542713,1.336734693877551,-0.365095225275001
0.37688442211055273,1.336734693877551,-0.359287363116939
0.3869346733668342,1.336734693877551,-0.35347582851911735
0.39698492462311563,1.336734693877551,-0.3476595847049768
0.4070351758793971,1.336734693877551,-0.34183950674049135
0.4170854271356783,1.336734693877551,-0.3360175968489634
0.42713567839195976,1.336734693877551,-0.3301964109114116
0.4371859296482412,1.336734693877551,-0.3243786575870379
0.44723618090452266,1.336734693877551,-0.31856693156817806
0.4572864321608041,1.336734693877551,-0.3127635471460093
0.46733668341708534,1.336734693877551,-0.30697044438813387
0.4773869346733668,1.336734693877551,-0.3011891462602221
0.48743718592964824,1.336734693877551,-0.2954207502941535
0.4974874371859297,1.336734693877551,-0.28966594271819157
0.5075376884422111,1.336734693877551,-0.28392502635038275
0.5175879396984926,1.336734693877551,-0.27819795613722964
0.5276381909547738,1.336734693877551,-0.272484378143303
0.5376884422110553,1.336734693877551,-0.26678366920431207
0.5477386934673367,1.336734693877551,-0.2610949754670636
0.5577889447236182,1.336734693877551,-0.2554172487533397
0.5678391959798996,1.336734693877551,-0.24974928017834194
0.5778894472361809,1.336734693877551,-0.24408973078753152
0.5879396984924623,1.336734693877551,-0.23843715919335007
0.5979899497487438,1.336734693877551,-0.23279004632892036
0.6080402010050252,1.336734693877551,-0.227146817514092
0.6180904522613067,1.336734693877551,-0.22150586206813258
0.6281407035175879,1.336734693877551,-0.21586555071597877
0.6381909547738693,1.336734693877551,-0.2102242510305733
0.6482412060301508,1.336734693877551,-0.20458034113908058
0.6582914572864322,1.336734693877551,-0.19893222190015802
0.6683417085427137,1.336734693877551,-0.19327832773627426
0.6783919597989949,1.336734693877551,-0.18761713628125345
0.6884422110552764,1.336734693877551,-0.18194717698028218
0.6984924623115578,1.336734693877551,-0.17626703875825608
0.7085427135678393,1.336734693877551,-0.17057537685309795
0.7185929648241207,1.336734693877551,-0.1648709188937217
0.728643216080402,1.336734693877551,-0.1591524702876833
0.7386934673366834,1.336734693877551,-0.1534189189711861
0.7487437185929648,1.336734693877551,-0.14766923956383265
0.7587939698492463,1.336734693877551,-0.14190249696214963
0.7688442211055277,1.336734693877551,-0.13611784939929483
0.778894472361809,1.336734693877551,-0.13031455099320666
0.7889447236180904,1.336734693877551,-0.12449195380167782
0.7989949748743719,1.336734693877551,-0.11864950940007477
0.8090452261306533,1.336734693877551,-0.11278676999573725
0.8190954773869348,1.336734693877551,-0.10690338909205241
0.829145728643216,1.336734693877551,-0.10099912171488429
0.8391959798994975,1.336734693877551,-0.09507382421416585
0.8492462311557789,1.336734693877551,-0.0891274536540426
0.8592964824120604,1.336734693877551,-0.08316006680574559
0.8693467336683418,1.336734693877551,-0.07717181875841062
0.879396984924623,1.336734693877551,-0.07116296116428153
0.8894472361809045,1.336734693877551,-0.0651338401358536
0.8994974874371859,1.336734693877551,-0.05908489381385407
0.9095477386934674,1.336734693877551,-0.053016649626078716
0.9195979899497488,1.336734693877551,-0.04692972125828895
0.9296482412060301,1.336734693877551,-0.04082480535936592
0.9396984924623115,1.336734693877551,-0.034702678003826676
0.949748743718593,1.336734693877551,-0.02856419093557777
0.9597989949748744,1.336734693877551,-0.022410267617365587
0.9698492462311559,1.336734693877551,-0.016241899110810115
0.9798994974874373,1.336734693877551,-0.010060139812192698
0.9899497487437185,1.336734693877551,-0.003866103069204402
1.0,1.336734693877551,0.002339043296183535
-1.0,1.346938775510204,0.030074252662595558
-0.9899497487437185,1.346938775510204,0.0351843220889948
-0.9798994974874372,1.346938775510204,0.04031142910515487
-0.9698492462311558,1.346938775510204,0.04545668233952177
-0.9597989949748744,1.346938775510204,0.0506212096718108
-0.949748743718593,1.346938775510204,0.055806155625912346
-0.9396984924623115,1.346938775510204,0.06101267882434849
-0.9296482412060302,1.346938775510204,0.06624194953285939
-0.9195979899497487,1.346938775510204,0.07149514732287987
-0.9095477386934674,1.346938775510204,0.07677345887794884
-0.8994974874371859,1.346938775510204,0.08207807596724098
-0.8894472361809045,1.346938775510204,0.08741019360524091
-0.8793969849246231,1.346938775510204,0.09277100841093677
-0.8693467336683417,1.346938775510204,0.09816171717254124
-0.8592964824120604,1.346938775510204,0.10358351561451301
-0.8492462311557789,1.346938775510204,0.10903759735230073
-0.8391959798994975,1.346938775510204,0.11452515300654786
-0.8291457286432161,1.346938775510204,0.12004736943240324
-0.8190954773869347,1.346938775510204,0.12560542900073302
-0.8090452261306533,1.346938775510204,0.13120050884645418
-0.7989949748743719,1.346938775510204,0.13683377997464885
-0.7889447236180904,1.346938775510204,0.14250640608761966
-0.778894472361809,1.346938775510204,0.1482195419654298
-0.7688442211055276,1.346938775510204,0.15397433119895965
-0.7587939698492463,1.346938775510204,0.15977190303797473
-0.7487437185929648,1.346938775510204,0.16561336807754135
-0.7386934673366834,1.346938775510204,0.17149981246439877
-0.728643216080402,1.346938775510204,0.17743229026113028
-0.7185929648241206,1.346938775510204,0.18341181356053943
-0.7085427135678393,1.346938775510204,0.18943933989627348
-0.6984924623115578,1.346938775510204,0.19551575644911845
-0.6884422110552764,1.346938775510204,0.2016418605026259
-0.6783919597989949,1.346938775510204,0.20781833555801443
-0.6683417085427136,1.346938775510204,0.2140457224782087
-0.6582914572864322,1.346938775510204,0.22032438499630314
-0.6482412060301508,1.346938775510204,0.2266544688971685
-0.6381909547738693,1.346938775510204,0.2330358541652101
-0.6281407035175879,1.346938775510204,0.23946809939022967
-0.6180904522613065,1.346938775510204,0.24595037774130152
-0.6080402010050251,1.346938775510204,0.2524814038612465
-0.5979899497487438,1.346938775510204,0.25905935110813094
-0.5879396984924623,1.346938775510204,0.26568175868343247
-0.5778894472361809,1.346938775510204,0.2723454283484317
-0.5678391959798995,1.346938775510204,0.27904631065224067
-0.5577889447236181,1.346938775510204,0.2857793808896543
-0.5477386934673367,1.346938775510204,0.2925385053897128
-0.5376884422110553,1.346938775510204,0.2993162992241493
-0.5276381909547738,1.346938775510204,0.306103977039517
-0.5175879396984925,1.346938775510204,0.31289119948323063
-0.507537688442211,1.346938775510204,0.3196659186442713
-0.4974874371859297,1.346938775510204,0.32641422710722867
-0.48743718592964824,1.346938775510204,0.3331202166835715
-0.4773869346733668,1.346938775510204,0.33976585472173315
-0.46733668341708545,1.346938775510204,0.34633088822806457
-0.457286432160804,1.346938775510204,0.3527927890190934
-0.44723618090452255,1.346938775510204,0.35912675698441593
-0.4371859296482412,1.346938775510204,0.36530580351232234
-0.42713567839195976,1.346938775510204,0.3713009434335577
-0.4170854271356784,1.346938775510204,0.377081531531928
-0.40703517587939697,1.346938775510204,0.3826157884157666
-0.3969849246231155,1.346938775510204,0.38787156923038923
-0.3869346733668342,1.346938775510204,0.3928174349490685
-0.37688442211055273,1.346938775510204,0.3974240857263832
-0.3668341708542714,1.346938775510204,0.4016662031360292
-0.35678391959798994,1.346938775510204,0.40552471610180385
-0.3467336683417085,1.346938775510204,0.4089894481675501
-0.33668341708542715,1.346938775510204,0.41206202056516517
-0.3266331658291457,1.346938775510204,0.4147587848655626
-0.31658291457286436,1.346938775510204,0.41711346161565044
-0.3065326633165829,1.346938775510204,0.41917909816256815
-0.29648241206030146,1.346938775510204,0.4210289614999382
-0.2864321608040201,1.346938775510204,0.4227560679866944
-0.27638190954773867,1.346938775510204,0.42447121099864416
-0.26633165829145733,1.346938775510204,0.42629953877881
-0.2562814070351759,1.346938775510204,0.42837589803689036
-0.24623115577889443,1.346938775510204,0.4308392397108868
-0.2361809045226131,1.346938775510204,0.4338263571157742
-0.22613065326633164,1.346938775510204,0.4374651112120156
-0.2160804020100502,1.346938775510204,0.44186714802789806
-0.20603015075376885,1.346938775510204,0.44712000228032067
-0.1959798994974874,1.346938775510204,0.4532784732539301
-0.18592964824120606,1.346938775510204,0.46035528296209616
-0.1758793969849246,1.346938775510204,0.4683112526706761
-0.16582914572864316,1.346938775510204,0.4770454571438232
-0.15577889447236182,1.346938775510204,0.48638585935728007
-0.14572864321608037,1.346938775510204,0.49608059196744725
-0.13567839195979903,1.346938775510204,0.5057892576160783
-0.12562814070351758,1.346938775510204,0.5150727255883694
-0.11557788944723613,1.346938775510204,0.5233802851621281
-0.10552763819095479,1.346938775510204,0.5300380719405943
-0.09547738693467334,1.346938775510204,0.5342592847979462
-0.085427135678392,1.346938775510204,0.535235988729076
-0.07537688442211055,1.346938775510204,0.5324422947461777
-0.0653266331658291,1.346938775510204,0.5263399332604642
-0.055276381909547756,1.346938775510204,0.5194982910566326
-0.045226130653266305,1.346938775510204,0.5170900725656471
-0.035175879396984966,1.346938775510204,0.5232214719038246
-0.025125628140703515,1.346938775510204,0.527439957854995
-0.015075376884422065,1.346938775510204,0.473897960481085
-0.005025125628140725,1.346938775510204,0.19625705881180244
0.005025125628140614,1.346938775510204,-0.3521610869155539
0.015075376884422065,1.346938775510204,-0.6620654008777698
0.025125628140703515,1.346938775510204,-0.6803962717962515
0.035175879396984966,1.346938775510204,-0.6297681221818984
0.045226130653266416,1.346938775510204,-0.5895992031066863
0.055276381909547645,1.346938775510204,-0.5667556341434784
0.0653266331658291,1.346938775510204,-0.5544059042861667
0.07537688442211055,1.346938775510204,-0.5471551489198415
0.085427135678392,1.346938775510204,-0.5422604570668312
0.09547738693467345,1.346938775510204,-0.5384517763029358
0.1055276381909549,1.346938775510204,-0.5350426146371865
0.11557788944723613,1.346938775510204,-0.5315383373419891
0.12562814070351758,1.346938775510204,-0.5275349383395591
0.13567839195979903,1.346938775510204,-0.5227373725291706
0.14572864321608048,1.346938775510204,-0.5170006223961624
0.15577889447236193,1.346938775510204,-0.5103456150963351
0.16582914572864316,1.346938775510204,-0.5029332840780757
0.1758793969849246,1.346938775510204,-0.4950032138339414
0.18592964824120606,1.346938775510204,-0.48679977897499516
0.1959798994974875,1.346938775510204,-0.4785141679303925
0.20603015075376896,1.346938775510204,-0.47026183661870113
0.2160804020100502,1.346938775510204,-0.46209595036060713
0.22613065326633164,1.346938775510204,-0.4540400784291303
0.2361809045226131,1.346938775510204,-0.44611843012401786
0.24623115577889454,1.346938775510204,-0.43836962485034225
0.256281407035176,1.346938775510204,-0.43084234291511125
0.2663316582914572,1.346938775510204,-0.4235805244686215
0.27638190954773867,1.346938775510204,-0.41660873529314685
0.2864321608040201,1.346938775510204,-0.4099251855750492
0.29648241206030157,1.346938775510204,-0.40350388590917674
0.306532663316583,1.346938775510204,-0.3973027525068009
0.31658291457286425,1.346938775510204,-0.3912731911766933
0.3266331658291457,1.346938775510204,-0.3853679671308302
0.33668341708542715,1.346938775510204,-0.3795461256445808
0.3467336683417086,1.346938775510204,-0.37377514397315226
0.35678391959799005,1.346938775510204,-0.3680311074988074
0.3668341708542713,1.346938775510204,-0.3622977559054721
0.37688442211055273,1.346938775510204,-0.35656504994906213
0.3869346733668342,1.346938775510204,-0.35082767002906157
0.39698492462311563,1.346938775510204,-0.34508366351220987
0.4070351758793971,1.346938775510204,-0.33933332827493307
0.4170854271356783,1.346938775510204,-0.3335783452755191
0.42713567839195976,1.346938775510204,-0.32782113607521957
0.4371859296482412,1.346938775510204,-0.3220644071543965
0.44723618090452266,1.346938775510204,-0.3163108410985881
0.4572864321608041,1.346938775510204,-0.31056289872576476
0.46733668341708534,1.346938775510204,-0.3048227022996718
0.4773869346733668,1.346938775510204,-0.29909197623145406
0.48743718592964824,1.346938775510204,-0.29337202726314504
0.4974874371859297,1.346938775510204,-0.2876637507644587
0.5075376884422111,1.346938775510204,-0.28196765344875435
0.5175879396984926,1.346938775510204,-0.2762838856350469
0.5276381909547738,1.346938775510204,-0.270612278298194
0.5376884422110553,1.346938775510204,-0.2649523817051703
0.5477386934673367,1.346938775510204,-0.2593035035598218
0.5577889447236182,1.346938775510204,-0.25366474537743156
0.5678391959798996,1.346938775510204,-0.2480350363674332
0.5778894472361809,1.346938775510204,-0.24241316448241798
0.5879396984924623,1.346938775510204,-0.23679780454315527
0.5979899497487438,1.346938775510204,-0.23118754350942222
0.6080402010050252,1.346938775510204,-0.22558090306211678
0.6180904522613067,1.346938775510204,-0.21997635971326682
0.6281407035175879,1.346938775510204,-0.21437236268158688
0.6381909547738693,1.346938775510204,-0.20876734977253164
0.6482412060301508,1.346938775510204,-0.2031597614906818
0.6582914572864322,1.346938775510204,-0.19754805359399008
0.6683417085427137,1.346938775510204,-0.19193070827744274
0.6783919597989949,1.346938775510204,-0.18630624415046412
0.6884422110552764,1.346938775510204,-0.18067322514955572
0.6984924623115578,1.346938775510204,-0.17503026850605885
0.7085427135678393,1.346938775510204,-0.1693760518693434
0.7185929648241207,1.346938775510204,-0.16370931966823477
0.728643216080402,1.346938775510204,-0.15802888877833848
0.7386934673366834,1.346938775510204,-0.1523336535499819
0.7487437185929648,1.346938775510204,-0.1466225902407195
0.7587939698492463,1.346938775510204,-0.1408947608874689
0.7688442211055277,1.346938775510204,-0.13514931664630536
0.778894472361809,1.346938775510204,-0.12938550062241258
0.7889447236180904,1.346938775510204,-0.12360265020853609
0.7989949748743719,1.346938775510204,-0.11780019894732838
0.8090452261306533,1.346938775510204,-0.11197767793096253
0.8190954773869348,1.346938775510204,-0.10613471675026676
0.829145728643216,1.346938775510204,-0.10027104400510012
0.8391959798994975,1.346938775510204,-0.09438648738780894
0.8492462311557789,1.346938775510204,-0.08848097335202873
0.8592964824120604,1.346938775510204,-0.08255452637994101
0.8693467336683418,1.346938775510204,-0.07660726786209798
0.879396984924623,1.346938775510204,-0.07063941460513201
0.8894472361809045,1.346938775510204,-0.06465127698391254
0.8994974874371859,1.346938775510204,-0.05864325675602444
0.9095477386934674,1.346938775510204,-0.05261584455768889
0.9195979899497488,1.346938775510204,-0.04656961710148391
0.9296482412060301,1.346938775510204,-0.04050523409731094
0.9396984924623115,1.346938775510204,-0.03442343491906805
0.949748743718593,1.346938775510204,-0.028325035040332736
0.9597989949748744,1.346938775510204,-0.022210922263061567
0.9698492462311559,1.346938775510204,-0.016082052763835814
0.9798994974874373,1.346938775510204,-0.009939446982550226
0.9899497487437185,1.346938775510204,-0.003784185378603838
1.0,1.346938775510204,0.002382595920322389
-1.0,1.3571428571428572,0.03097165577124783
-0.9899497487437185,1.3571428571428572,0.03603688400862157
-0.9798994974874372,1.3571428571428572,0.04111941497656599
-0.9698492462311558,1.3571428571428572,0.04622037875936466
-0.9597989949748744,1.3571428571428572,0.05134092516152103
-0.949748743718593,1.3571428571428572,0.05648222129397332
-0.9396984924623115,1.3571428571428572,0.061645449236469085
-0.9296482412060302,1.3571428571428572,0.06683180380329684
-0.9195979899497487,1.3571428571428572,0.07204249043836428
-0.9095477386934674,1.3571428571428572,0.07727872326334953
-0.8994974874371859,1.3571428571428572,0.0825417232992117
-0.8894472361809045,1.3571428571428572,0.08783271687656652
-0.8793969849246231,1.3571428571428572,0.09315293424403845
-0.8693467336683417,1.3571428571428572,0.0985036083756034
-0.8592964824120604,1.3571428571428572,0.10388597396783603
-0.8492462311557789,1.3571428571428572,0.10930126660575143
-0.8391959798994975,1.3571428571428572,0.11475072206132314
-0.8291457286432161,1.3571428571428572,0.12023557567164767
-0.8190954773869347,1.3571428571428572,0.12575706172393541
-0.8090452261306533,1.3571428571428572,0.1313164127518281
-0.7989949748743719,1.3571428571428572,0.1369148586220521
-0.7889447236180904,1.3571428571428572,0.14255362526179322
-0.778894472361809,1.3571428571428572,0.14823393284569064
-0.7688442211055276,1.3571428571428572,0.15395699322678685
-0.7587939698492463,1.3571428571428572,0.15972400635842976
-0.7487437185929648,1.3571428571428572,0.16553615541408356
-0.7386934673366834,1.3571428571428572,0.1713946002695661
-0.728643216080402,1.3571428571428572,0.17730046896780155
-0.7185929648241206,1.3571428571428572,0.1832548467401895
-0.7085427135678393,1.3571428571428572,0.18925876211184023
-0.6984924623115578,1.3571428571428572,0.19531316957099165
-0.6884422110552764,1.3571428571428572,0.20141892823692398
-0.6783919597989949,1.3571428571428572,0.2075767759169319
-0.6683417085427136,1.3571428571428572,0.21378729790296896
-0.6582914572864322,1.3571428571428572,0.2200508898245216
-0.6482412060301508,1.3571428571428572,0.22636771384857202
-0.6381909547738693,1.3571428571428572,0.23273764750337245
-0.6281407035175879,1.3571428571428572,0.23916022440412477
-0.6180904522613065,1.3571428571428572,0.24563456618034873
-0.6080402010050251,1.3571428571428572,0.25215930495283434
-0.5979899497487438,1.3571428571428572,0.25873249578970303
-0.5879396984924623,1.3571428571428572,0.2653515186952077
-0.5778894472361809,1.3571428571428572,0.27201296986168944
-0.5678391959798995,1.3571428571428572,0.2787125421570057
-0.5577889447236181,1.3571428571428572,0.2854448951410288
-0.5477386934673367,1.3571428571428572,0.29220351532225997
-0.5376884422110553,1.3571428571428572,0.29898056789893207
-0.5276381909547738,1.3571428571428572,0.30576674190165565
-0.5175879396984925,1.3571428571428572,0.31255109149572113
-0.507537688442211,1.3571428571428572,0.31932087724749003
-0.4974874371859297,1.3571428571428572,0.3260614124601856
-0.48743718592964824,1.3571428571428572,0.3327559213073131
-0.4773869346733668,1.3571428571428572,0.3393854175306297
-0.46733668341708545,1.3571428571428572,0.345928615052973
-0.457286432160804,1.3571428571428572,0.35236188515419814
-0.44723618090452255,1.3571428571428572,0.35865927907799633
-0.4371859296482412,1.3571428571428572,0.3647926402936137
-0.42713567839195976,1.3571428571428572,0.3707318372764834
-0.4170854271356784,1.3571428571428572,0.3764451555185775
-0.40703517587939697,1.3571428571428572,0.3818998959653902
-0.3969849246231155,1.3571428571428572,0.3870632347537213
-0.3869346733668342,1.3571428571428572,0.391903403206434
-0.37688442211055273,1.3571428571428572,0.39639124305426965
-0.3668341708542714,1.3571428571428572,0.4005021737650022
-0.35678391959798994,1.3571428571428572,0.40421857017485663
-0.3467336683417085,1.3571428571428572,0.4075324849290505
-0.33668341708542715,1.3571428571428572,0.41044856311691436
-0.3266331658291457,1.3571428571428572,0.41298689750961204
-0.31658291457286436,1.3571428571428572,0.41518548517174747
-0.3065326633165829,1.3571428571428572,0.4171019008906266
-0.29648241206030146,1.3571428571428572,0.41881382797122313
-0.2864321608040201,1.3571428571428572,0.4204181932341031
-0.27638190954773867,1.3571428571428572,0.422028822791641
-0.26633165829145733,1.3571428571428572,0.4237727225685254
-0.2562814070351759,1.3571428571428572,0.4257852337429249
-0.24623115577889443,1.3571428571428572,0.42820437049043203
-0.2361809045226131,1.3571428571428572,0.43116460024784165
-0.22613065326633164,1.3571428571428572,0.4347902006235611
-0.2160804020100502,1.3571428571428572,0.4391881802049815
-0.20603015075376885,1.3571428571428572,0.44444065327565063
-0.1959798994974874,1.3571428571428572,0.45059656819008775
-0.18592964824120606,1.3571428571428572,0.4576628253705638
-0.1758793969849246,1.3571428571428572,0.4655950440159876
-0.16582914572864316,1.3571428571428572,0.4742884341759137
-0.15577889447236182,1.3571428571428572,0.4835692233303597
-0.14572864321608037,1.3571428571428572,0.49318668054700154
-0.13567839195979903,1.3571428571428572,0.5028049161550496
-0.12562814070351758,1.3571428571428572,0.5119926910374285
-0.11557788944723613,1.3571428571428572,0.5202098307181751
-0.10552763819095479,1.3571428571428572,0.5267938399799529
-0.09547738693467334,1.3571428571428572,0.5309666271840175
-0.085427135678392,1.3571428571428572,0.5319196713571159
-0.07537688442211055,1.3571428571428572,0.5291046023829773
-0.0653266331658291,1.3571428571428572,0.5229185031049123
-0.055276381909547756,1.3571428571428572,0.5158101007382604
-0.045226130653266305,1.3571428571428572,0.512832782910738
-0.035175879396984966,1.3571428571428572,0.5182104498901008
-0.025125628140703515,1.3571428571428572,0.5221674439131307
-0.015075376884422065,1.3571428571428572,0.4703938824011151
-0.005025125628140725,1.3571428571428572,0.19997539798726677
0.005025125628140614,1.3571428571428572,-0.34498515089225695
0.015075376884422065,1.3571428571428572,-0.6634506861262178
0.025125628140703515,1.3571428571428572,-0.684831556201195
0.035175879396984966,1.3571428571428572,-0.6323453617794718
0.045226130653266416,1.3571428571428572,-0.5896114269176642
0.055276381909547645,1.3571428571428572,-0.5648974095663413
0.0653266331658291,1.3571428571428572,-0.5513996899055409
0.07537688442211055,1.3571428571428572,-0.5434790907383713
0.085427135678392,1.3571428571428572,-0.5382163448820251
0.09547738693467345,1.3571428571428572,-0.53425672668145
0.1055276381909549,1.3571428571428572,-0.5308765789606578
0.11557788944723613,1.3571428571428572,-0.5275542512762343
0.12562814070351758,1.3571428571428572,-0.5238492494517667
0.13567839195979903,1.3571428571428572,-0.5194155222483146
0.14572864321608048,1.3571428571428572,-0.5140478589505051
0.15577889447236193,1.3571428571428572,-0.5077094397176463
0.16582914572864316,1.3571428571428572,-0.500519058351746
0.1758793969849246,1.3571428571428572,-0.49269914522635494
0.18592964824120606,1.3571428571428572,-0.48450329812057685
0.1959798994974875,1.3571428571428572,-0.4761508682419961
0.20603015075376896,1.3571428571428572,-0.4677916850459144
0.2160804020100502,1.3571428571428572,-0.45950763855322807
0.22613065326633164,1.3571428571428572,-0.4513393405727858
0.2361809045226131,1.3571428571428572,-0.44331709300201194
0.24623115577889454,1.3571428571428572,-0.4354794931765862
0.256281407035176,1.3571428571428572,-0.42787427419646495
0.2663316582914572,1.3571428571428572,-0.4205464258003435
0.27638190954773867,1.3571428571428572,-0.41352364187900914
0.2864321608040201,1.3571428571428572,-0.40680770947248635
0.29648241206030157,1.3571428571428572,-0.40037493797632406
0.306532663316583,1.3571428571428572,-0.3941834222680628
0.31658291457286425,1.3571428571428572,-0.3881827499327284
0.3266331658291457,1.3571428571428572,-0.3823225411324206
0.33668341708542715,1.3571428571428572,-0.37655813792949633
0.3467336683417086,1.3571428571428572,-0.37085336254870616
0.35678391959799005,1.3571428571428572,-0.3651810628444426
0.3668341708542713,1.3571428571428572,-0.35952232201354356
0.37688442211055273,1.3571428571428572,-0.35386504901035976
0.3869346733668342,1.3571428571428572,-0.34820242266258683
0.39698492462311563,1.3571428571428572,-0.3425314509225602
0.4070351758793971,1.3571428571428572,-0.3368517598012
0.4170854271356783,1.3571428571428572,-0.33116463887999426
0.42713567839195976,1.3571428571428572,-0.32547232513114444
0.4371859296482412,1.3571428571428572,-0.3197774880472959
0.44723618090452266,1.3571428571428572,-0.31408287501954046
0.4572864321608041,1.3571428571428572,-0.3083910789944222
0.46733668341708534,1.3571428571428572,-0.30270439634770663
0.4773869346733668,1.3571428571428572,-0.29702474935095513
0.48743718592964824,1.3571428571428572,-0.2913536535104929
0.4974874371859297,1.3571428571428572,-0.285692215028891
0.5075376884422111,1.3571428571428572,-0.28004114761674104
0.5175879396984926,1.3571428571428572,-0.2744008009590614
0.5276381909547738,1.3571428571428572,-0.26877119546184775
0.5376884422110553,1.3571428571428572,-0.2631520596209982
0.5477386934673367,1.3571428571428572,-0.25754286760377204
0.5577889447236182,1.3571428571428572,-0.2519428755248846
0.5678391959798996,1.3571428571428572,-0.24635115552578993
0.5778894472361809,1.3571428571428572,-0.240766627196712
0.5879396984924623,1.3571428571428572,-0.2351880861699639
0.5979899497487438,1.3571428571428572,-0.22961422990025965
0.6080402010050252,1.3571428571428572,-0.22404368076273856
0.6180904522613067,1.3571428571428572,-0.21847500666425965
0.6281407035175879,1.3571428571428572,-0.2129067393940407
0.6381909547738693,1.3571428571428572,-0.2073373909474556
0.6482412060301508,1.3571428571428572,-0.201765468049954
0.6582914572864322,1.3571428571428572,-0.19618948509239378
0.6683417085427137,1.3571428571428572,-0.190607975668673
0.6783919597989949,1.3571428571428572,-0.18501950288407182
0.6884422110552764,1.3571428571428572,-0.17942266858011188
0.6984924623115578,1.3571428571428572,-0.17381612160003623
0.7085427135678393,1.3571428571428572,-0.16819856519905765
0.7185929648241207,1.3571428571428572,-0.1625687636855773
0.728643216080402,1.3571428571428572,-0.1569255483639077
0.7386934673366834,1.3571428571428572,-0.1512678228355023
0.7487437185929648,1.3571428571428572,-0.14559456770441392
0.7587939698492463,1.3571428571428572,-0.13990484472329157
0.7688442211055277,1.3571428571428572,-0.1341978004087594
0.778894472361809,1.3571428571428572,-0.12847266914903763
0.7889447236180904,1.3571428571428572,-0.12272877582218539
0.7989949748743719,1.3571428571428572,-0.11696553794006845
0.8090452261306533,1.3571428571428572,-0.11118246733092532
0.8190954773869348,1.3571428571428572,-0.10537917137201849
0.829145728643216,1.3571428571428572,-0.09955535378323746
0.8391959798994975,1.3571428571428572,-0.09371081499247894
0.8492462311557789,1.3571428571428572,-0.0878454520840111
0.8592964824120604,1.3571428571428572,-0.081959258341786
0.8693467336683418,1.3571428571428572,-0.07605232240072046
0.879396984924623,1.3571428571428572,-0.07012482702010861
0.8894472361809045,1.3571428571428572,-0.06417704749465811
0.8994974874371859,1.3571428571428572,-0.058209349719972936
0.9095477386934674,1.3571428571428572,-0.052222187930641206
0.9195979899497488,1.3571428571428572,-0.04621610213038052
0.9296482412060301,1.3571428571428572,-0.04019171523486162
0.9396984924623115,1.3571428571428572,-0.034149729948969754
0.949748743718593,1.3571428571428572,-0.02809092540116201
0.9597989949748744,1.3571428571428572,-0.022016153558417434
0.9698492462311559,1.3571428571428572,-0.015926335445873685
0.9798994974874373,1.3571428571428572,-0.009822457195727469
0.9899497487437185,1.3571428571428572,-0.0037055659502462923
1.0,1.3571428571428572,0.002423234356175835
-1.0,1.3673469387755102,0.03187444971792969
-0.9899497487437185,1.3673469387755102,0.03689542939532439
-0.9798994974874372,1.3673469387755102,0.04193400136679415
-0.9698492462311558,1.3673469387755102,0.04699131761147268
-0.9597989949748744,1.3673469387755102,0.052068550393870316
-0.949748743718593,1.3673469387755102,0.057166890051409985
-0.9396984924623115,1.3673469387755102,0.062287542872426854
-0.9296482412060302,1.3673469387755102,0.06743172909031084
-0.9195979899497487,1.3673469387755102,0.07260068101776054
-0.9095477386934674,1.3673469387755102,0.07779564134229719
-0.8994974874371859,1.3673469387755102,0.08301786160013608
-0.8894472361809045,1.3673469387755102,0.08826860084001789
-0.8793969849246231,1.3673469387755102,0.0935491244814868
-0.8693467336683417,1.3673469387755102,0.09886070336315284
-0.8592964824120604,1.3673469387755102,0.10420461296551817
-0.8492462311557789,1.3673469387755102,0.10958213277977885
-0.8391959798994975,1.3673469387755102,0.11499454577842982
-0.8291457286432161,1.3673469387755102,0.12044313792539946
-0.8190954773869347,1.3673469387755102,0.12592919764256771
-0.8090452261306533,1.3673469387755102,0.13145401512587523
-0.7989949748743719,1.3673469387755102,0.13701888137763585
-0.7889447236180904,1.3673469387755102,0.14262508679210822
-0.778894472361809,1.3673469387755102,0.1482739190988731
-0.7688442211055276,1.3673469387755102,0.15396666043314544
-0.7587939698492463,1.3673469387755102,0.1597045832639573
-0.7487437185929648,1.3673469387755102,0.16548894487035876
-0.7386934673366834,1.3673469387755102,0.1713209800127149
-0.728643216080402,1.3673469387755102,0.1772018914011716
-0.7185929648241206,1.3673469387755102,0.18313283751693948
-0.7085427135678393,1.3673469387755102,0.18911491729487862
-0.6984924623115578,1.3673469387755102,0.19514915112868647
-0.6884422110552764,1.3673469387755102,0.20123645761397435
-0.6783919597989949,1.3673469387755102,0.20737762540084287
-0.6683417085427136,1.3673469387755102,0.21357327948801497
-0.6582914572864322,1.3673469387755102,0.21982384125723375
-0.6482412060301508,1.3673469387755102,0.2261294815221393
-0.6381909547738693,1.3673469387755102,0.23249006585368182
-0.6281407035175879,1.3673469387755102,0.23890509144841077
-0.6180904522613065,1.3673469387755102,0.2453736148321528
-0.6080402010050251,1.3673469387755102,0.25189416974597667
-0.5979899497487438,1.3673469387755102,0.2584646746520677
-0.5879396984924623,1.3673469387755102,0.26508232943359034
-0.5778894472361809,1.3673469387755102,0.27174350105636724
-0.5678391959798995,1.3673469387755102,0.27844359822465153
-0.5577889447236181,1.3673469387755102,0.28517693541425704
-0.5477386934673367,1.3673469387755102,0.2919365871225124
-0.5376884422110553,1.3673469387755102,0.29871423375772604
-0.5276381909547738,1.3673469387755102,0.30550000132768546
-0.5175879396984925,1.3673469387755102,0.31228229800969526
-0.507537688442211,1.3673469387755102,0.31904765183563444
-0.4974874371859297,1.3673469387755102,0.32578055515977844
-0.48743718592964824,1.3673469387755102,0.33246332336946294
-0.4773869346733668,1.3673469387755102,0.33907597755063035
-0.46733668341708545,1.3673469387755102,0.34559616366718143
-0.457286432160804,1.3673469387755102,0.3519991244254665
-0.44723618090452255,1.3673469387755102,0.35825774456714204
-0.4371859296482412,1.3673469387755102,0.3643426960401531
-0.42713567839195976,1.3673469387755102,0.3702227163989079
-0.4170854271356784,1.3673469387755102,0.3758650616463233
-0.40703517587939697,1.3673469387755102,0.3812361827337868
-0.3969849246231155,1.3673469387755102,0.3863026812860383
-0.3869346733668342,1.3673469387755102,0.39103260163420295
-0.37688442211055273,1.3673469387755102,0.3953971081364188
-0.3668341708542714,1.3673469387755102,0.3993725730229539
-0.35678391959798994,1.3673469387755102,0.4029430548074875
-0.3467336683417085,1.3673469387755102,0.40610307787488176
-0.33668341708542715,1.3673469387755102,0.40886053430329616
-0.3266331658291457,1.3673469387755102,0.41123943372130956
-0.31658291457286436,1.3673469387755102,0.41328215105006905
-0.3065326633165829,1.3673469387755102,0.41505079550905144
-0.29648241206030146,1.3673469387755102,0.41662737111376014
-0.2864321608040201,1.3673469387755102,0.41811252291379575
-0.27638190954773867,1.3673469387755102,0.4196228399097732
-0.26633165829145733,1.3673469387755102,0.42128686595034837
-0.2562814070351759,1.3673469387755102,0.4232400974967103
-0.24623115577889443,1.3673469387755102,0.4256192813139975
-0.2361809045226131,1.3673469387755102,0.42855625932291863
-0.22613065326633164,1.3673469387755102,0.43217147404219647
-0.2160804020100502,1.3673469387755102,0.4365671062844738
-0.20603015075376885,1.3673469387755102,0.44181973420809295
-0.1959798994974874,1.3673469387755102,0.44797242963342054
-0.18592964824120606,1.3673469387755102,0.45502635401167013
-0.1758793969849246,1.3673469387755102,0.46293213381972353
-0.16582914572864316,1.3673469387755102,0.47158146411971225
-0.15577889447236182,1.3673469387755102,0.4807993286545833
-0.14572864321608037,1.3673469387755102,0.4903367493693357
-0.13567839195979903,1.3673469387755102,0.4998630456741957
-0.12562814070351758,1.3673469387755102,0.5089555975935018
-0.11557788944723613,1.3673469387755102,0.5170854547389812
-0.10552763819095479,1.3673469387755102,0.5236020835818909
-0.09547738693467334,1.3673469387755102,0.5277365669469132
-0.085427135678392,1.3673469387755102,0.5286801175104214
-0.07537688442211055,1.3673469387755102,0.5258619746761934
-0.0653266331658291,1.3673469387755102,0.5196139542788427
-0.055276381909547756,1.3673469387755102,0.5122608828417269
-0.045226130653266305,1.3673469387755102,0.5087263833999234
-0.035175879396984966,1.3673469387755102,0.5133342353849336
-0.025125628140703515,1.3673469387755102,0.5169964778704639
-0.015075376884422065,1.3673469387755102,0.4670476461943238
-0.005025125628140725,1.3673469387755102,0.20415260540267088
0.005025125628140614,1.3673469387755102,-0.3369500383489704
0.015075376884422065,1.3673469387755102,-0.6645113881066603
0.025125628140703515,1.3673469387755102,-0.6894852809452511
0.035175879396984966,1.3673469387755102,-0.6352718975153655
0.045226130653266416,1.3673469387755102,-0.5899160226636014
0.055276381909547645,1.3673469387755102,-0.5632429159214231
0.0653266331658291,1.3673469387755102,-0.548525064159747
0.07537688442211055,1.3673469387755102,-0.5398795099601412
0.085427135678392,1.3673469387755102,-0.5342021659557602
0.09547738693467345,1.3673469387755102,-0.5300488880702809
0.1055276381909549,1.3673469387755102,-0.5266592139238868
0.11557788944723613,1.3673469387755102,-0.5234882838880515
0.12562814070351758,1.3673469387755102,-0.5200642029193823
0.13567839195979903,1.3673469387755102,-0.5159941083411522
0.14572864321608048,1.3673469387755102,-0.5110139723066474
0.15577889447236193,1.3673469387755102,-0.5050265864929363
0.16582914572864316,1.3673469387755102,-0.49810204303112177
0.1758793969849246,1.3673469387755102,-0.49043678404789987
0.18592964824120606,1.3673469387755102,-0.4822852778921083
0.1959798994974875,1.3673469387755102,-0.4738898483361685
0.20603015075376896,1.3673469387755102,-0.46543393624689305
0.2160804020100502,1.3673469387755102,-0.45703108456541885
0.22613065326633164,1.3673469387755102,-0.44874346300108564
0.2361809045226131,1.3673469387755102,-0.440611434069334
0.24623115577889454,1.3673469387755102,-0.43267585027517164
0.256281407035176,1.3673469387755102,-0.42498412627172066
0.2663316582914572,1.3673469387755102,-0.4175820452344356
0.27638190954773867,1.3673469387755102,-0.41050010008100263
0.2864321608040201,1.3673469387755102,-0.40374366570380976
0.29648241206030157,1.3673469387755102,-0.39729168222282396
0.306532663316583,1.3673469387755102,-0.3911028549780011
0.31658291457286425,1.3673469387755102,-0.38512528715900507
0.3266331658291457,1.3673469387755102,-0.3793056048477921
0.33668341708542715,1.3673469387755102,-0.37359542560653075
0.3467336683417086,1.3673469387755102,-0.36795477807691945
0.35678391959799005,1.3673469387755102,-0.362353076247483
0.3668341708542713,1.3673469387755102,-0.3567685380062099
0.37688442211055273,1.3673469387755102,-0.35118682675231727
0.3869346733668342,1.3673469387755102,-0.3455994541837707
0.39698492462311563,1.3673469387755102,-0.3400022551076459
0.4070351758793971,1.3673469387755102,-0.33439408010080784
0.4170854271356783,1.3673469387755102,-0.32877574988470415
0.42713567839195976,1.3673469387755102,-0.3231492606756953
0.4371859296482412,1.3673469387755102,-0.3175172055678205
0.44723618090452266,1.3673469387755102,-0.3118823701438524
0.4572864321608041,1.3673469387755102,-0.3062474624154967
0.46733668341708534,1.3673469387755102,-0.3006149427928828
0.4773869346733668,1.3673469387755102,-0.29498692634346535
0.48743718592964824,1.3673469387755102,-0.28936513580007117
0.4974874371859297,1.3673469387755102,-0.2837508890861208
0.5075376884422111,1.3673469387755102,-0.2781451094203147
0.5175879396984926,1.3673469387755102,-0.2725483494108385
0.5276381909547738,1.3673469387755102,-0.2669608230909163
0.5376884422110553,1.3673469387755102,-0.26138244173800235
0.5477386934673367,1.3673469387755102,-0.2558128507005886
0.5577889447236182,1.3673469387755102,-0.25025146544997445
0.5678391959798996,1.3673469387755102,-0.24469750577662006
0.5778894472361809,1.3673469387755102,-0.23915002753790382
0.5879396984924623,1.3673469387755102,-0.23360795169428442
0.5979899497487438,1.3673469387755102,-0.2280700905879227
0.6080402010050252,1.3673469387755102,-0.22253517155435348
0.6180904522613067,1.3673469387755102,-0.21700185803788827
0.6281407035175879,1.3673469387755102,-0.21146876842262852
0.6381909547738693,1.3673469387755102,-0.20593449280599252
0.6482412060301508,1.3673469387755102,-0.20039760793971956
0.6582914572864322,1.3673469387755102,-0.19485669055074314
0.6683417085427137,1.3673469387755102,-0.1893103292357729
0.6783919597989949,1.3673469387755102,-0.18375713510199088
0.6884422110552764,1.3673469387755102,-0.1781957513040023
0.6984924623115578,1.3673469387755102,-0.17262486160548754
0.7085427135678393,1.3673469387755102,-0.16704319807376578
0.7185929648241207,1.3673469387755102,-0.16144954799709874
0.728643216080402,1.3673469387755102,-0.15584276009835027
0.7386934673366834,1.3673469387755102,-0.15022175010458103
0.7487437185929648,1.3673469387755102,-0.14458550572027273
0.7587939698492463,1.3673469387755102,-0.13893309104198254
0.7688442211055277,1.3673469387755102,-0.13326365044423713
0.778894472361809,1.3673469387755102,-0.12757641196008762
0.7889447236180904,1.3673469387755102,-0.12187069017487678
0.7989949748743719,1.3673469387755102,-0.11614588864815223
0.8090452261306533,1.3673469387755102,-0.11040150187616105
0.8190954773869348,1.3673469387755102,-0.10463711680575535
0.829145728643216,1.3673469387755102,-0.09885241390975208
0.8391959798994975,1.3673469387755102,-0.09304716783357658
0.8492462311557789,1.3673469387755102,-0.08722124762334907
0.8592964824120604,1.3673469387755102,-0.08137461654626113
0.8693467336683418,1.3673469387755102,-0.0755073315150892
0.879396984924623,1.3673469387755102,-0.06961954212988217
0.8894472361809045,1.3673469387755102,-0.06371148935116666
0.8994974874371859,1.3673469387755102,-0.05778350382041095
0.9095477386934674,1.3673469387755102,-0.05183600384487899
0.9195979899497488,1.3673469387755102,-0.04586949306534957
0.9296482412060301,1.3673469387755102,-0.03988455782647676
0.9396984924623115,1.3673469387755102,-0.033881864270729894
0.949748743718593,1.3673469387755102,-0.027862155177893422
0.9597989949748744,1.3673469387755102,-0.021826246573034086
0.9698492462311559,1.3673469387755102,-0.01577502412652959
0.9798994974874373,1.3673469387755102,-0.009709439370364892
0.9899497487437185,1.3673469387755102,-0.003630505755229496
1.0,1.3673469387755102,0.0024607054268041273
-1.0,1.3775510204081631,0.03278210915741264
-0.9899497487437185,1.3775510204081631,0.037759430900742436
-0.9798994974874372,1.3775510204081631,0.04275465856730509
-0.9698492462311558,1.3775510204081631,0.04776896652267992
-0.9597989949748744,1.3775510204081631,0.05280355008788423
-0.949748743718593,1.3775510204081631,0.05785962353652507
-0.9396984924623115,1.3775510204081631,0.06293841819635004
-0.9296482412060302,1.3775510204081631,0.06804118067914905
-0.9195979899497487,1.3775510204081631,0.07316917126070965
-0.9095477386934674,1.3775510204081631,0.07832366242909589
-0.8994974874371859,1.3775510204081631,0.08350593761481634
-0.8894472361809045,1.3775510204081631,0.08871729011021948
-0.8793969849246231,1.3775510204081631,0.09395902217750354
-0.8693467336683417,1.3775510204081631,0.09923244433494763
-0.8592964824120604,1.3775510204081631,0.10453887479907017
-0.8492462311557789,1.3775510204081631,0.10987963904627132
-0.8391959798994975,1.3775510204081631,0.11525606944094235
-0.8291457286432161,1.3775510204081631,0.12066950485785821
-0.8190954773869347,1.3775510204081631,0.12612129020476748
-0.8090452261306533,1.3775510204081631,0.13161277572639757
-0.7989949748743719,1.3775510204081631,0.13714531594346768
-0.7889447236180904,1.3775510204081631,0.1427202680497769
-0.778894472361809,1.3775510204081631,0.14833898955700398
-0.7688442211055276,1.3775510204081631,0.15400283494057865
-0.7587939698492463,1.3775510204081631,0.15971315100104522
-0.7487437185929648,1.3775510204081631,0.1654712706138869
-0.7386934673366834,1.3775510204081631,0.17127850449715443
-0.728643216080402,1.3775510204081631,0.1771361305808069
-0.7185929648241206,1.3775510204081631,0.18304538051492508
-0.7085427135678393,1.3775510204081631,0.1890074228065825
-0.6984924623115578,1.3775510204081631,0.1950233420279423
-0.6884422110552764,1.3775510204081631,0.2010941134921964
-0.6783919597989949,1.3775510204081631,0.20722057275062167
-0.6683417085427136,1.3775510204081631,0.21340337922502173
-0.6582914572864322,1.3775510204081631,0.21964297325747706
-0.6482412060301508,1.3775510204081631,0.22593952583638
-0.6381909547738693,1.3775510204081631,0.23229288024793193
-0.6281407035175879,1.3775510204081631,0.238702484910164
-0.6180904522613065,1.3775510204081631,0.24516731667785063
-0.6080402010050251,1.3775510204081631,0.2516857939685069
-0.5979899497487438,1.3775510204081631,0.2582556791606956
-0.5879396984924623,1.3775510204081631,0.26487396986651635
-0.5778894472361809,1.3775510204081631,0.2715367788930028
-0.5678391959798995,1.3775510204081631,0.27823920299690397
-0.5577889447236181,1.3775510204081631,0.2849751809215238
-0.5477386934673367,1.3775510204081631,0.2917373417033253
-0.5376884422110553,1.3775510204081631,0.29851684487440333
-0.5276381909547738,1.3775510204081631,0.3053032149940049
-0.5175879396984925,1.3775510204081631,0.3120841739547028
-0.507537688442211,1.3775510204081631,0.3188454757732696
-0.4974874371859297,1.3775510204081631,0.3255707501539886
-0.48743718592964824,1.3775510204081631,0.3322413630848774
-0.4773869346733668,1.3775510204081631,0.3388363052030766
-0.46733668341708545,1.3775510204081631,0.34533212178369677
-0.457286432160804,1.3775510204081631,0.3517029021330711
-0.44723618090452255,1.3775510204081631,0.3579203510754515
-0.4371859296482412,1.3775510204081631,0.36395397123403583
-0.42713567839195976,1.3775510204081631,0.3697713918790694
-0.4170854271356784,1.3775510204081631,0.37533888783503244
-0.40703517587939697,1.3775510204081631,0.3806221392197414
-0.3969849246231155,1.3775510204081631,0.385587287488941
-0.3869346733668342,1.3775510204081631,0.3902023418376711
-0.37688442211055273,1.3775510204081631,0.3944389774611494
-0.3668341708542714,1.3775510204081631,0.3982747376683007
-0.35678391959798994,1.3775510204081631,0.4016956004547443
-0.3467336683417085,1.3775510204081631,0.4046987959123115
-0.33668341708542715,1.3775510204081631,0.40729567046403825
-0.3266331658291457,1.3775510204081631,0.4095143043279621
-0.31658291457286436,1.3775510204081631,0.411401526000274
-0.3065326633165829,1.3775510204081631,0.4130239604596133
-0.29648241206030146,1.3775510204081631,0.41446781521571974
-0.2864321608040201,1.3775510204081631,0.4158372473147951
-0.27638190954773867,1.3775510204081631,0.4172513346257207
-0.26633165829145733,1.3775510204081631,0.41883984531219154
-0.2562814070351759,1.3775510204081631,0.4207381073581423
-0.24623115577889443,1.3775510204081631,0.4230812921670749
-0.2361809045226131,1.3775510204081631,0.425998344179651
-0.22613065326633164,1.3775510204081631,0.42960564964834647
-0.2160804020100502,1.3775510204081631,0.43400040301907616
-0.20603015075376885,1.3775510204081631,0.4392535621027521
-0.1959798994974874,1.3775510204081631,0.44540232624196063
-0.18592964824120606,1.3775510204081631,0.45244222636439857
-0.1758793969849246,1.3775510204081631,0.46031912473191083
-0.16582914572864316,1.3775510204081631,0.46892155990756035
-0.15577889447236182,1.3775510204081631,0.4780737576596512
-0.14572864321608037,1.3775510204081631,0.4875290843194491
-0.13567839195979903,1.3775510204081631,0.4969627230722097
-0.12562814070351758,1.3775510204081631,0.5059613323825864
-0.11557788944723613,1.3775510204081631,0.5140077886344178
-0.10552763819095479,1.3775510204081631,0.5204640206551332
-0.09547738693467334,1.3775510204081631,0.52457066971135
-0.085427135678392,1.3775510204081631,0.5255189617125372
-0.07537688442211055,1.3775510204081631,0.5227158944175666
-0.0653266331658291,1.3775510204081631,0.5164276651848907
-0.055276381909547756,1.3775510204081631,0.5088526047212174
-0.045226130653266305,1.3775510204081631,0.5047750808051327
-0.035175879396984966,1.3775510204081631,0.5086005620753654
-0.025125628140703515,1.3775510204081631,0.5119337062297974
-0.015075376884422065,1.3775510204081631,0.46384759173930457
-0.005025125628140725,1.3775510204081631,0.2087438695924566
0.005025125628140614,1.3775510204081631,-0.3280409748832793
0.015075376884422065,1.3775510204081631,-0.6651904735583394
0.025125628140703515,1.3775510204081631,-0.694335077059277
0.035175879396984966,1.3775510204081631,-0.6385497210837384
0.045226130653266416,1.3775510204081631,-0.5905223033419988
0.055276381909547645,1.3775510204081631,-0.5618014675626005
0.0653266331658291,1.3775510204081631,-0.5457904175062972
0.07537688442211055,1.3775510204081631,-0.5363646839539327
0.085427135678392,1.3775510204081631,-0.5302264909966227
0.09547738693467345,1.3775510204081631,-0.5258366576852389
0.1055276381909549,1.3775510204081631,-0.5223975439454841
0.11557788944723613,1.3775510204081631,-0.519344494945465
0.12562814070351758,1.3775510204081631,-0.5161793649325194
0.13567839195979903,1.3775510204081631,-0.5124672648028497
0.14572864321608048,1.3775510204081631,-0.5078877942801463
0.15577889447236193,1.3775510204081631,-0.5022820155999626
0.16582914572864316,1.3775510204081631,-0.4956658573994954
0.1758793969849246,1.3775510204081631,-0.4882013687572748
0.18592964824120606,1.3775510204081631,-0.4801350343383069
0.1959798994974875,1.3775510204081631,-0.4717256845449688
0.20603015075376896,1.3775510204081631,-0.4631881103747877
0.2160804020100502,1.3775510204081631,-0.4546693508865539
0.22613065326633164,1.3775510204081631,-0.4462573222861571
0.2361809045226131,1.3775510204081631,-0.4380067516285684
0.24623115577889454,1.3775510204081631,-0.42996364934306064
0.256281407035176,1.3775510204081631,-0.4221762824544705
0.2663316582914572,1.3775510204081631,-0.41469124612059116
0.27638190954773867,1.3775510204081631,-0.40754153931560955
0.2864321608040201,1.3775510204081631,-0.40073606758566743
0.29648241206030157,1.3775510204081631,-0.39425667501504225
0.306532663316583,1.3775510204081631,-0.3880631009153501
0.31658291457286425,1.3775510204081631,-0.38210232760400575
0.3266331658291457,1.3775510204081631,-0.3763181787096848
0.33668341708542715,1.3775510204081631,-0.37065855871372366
0.3467336683417086,1.3775510204081631,-0.36507958221464437
0.35678391959799005,1.3775510204081631,-0.3595470377646962
0.3668341708542713,1.3775510204081631,-0.35403606483133787
0.37688442211055273,1.3775510204081631,-0.34852987841846716
0.3869346733668342,1.3775510204081631,-0.3430181467790754
0.39698492462311563,1.3775510204081631,-0.33749538731019224
0.4070351758793971,1.3775510204081631,-0.33195956222507
0.4170854271356783,1.3775510204081631,-0.32641093805700133
0.42713567839195976,1.3775510204081631,-0.3208512077746728
0.4371859296482412,1.3775510204081631,-0.31528284369849413
0.44723618090452266,1.3775510204081631,-0.30970863916839664
0.4572864321608041,1.3775510204081631,-0.30413139729994365
0.46733668341708534,1.3775510204081631,-0.2985537302863982
0.4773869346733668,1.3775510204081631,-0.29297793931010424
0.48743718592964824,1.3775510204081631,-0.28740595159790855
0.4974874371859297,1.3775510204081631,-0.28183929680255776
0.5075376884422111,1.3775510204081631,-0.2762791095150274
0.5175879396984926,1.3775510204081631,-0.2707261483472407
0.5276381909547738,1.3775510204081631,-0.2651808248021896
0.5376884422110553,1.3775510204081631,-0.25964323722603627
0.5477386934673367,1.3775510204081631,-0.2541132066633204
0.5577889447236182,1.3775510204081631,-0.24859031254000977
0.5678391959798996,1.3775510204081631,-0.24307392688426177
0.5778894472361809,1.3775510204081631,-0.23756324634344295
0.5879396984924623,1.3775510204081631,-0.23205732163144557
0.5979899497487438,1.3775510204081631,-0.22655508429040097
0.6080402010050252,1.3775510204081631,-0.22105537081123916
0.6180904522613067,1.3775510204081631,-0.21555694425463306
0.6281407035175879,1.3775510204081631,-0.21005851356703054
0.6381909547738693,1.3775510204081631,-0.20455875080977054
0.6482412060301508,1.3775510204081631,-0.19905630652289638
0.6582914572864322,1.3775510204081631,-0.19354982343634491
0.6683417085427137,1.3775510204081631,-0.1880379487248867
0.6783919597989949,1.3775510204081631,-0.1825193449829844
0.6884422110552764,1.3775510204081631,-0.1769927000740396
0.6984924623115578,1.3775510204081631,-0.17145673598694602
0.7085427135678393,1.3775510204081631,-0.1659102168123633
0.7185929648241207,1.3775510204081631,-0.16035195593242008
0.728643216080402,1.3775510204081631,-0.15478082250078226
0.7386934673366834,1.3775510204081631,-0.14919574727547452
0.7487437185929648,1.3775510204081631,-0.14359572785438285
0.7587939698492463,1.3775510204081631,-0.1379798333529382
0.7688442211055277,1.3775510204081631,-0.1323472085549771
0.778894472361809,1.3775510204081631,-0.1266970775609293
0.7889447236180904,1.3775510204081631,-0.12102874695221039
0.7989949748743719,1.3775510204081631,-0.11534160848672304
0.8090452261306533,1.3775510204081631,-0.1096351413375602
0.8190954773869348,1.3775510204081631,-0.10390891388517778
0.829145728643216,1.3775510204081631,-0.09816258507228895
0.8391959798994975,1.3775510204081631,-0.09239590533037809
0.8492462311557789,1.3775510204081631,-0.08660871708695808
0.8592964824120604,1.3775510204081631,-0.08080095486328778
0.8693467336683418,1.3775510204081631,-0.07497264497324024
0.879396984924623,1.3775510204081631,-0.06912390483517714
0.8894472361809045,1.3775510204081631,-0.06325494191001177
0.8994974874371859,1.3775510204081631,-0.05736605228006031
0.9095477386934674,1.3775510204081631,-0.051457618884743594
0.9195979899497488,1.3775510204081631,-0.045530109430584276
0.9296482412060301,1.3775510204081631,-0.039584073994337166
0.9396984924623115,1.3775510204081631,-0.03362014233934066
0.949748743718593,1.3775510204081631,-0.027639020966319455
0.9597989949748744,1.3775510204081631,-0.021641489920864843
0.9698492462311559,1.3775510204081631,-0.015628399380647084
0.9798994974874373,1.3775510204081631,-0.009600666046107598
0.9899497487437185,1.3775510204081631,-0.003559269358815398
1.0,1.3775510204081631,0.0024947524279902433
-1.0,1.3877551020408163,0.033694106831058473
-0.9899497487437185,1.3877551020408163,0.03862835891561886
-0.9798994974874372,1.3877551020408163,0.04358085427236086
-0.9698492462311558,1.3877551020408163,0.04855279020432429
-0.9597989949748744,1.3877551020408163,0.05354538575406123
-0.949748743718593,1.3877551020408163,0.058559879918936686
-0.9396984924623115,1.3877551020408163,0.06359752998429638
-0.9296482412060302,1.3877551020408163,0.06865960999648621
-0.9195979899497487,1.3877551020408163,0.07374740939485336
-0.9095477386934674,1.3877551020408163,0.07886223181783258
-0.8994974874371859,1.3877551020408163,0.08400539409275443
-0.8894472361809045,1.3877551020408163,0.0891782254120187
-0.8793969849246231,1.3877551020408163,0.09438206668946428
-0.8693467336683417,1.3877551020408163,0.0996182700800983
-0.8592964824120604,1.3877551020408163,0.10488819863342089
-0.8492462311557789,1.3877551020408163,0.11019322603549225
-0.8391959798994975,1.3877551020408163,0.11553473637721295
-0.8291457286432161,1.3877551020408163,0.12091412386608968
-0.8190954773869347,1.3877551020408163,0.12633279237580314
-0.8090452261306533,1.3877551020408163,0.13179215470213468
-0.7989949748743719,1.3877551020408163,0.13729363136520079
-0.7889447236180904,1.3877551020408163,0.14283864876648145
-0.778894472361809,1.3877551020408163,0.14842863647479054
-0.7688442211055276,1.3877551020408163,0.154065023378335
-0.7587939698492463,1.3877551020408163,0.159749232400356
-0.7487437185929648,1.3877551020408163,0.16548267343384548
-0.7386934673366834,1.3877551020408163,0.17126673410677296
-0.728643216080402,1.3877551020408163,0.17710276794350122
-0.7185929648241206,1.3877551020408163,0.1829920794411259
-0.7085427135678393,1.3877551020408163,0.1889359055320542
-0.6984924623115578,1.3877551020408163,0.19493539285699202
-0.6884422110552764,1.3877551020408163,0.2009915702268389
-0.6783919597989949,1.3877551020408163,0.207105315609106
-0.6683417085427136,1.3877551020408163,0.2132773169363147
-0.6582914572864322,1.3877551020408163,0.2195080260026982
-0.6482412060301508,1.3877551020408163,0.2257976046945298
-0.6381909547738693,1.3877551020408163,0.23214586279248528
-0.6281407035175879,1.3877551020408163,0.2385521865965058
-0.6180904522613065,1.3877551020408163,0.24501545766100885
-0.6080402010050251,1.3877551020408163,0.25153396099867764
-0.5979899497487438,1.3877551020408163,0.2581052822238771
-0.5879396984924623,1.3877551020408163,0.26472619327350355
-0.5778894472361809,1.3877551020408163,0.2713925265773891
-0.5678391959798995,1.3877551020408163,0.2780990378684526
-0.5577889447236181,1.3877551020408163,0.28483925824372114
-0.5477386934673367,1.3877551020408163,0.29160533663374805
-0.5376884422110553,1.3877551020408163,0.29838787453668175
-0.5276381909547738,1.3877551020408163,0.3051757557569729
-0.5175879396984925,1.3877551020408163,0.3119559749980172
-0.507537688442211,1.3877551020408163,0.3187134705444841
-0.4974874371859297,1.3877551020408163,0.32543096800087135
-0.48743718592964824,1.3877551020408163,0.33208884421573936
-0.4773869346733668,1.3877551020408163,0.33866502322930125
-0.46733668341708545,1.3877551020408163,0.34513491947536923
-0.457286432160804,1.3877551020408163,0.35147144770379957
-0.44723618090452255,1.3877551020408163,0.3576451243091001
-0.4371859296482412,1.3877551020408163,0.3636242910111873
-0.42713567839195976,1.3877551020408163,0.36937549897050537
-0.4170854271356784,1.3877551020408163,0.3748640988233075
-0.40703517587939697,1.3877551020408163,0.3800550884285272
-0.3969849246231155,1.3877551020408163,0.38491427284517354
-0.3869346733668342,1.3877551020408163,0.3894097863533873
-0.37688442211055273,1.3877551020408163,0.3935140090810064
-0.3668341708542714,1.3877551020408163,0.3972058755240343
-0.35678391959798994,1.3877551020408163,0.4004735151420238
-0.3467336683417085,1.3877551020408163,0.40331708726398263
-0.33668341708542715,1.3877551020408163,0.40575158295787117
-0.3266331658291457,1.3877551020408163,0.4078092844280493
-0.31658291457286436,1.3877551020408163,0.40954152455884607
-0.3065326633165829,1.3877551020408163,0.41101940160331574
-0.29648241206030146,1.3877551020408163,0.4123331904594253
-0.2864321608040201,1.3877551020408163,0.4135903430551262
-0.27638190954773867,1.3877551020408163,0.4149121508921563
-0.26633165829145733,1.3877551020408163,0.41642930131634714
-0.2562814070351759,1.3877551020408163,0.4182766469182786
-0.24623115577889443,1.3877551020408163,0.4205874989251619
-0.2361809045226131,1.3877551020408163,0.4234876595557956
-0.22613065326633164,1.3877551020408163,0.427089267007035
-0.2160804020100502,1.3877551020408163,0.4314844007951595
-0.20603015075376885,1.3877551020408163,0.4367383435376352
-0.1959798994974874,1.3877551020408163,0.44288245346682276
-0.18592964824120606,1.3877551020408163,0.44990676276085395
-0.1758793969849246,1.3877551020408163,0.4577526145904376
-0.16582914572864316,1.3877551020408163,0.46630575582188927
-0.15577889447236182,1.3877551020408163,0.47539013187136314
-0.14572864321608037,1.3877551020408163,0.48476201845343736
-0.13567839195979903,1.3877551020408163,0.4941030699038296
-0.12562814070351758,1.3877551020408163,0.503009814827232
-0.11557788944723613,1.3877551020408163,0.5109774759732407
-0.10552763819095479,1.3877551020408163,0.5173808565930764
-0.09547738693467334,1.3877551020408163,0.5214704628284539
-0.085427135678392,1.3877551020408163,0.5224377748203858
-0.07537688442211055,1.3877551020408163,0.51966775080383
-0.0653266331658291,1.3877551020408163,0.5133608683286558
-0.055276381909547756,1.3877551020408163,0.5055869822756783
-0.045226130653266305,1.3877551020408163,0.5009826773037063
-0.035175879396984966,1.3877551020408163,0.5040167515204292
-0.025125628140703515,1.3877551020408163,0.5069857629645157
-0.015075376884422065,1.3877551020408163,0.460782394483658
-0.005025125628140725,1.3877551020408163,0.2137021962865409
0.005025125628140614,1.3877551020408163,-0.3182493439534413
0.015075376884422065,1.3877551020408163,-0.6654287444091953
0.025125628140703515,1.3877551020408163,-0.6993557863274873
0.035175879396984966,1.3877551020408163,-0.6421797335479178
0.045226130653266416,1.3877551020408163,-0.5914395116159925
0.055276381909547645,1.3877551020408163,-0.5605824931061208
0.0653266331658291,1.3877551020408163,-0.5432041251946795
0.07537688442211055,1.3877551020408163,-0.5329427982391255
0.085427135678392,1.3877551020408163,-0.5262979005809468
0.09547738693467345,1.3877551020408163,-0.5216287271165236
0.1055276381909549,1.3877551020408163,-0.5180993047507351
0.11557788944723613,1.3877551020408163,-0.5151281117119253
0.12562814070351758,1.3877551020408163,-0.512195830377021
0.13567839195979903,1.3877551020408163,-0.5088307662789902
0.14572864321608048,1.3877551020408163,-0.5046595362106431
0.15577889447236193,1.3877551020408163,-0.49946140665674543
0.16582914572864316,1.3877551020408163,-0.49319390325160584
0.1758793969849246,1.3877551020408163,-0.48597696580398336
0.18592964824120606,1.3877551020408163,-0.47804004248548404
0.1959798994974875,1.3877551020408163,-0.4696509327117877
0.20603015075376896,1.3877551020408163,-0.4610520163314697
0.2160804020100502,1.3877551020408163,-0.4524243923038173
0.22613065326633164,1.3877551020408163,-0.44388531961736816
0.2361809045226131,1.3877551020408163,-0.43550833308249276
0.24623115577889454,1.3877551020408163,-0.42734806896690325
0.256281407035176,1.3877551020408163,-0.419455411767596
0.2663316582914572,1.3877551020408163,-0.4118781545315169
0.27638190954773867,1.3877551020408163,-0.4046516158019464
0.2864321608040201,1.3877551020408163,-0.3977881336891985
0.29648241206030157,1.3877551020408163,-0.39127266847478165
0.306532663316583,1.3877551020408163,-0.38506639790302133
0.31658291457286425,1.3877551020408163,-0.37911556961453163
0.3266331658291457,1.3877551020408163,-0.37336143594050736
0.33668341708542715,1.3877551020408163,-0.3677482347848751
0.3467336683417086,1.3877551020408163,-0.3622280675545523
0.35678391959799005,1.3877551020408163,-0.35676291314718733
0.3668341708542713,1.3877551020408163,-0.3513246167437695
0.37688442211055273,1.3877551020408163,-0.34589373364936904
0.3869346733668342,1.3877551020408163,-0.34045790161091727
0.39698492462311563,1.3877551020408163,-0.33501016549282925
0.4070351758793971,1.3877551020408163,-0.32954747639060533
0.4170854271356783,1.3877551020408163,-0.32406945299064505
0.42713567839195976,1.3877551020408163,-0.3185774157500097
0.4371859296482412,1.3877551020408163,-0.31307366649306456
0.44723618090452266,1.3877551020408163,-0.3075609717475064
0.4572864321608041,1.3877551020408163,-0.30204220662366144
0.46733668341708534,1.3877551020408163,-0.29652012047873894
0.4773869346733668,1.3877551020408163,-0.2909971921639291
0.48743718592964824,1.3877551020408163,-0.2854755493610459
0.4974874371859297,1.3877551020408163,-0.27995693249797005
0.5075376884422111,1.3877551020408163,-0.27444268869439137
0.5175879396984926,1.3877551020408163,-0.26893378512571503
0.5276381909547738,1.3877551020408163,-0.2634308342219912
0.5376884422110553,1.3877551020408163,-0.25793412539730864
0.5477386934673367,1.3877551020408163,-0.25244365968824767
0.5577889447236182,1.3877551020408163,-0.24695918490335136
0.5678391959798996,1.3877551020408163,-0.24148022976094577
0.5778894472361809,1.3877551020408163,-0.2360061361086589
0.5879396984924623,1.3877551020408163,-0.23053608874317044
0.5979899497487438,1.3877551020408163,-0.22506914263512703
0.6080402010050252,1.3877551020408163,-0.2196042475509054
0.6180904522613067,1.3877551020408163,-0.2141402701788411
0.6281407035175879,1.3877551020408163,-0.20867601393410615
0.6381909547738693,1.3877551020408163,-0.2032102366490227
0.6482412060301508,1.3877551020408163,-0.19774166636552873
0.6582914572864322,1.3877551020408163,-0.19226901544181446
0.6683417085427137,1.3877551020408163,-0.18679099317144715
0.6783919597989949,1.3877551020408163,-0.1813063170946501
0.6884422110552764,1.3877551020408163,-0.17581372316048158
0.6984924623115578,1.3877551020408163,-0.17031197487733515
0.7085427135678393,1.3877551020408163,-0.16479987156857132
0.7185929648241207,1.3877551020408163,-0.15927625583103527
0.728643216080402,1.3877551020408163,-0.15374002027700814
0.7386934673366834,1.3877551020408163,-0.1481901136249984
0.7487437185929648,1.3877551020408163,-0.1426255461917969
0.7587939698492463,1.3877551020408163,-0.13704539482722627
0.7688442211055277,1.3877551020408163,-0.13144880732398048
0.778894472361809,1.3877551020408163,-0.125835006327627
0.7889447236180904,1.3877551020408163,-0.12020329276614977
0.7989949748743719,1.3877551020408163,-0.11455304881403086
0.8090452261306533,1.3877551020408163,-0.10888374040277571
0.8190954773869348,1.3877551020408163,-0.10319491928763919
0.829145728643216,1.3877551020408163,-0.09748622467911067
0.8391959798994975,1.3877551020408163,-0.09175738444717693
0.8492462311557789,1.3877551020408163,-0.08600821590645916
0.8592964824120604,1.3877551020408163,-0.08023862619084013
0.8693467336683418,1.3877551020408163,-0.07444861222710689
0.879396984924623,1.3877551020408163,-0.06863826031826573
0.8894472361809045,1.3877551020408163,-0.06280774534851055
0.8994974874371859,1.3877551020408163,-0.05695732962329447
0.9095477386934674,1.3877551020408163,-0.05108736135939723
0.9195979899497488,1.3877551020408163,-0.0451982728414049
0.9296482412060301,1.3877551020408163,-0.039290578262399095
0.9396984924623115,1.3877551020408163,-0.033364871268059065
0.949748743718593,1.3877551020408163,-0.027421822224562936
0.9597989949748744,1.3877551020408163,-0.021462175231784786
0.9698492462311559,1.3877551020408163,-0.015486744904238015
0.9798994974874373,1.3877551020408163,-0.009496412942963911
0.9899497487437185,1.3877551020408163,-0.003492124522156137
1.0,1.3877551020408163,0.0025251154852761193
-1.0,1.3979591836734693,0.03460991376453576
-0.9899497487437185,1.3979591836734693,0.03950168177086957
-0.9798994974874372,1.3979591836734693,0.04441205379097876
-0.9698492462311558,1.3979591836734693,0.04934225068315365
-0.9597989949748744,1.3979591836734693,0.05429351595276613
-0.949748743718593,1.3979591836734693,0.05926711419444802
-0.9396984924623115,1.3979591836734693,0.06426432966499529
-0.9296482412060302,1.3979591836734693,0.06928646500673177
-0.9195979899497487,1.3979591836734693,0.07433484013762848
-0.9095477386934674,1.3979591836734693,0.07941079131968784
-0.8994974874371859,1.3979591836734693,0.0845156704109293
-0.8894472361809045,1.3979591836734693,0.08965084429844852
-0.8793969849246231,1.3979591836734693,0.09481769450033742
-0.8693467336683417,1.3979591836734693,0.10001761691258385
-0.8592964824120604,1.3979591836734693,0.10525202166318459
-0.8492462311557789,1.3979591836734693,0.11052233301953826
-0.8391959798994975,1.3979591836734693,0.1158299892764394
-0.8291457286432161,1.3979591836734693,0.12117644253075788
-0.8190954773869347,1.3979591836734693,0.12656315822483621
-0.8090452261306533,1.3979591836734693,0.13199161431387607
-0.7989949748743719,1.3979591836734693,0.13746329988302253
-0.7889447236180904,1.3979591836734693,0.14297971300744416
-0.778894472361809,1.3979591836734693,0.14854235761364531
-0.7688442211055276,1.3979591836734693,0.1541527390624844
-0.7587939698492463,1.3979591836734693,0.1598123581341696
-0.7487437185929648,1.3979591836734693,0.16552270305307243
-0.7386934673366834,1.3979591836734693,0.17128523914578764
-0.728643216080402,1.3979591836734693,0.17710139567995564
-0.7185929648241206,1.3979591836734693,0.18297254938434604
-0.7085427135678393,1.3979591836734693,0.18890000410338748
-0.6984924623115578,1.3979591836734693,0.19488496599240002
-0.6884422110552764,1.3979591836734693,0.20092851361456487
-0.6783919597989949,1.3979591836734693,0.20703156225845332
-0.6683417085427136,1.3979591836734693,0.21319482175782256
-0.6582914572864322,1.3979591836734693,0.21941874706580888
-0.6482412060301508,1.3979591836734693,0.22570348081700697
-0.6381909547738693,1.3979591836734693,0.23204878710735066
-0.6281407035175879,1.3979591836734693,0.23845397573879812
-0.6180904522613065,1.3979591836734693,0.24491781622015152
-0.6080402010050251,1.3979591836734693,0.2514384408955694
-0.5979899497487438,1.3979591836734693,0.2580132366986043
-0.5879396984924623,1.3979591836734693,0.2646387252144786
-0.5778894472361809,1.3979591836734693,0.27131043099168217
-0.5678391959798995,1.3979591836734693,0.27802273839346353
-0.5577889447236181,1.3979591836734693,0.2847687377413145
-0.5477386934673367,1.3979591836734693,0.29154006210079036
-0.5376884422110553,1.3979591836734693,0.2983267168245074
-0.5276381909547738,1.3979591836734693,0.30511690493389576
-0.5175879396984925,1.3979591836734693,0.3118968526347702
-0.507537688442211,1.3979591836734693,0.3186506407785763
-0.4974874371859297,1.3979591836734693,0.32536004997386836
-0.48743718592964824,1.3979591836734693,0.3320044294141896
-0.4773869346733668,1.3979591836734693,0.33856060243539615
-0.46733668341708545,1.3979591836734693,0.3450028254843721
-0.457286432160804,1.3979591836734693,0.35130282171282035
-0.44723618090452255,1.3979591836734693,0.35742991590712003
-0.4371859296482412,1.3979591836734693,0.3633513039051315
-0.42713567839195976,1.3979591836734693,0.3690324967308716
-0.4170854271356784,1.3979591836734693,0.3744379865781817
-0.40703517587939697,1.3979591836734693,0.3795321868445287
-0.3969849246231155,1.3979591836734693,0.38428069885530003
-0.3869346733668342,1.3979591836734693,0.38865194962213656
-0.37688442211055273,1.3979591836734693,0.39261922284526607
-0.3668341708542714,1.3979591836734693,0.3961630644563685
-0.35678391959798994,1.3979591836734693,0.3992739817812415
-0.3467336683417085,1.3979591836734693,0.4019552749314028
-0.33668341708542715,1.3979591836734693,0.4042257518979626
-0.3266331658291457,1.3979591836734693,0.4061220058821249
-0.31658291457286436,1.3979591836734693,0.40769990110362986
-0.3065326633165829,1.3979591836734693,0.4090349448560392
-0.29648241206030146,1.3979591836734693,0.4102213271953745
-0.2864321608040201,1.3979591836734693,0.41136956991409157
-0.27638190954773867,1.3979591836734693,0.4126029043765882
-0.26633165829145733,1.3979591836734693,0.41405264243363316
-0.2562814070351759,1.3979591836734693,0.4158528722777628
-0.24623115577889443,1.3979591836734693,0.4181347834152346
-0.2361809045226131,1.3979591836734693,0.4210208176360942
-0.22613065326633164,1.3979591836734693,0.4246187013457865
-0.2160804020100502,1.3979591836734693,0.4290152987936777
-0.20603015075376885,1.3979591836734693,0.43427018980848786
-0.1959798994974874,1.3979591836734693,0.44040894785886997
-0.18592964824120606,1.3979591836734693,0.44741625903254323
-0.1758793969849246,1.3979591836734693,0.455229206705811
-0.16582914572864316,1.3979591836734693,0.46373111486275664
-0.15577889447236182,1.3979591836734693,0.47274611610330997
-0.14572864321608037,1.3979591836734693,0.4820339327120433
-0.13567839195979903,1.3979591836734693,0.491283249928964
-0.12562814070351758,1.3979591836734693,0.5001009916049034
-0.11557788944723613,1.3979591836734693,0.5079951657905435
-0.10552763819095479,1.3979591836734693,0.5143537771884732
-0.09547738693467334,1.3979591836734693,0.5184374293735459
-0.085427135678392,1.3979591836734693,0.5194380606696127
-0.07537688442211055,1.3979591836734693,0.5167188402367264
-0.0653266331658291,1.3979591836734693,0.5104146563320787
-0.055276381909547756,1.3979591836734693,0.5024654897838776
-0.045226130653266305,1.3979591836734693,0.4973525735177453
-0.035175879396984966,1.3979591836734693,0.49958968909863855
-0.025125628140703515,1.3979591836734693,0.5021592643441349
-0.015075376884422065,1.3979591836734693,0.4578413013811813
-0.005025125628140725,1.3979591836734693,0.2189789984335928
0.005025125628140614,1.3979591836734693,-0.3075733030919334
0.015075376884422065,1.3979591836734693,-0.6651651194946213
0.025125628140703515,1.3979591836734693,-0.704519303132619
0.035175879396984966,1.3979591836734693,-0.646161599619589
0.045226130653266416,1.3979591836734693,-0.5926767782013965
0.055276381909547645,1.3979591836734693,-0.5595955525476126
0.0653266331658291,1.3979591836734693,-0.5407745624583851
0.07537688442211055,1.3979591836734693,-0.5296219283073392
0.085427135678392,1.3979591836734693,-0.5224249242110863
0.09547738693467345,1.3979591836734693,-0.5174339824023533
0.1055276381909549,1.3979591836734693,-0.5137728207141545
0.11557788944723613,1.3979591836734693,-0.5108454142857368
0.12562814070351758,1.3979591836734693,-0.5081161594326904
0.13567839195979903,1.3979591836734693,-0.5050820612881067
0.14572864321608048,1.3979591836734693,-0.5013209471456533
0.15577889447236193,1.3979591836734693,-0.4965514318656975
0.16582914572864316,1.3979591836734693,-0.49066969397316096
0.1758793969849246,1.3979591836734693,-0.48374675939493367
0.18592964824120606,1.3979591836734693,-0.4759860935332668
0.1959798994974875,1.3979591836734693,-0.4676561078251954
0.20603015075376896,1.3979591836734693,-0.4590215810306135
0.2160804020100502,1.3979591836734693,-0.4502968163086572
0.22613065326633164,1.3979591836734693,-0.4416311611099078
0.2361809045226131,1.3979591836734693,-0.4331213091480114
0.24623115577889454,1.3979591836734693,-0.4248344479680657
0.256281407035176,1.3979591836734693,-0.416826459440109
0.2663316582914572,1.3979591836734693,-0.4091471740860291
0.27638190954773867,1.3979591836734693,-0.4018342309908265
0.2864321608040201,1.3979591836734693,-0.39490330246036953
0.29648241206030157,1.3979591836734693,-0.3883426216178408
0.306532663316583,1.3979591836734693,-0.3821151811960882
0.31658291457286425,1.3979591836734693,-0.3761668951416316
0.3266331658291457,1.3979591836734693,-0.3704367128580476
0.33668341708542715,1.3979591836734693,-0.36486528901416987
0.3467336683417086,1.3979591836734693,-0.3594006371144519
0.35678391959799005,1.3979591836734693,-0.3540007522826084
0.3668341708542713,1.3979591836734693,-0.34863396853924045
0.37688442211055273,1.3979591836734693,-0.34327796251188225
0.3869346733668342,1.3979591836734693,-0.3379181437448687
0.39698492462311563,1.3979591836734693,-0.33254591831049457
0.4070351758793971,1.3979591836734693,-0.3271570931533294
0.4170854271356783,1.3979591836734693,-0.32175053662730047
0.42713567839195976,1.3979591836734693,-0.3163271201754132
0.4371859296482412,1.3979591836734693,-0.31088891965131094
0.44723618090452266,1.3979591836734693,-0.305438635731323
0.4572864321608041,1.3979591836734693,-0.29997918899559817
0.46733668341708534,1.3979591836734693,-0.2945134487685419
0.4773869346733668,1.3979591836734693,-0.2890440611981845
0.48743718592964824,1.3979591836734693,-0.28357334895398434
0.4974874371859297,1.3979591836734693,-0.2781032612313269
0.5075376884422111,1.3979591836734693,-0.27263535806046246
0.5175879396984926,1.3979591836734693,-0.267170817170591
0.5276381909547738,1.3979591836734693,-0.2617104549559658
0.5376884422110553,1.3979591836734693,-0.25625475558513694
0.5477386934673367,1.3979591836734693,-0.2508039041465435
0.5577889447236182,1.3979591836734693,-0.24535782107691118
0.5678391959798996,1.3979591836734693,-0.23991619609249626
0.5778894472361809,1.3979591836734693,-0.23447852053281915
0.5879396984924623,1.3979591836734693,-0.22904411750613868
0.5979899497487438,1.3979591836734693,-0.22361216955236518
0.6080402010050252,1.3979591836734693,-0.21818174375492033
0.6180904522613067,1.3979591836734693,-0.21275181436997798
0.6281407035175879,1.3979591836734693,-0.20732128312296313
0.6381909547738693,1.3979591836734693,-0.20188899736527752
0.6482412060301508,1.3979591836734693,-0.19645376630132966
0.6582914572864322,1.3979591836734693,-0.19101437549605574
0.6683417085427137,1.3979591836734693,-0.18556959986250907
0.6783919597989949,1.3979591836734693,-0.18011821531233016
0.6884422110552764,1.3979591836734693,-0.17465900923196045
0.6984924623115578,1.3979591836734693,-0.16919078992654277
0.7085427135678393,1.3979591836734693,-0.16371239515287558
0.7185929648241207,1.3979591836734693,-0.15822269984338105
0.728643216080402,1.3979591836734693,-0.15272062310547943
0.7386934673366834,1.3979591836734693,-0.14720513456506049
0.7487437185929648,1.3979591836734693,-0.1416752601092142
0.7587939698492463,1.3979591836734693,-0.136130087071806
0.7688442211055277,1.3979591836734693,-0.13056876889594254
0.778894472361809,1.3979591836734693,-0.12499052929951418
0.7889447236180904,1.3979591836734693,-0.11939466596387133
0.7989949748743719,1.3979591836734693,-0.11378055376089174
0.8090452261306533,1.3979591836734693,-0.10814764753027539
0.8190954773869348,1.3979591836734693,-0.10249548441643125
0.829145728643216,1.3979591836734693,-0.09682368577290557
0.8391959798994975,1.3979591836734693,-0.09113195864152651
0.8492462311557789,1.3979591836734693,-0.08542009681341253
0.8592964824120604,1.3979591836734693,-0.07968798147935571
0.8693467336683418,1.3979591836734693,-0.07393558147794957
0.879396984924623,1.3979591836734693,-0.06816295315090992
0.8894472361809045,1.3979591836734693,-0.06237023981636419
0.8994974874371859,1.3979591836734693,-0.056557670872328436
0.9095477386934674,1.3979591836734693,-0.050725560544120585
0.9195979899497488,1.3979591836734693,-0.0448743062909627
0.9296482412060301,1.3979591836734693,-0.039004386888566084
0.9396984924623115,1.3979591836734693,-0.03311636020586192
0.949748743718593,1.3979591836734693,-0.027210860695430994
0.9597989949748744,1.3979591836734693,-0.02128859661828525
0.9698492462311559,1.3979591836734693,-0.015350347024805588
0.9798994974874373,1.3979591836734693,-0.009396958514393733
0.9899497487437185,1.3979591836734693,-0.0034293417971962836
1.0,1.3979591836734693,0.002551531918305344
-1.0,1.4081632653061225,0.03552899945266491
-0.9899497487437185,1.4081632653061225,0.040378865932771596
-0.9798994974874372,1.4081632653061225,0.04524772026043647
-0.9698492462311558,1.4081632653061225,0.05013680754161459
-0.9597989949748744,1.4081632653061225,0.055047396570245266
-0.949748743718593,1.4081632653061225,0.059980778506136034
-0.9396984924623115,1.4081632653061225,0.06493826569566091
-0.9296482412060302,1.4081632653061225,0.06992119065249275
-0.9195979899497487,1.4081632653061225,0.07493090521140616
-0.9095477386934674,1.4081632653061225,0.07996877986274042
-0.8994974874371859,1.4081632653061225,0.08503620326806524
-0.8894472361809045,1.4081632653061225,0.09013458194886534
-0.8793969849246231,1.4081632653061225,0.09526534012943638
-0.8693467336683417,1.4081632653061225,0.10042991970249035
-0.8592964824120604,1.4081632653061225,0.1056297802710755
-0.8492462311557789,1.4081632653061225,0.1108663992031303
-0.8391959798994975,1.4081632653061225,0.11614127161522958
-0.8291457286432161,1.4081632653061225,0.1214559101797047
-0.8190954773869347,1.4081632653061225,0.12681184462427164
-0.8090452261306533,1.4081632653061225,0.13221062076553342
-0.7989949748743719,1.4081632653061225,0.1376537988872243
-0.7889447236180904,1.4081632653061225,0.14314295124086496
-0.778894472361809,1.4081632653061225,0.14867965841067293
-0.7688442211055276,1.4081632653061225,0.15426550424623892
-0.7587939698492463,1.4081632653061225,0.15990206902582849
-0.7487437185929648,1.4081632653061225,0.16559092047036683
-0.7386934673366834,1.4081632653061225,0.17133360218362625
-0.728643216080402,1.4081632653061225,0.1771316190481118
-0.7185929648241206,1.4081632653061225,0.1829864190592786
-0.7085427135678393,1.4081632653061225,0.18889937103355015
-0.6984924623115578,1.4081632653061225,0.19487173757915954
-0.6884422110552764,1.4081632653061225,0.20090464267414532
-0.6783919597989949,1.4081632653061225,0.2069990331545325
-0.6683417085427136,1.4081632653061225,0.21315563337990712
-0.6582914572864322,1.4081632653061225,0.21937489231591278
-0.6482412060301508,1.4081632653061225,0.22565692225730005
-0.6381909547738693,1.4081632653061225,0.23200142841564853
-0.6281407035175879,1.4081632653061225,0.2384076286186519
-0.6180904522613065,1.4081632653061225,0.24487416242034205
-0.6080402010050251,1.4081632653061225,0.2513989890130005
-0.5979899497487438,1.4081632653061225,0.2579792734730428
-0.5879396984924623,1.4081632653061225,0.26461126107837396
-0.5778894472361809,1.4081632653061225,0.2712901397198507
-0.5678391959798995,1.4081632653061225,0.27800989081369776
-0.5577889447236181,1.4081632653061225,0.28476312962774175
-0.5477386934673367,1.4081632653061225,0.2915409365890706
-0.5376884422110553,1.4081632653061225,0.2983326819764099
-0.5276381909547738,1.4081632653061225,0.30512584745651106
-0.5175879396984925,1.4081632653061225,0.31190584924860565
-0.507537688442211,1.4081632653061225,0.31865586935592016
-0.4974874371859297,1.4081632653061225,0.32535670336574063
-0.48743718592964824,1.4081632653061225,0.33198663588677735
-0.4773869346733668,1.4081632653061225,0.33852135788159265
-0.46733668341708545,1.4081632653061225,0.34493394409235534
-0.457286432160804,1.4081632653061225,0.35119491356818233
-0.44723618090452255,1.4081632653061225,0.35727240203463473
-0.4371859296482412,1.4081632653061225,0.3631324813846192
-0.42713567839195976,1.4081632653061225,0.36873966845993833
-0.4170854271356784,1.4081632653061225,0.3740576714904862
-0.40703517587939697,1.4081632653061225,0.3790504261289189
-0.3969849246231155,1.4081632653061225,0.3836834708703497
-0.3869346733668342,1.4081632653061225,0.387925699497472
-0.37688442211055273,1.4081632653061225,0.39175150108163725
-0.3668341708542714,1.4081632653061225,0.39514325176107246
-0.35678391959798994,1.4081632653061225,0.39809405592766156
-0.3467336683417085,1.4081632653061225,0.4006105527258461
-0.33668341708542715,1.4081632653061225,0.4027155206747234
-0.3266331658291457,1.4081632653061225,0.40444995087863045
-0.31658291457286436,1.4081632653061225,0.40587424328982946
-0.3065326633165829,1.4081632653061225,0.407068230470809
-0.29648241206030146,1.4081632653061225,0.40812985203001695
-0.2864321608040201,1.4081632653061225,0.409172469508979
-0.27638190954773867,1.4081632653061225,0.4103209842217398
-0.26633165829145733,1.4081632653061225,0.41170704994603335
-0.2562814070351759,1.4081632653061225,0.41346372012748955
-0.24623115577889443,1.4081632653061225,0.4157198241420321
-0.2361809045226131,1.4081632653061225,0.41859425079667456
-0.22613065326633164,1.4081632653061225,0.42219017756844246
-0.2160804020100502,1.4081632653061225,0.42658917946848407
-0.20603015075376885,1.4081632653061225,0.43184513106398925
-0.1959798994974874,1.4081632653061225,0.4379779000935534
-0.18592964824120606,1.4081632653061225,0.44496699773415116
-0.1758793969849246,1.4081632653061225,0.45274551870309965
-0.16582914572864316,1.4081632653061225,0.4611947347727474
-0.15577889447236182,1.4081632653061225,0.47013942141666965
-0.14572864321608037,1.4081632653061225,0.47934325580202
-0.13567839195979903,1.4081632653061225,0.4885024661834132
-0.12562814070351758,1.4081632653061225,0.49723483148699055
-0.11557788944723613,1.4081632653061225,0.5050615060802305
-0.10552763819095479,1.4081632653061225,0.5113839419196065
-0.09547738693467334,1.4081632653061225,0.5154730025321961
-0.085427135678392,1.4081632653061225,0.5165212529401118
-0.07537688442211055,1.4081632653061225,0.5138703670583997
-0.0653266331658291,1.4081632653061225,0.5075899877347294
-0.055276381909547756,1.4081632653061225,0.499489370156603
-0.045226130653266305,1.4081632653061225,0.49388777424385777
-0.035175879396984966,1.4081632653061225,0.49532580420862504
-0.025125628140703515,1.4081632653061225,0.4974607980670739
-0.015075376884422065,1.4081632653061225,0.45501433929718527
-0.005025125628140725,1.4081632653061225,0.22452472055594153
0.005025125628140614,1.4081632653061225,-0.29601834591467835
0.015075376884422065,1.4081632653061225,-0.664336990174873
0.025125628140703515,1.4081632653061225,-0.7097944266518538
0.035175879396984966,1.4081632653061225,-0.6504935912462466
0.045226130653266416,1.4081632653061225,-0.5942430701490058
0.055276381909547645,1.4081632653061225,-0.5588503530493634
0.0653266331658291,1.4081632653061225,-0.5385101251119364
0.07537688442211055,1.4081632653061225,-0.5264100303139797
0.085427135678392,1.4081632653061225,-0.5186159891964222
0.09547738693467345,1.4081632653061225,-0.5132614119411681
0.1055276381909549,1.4081632653061225,-0.5094268839494163
0.11557788944723613,1.4081632653061225,-0.5065036119543023
0.12562814070351758,1.4081632653061225,-0.503944291361156
0.13567839195979903,1.4081632653061225,-0.5012202702190817
0.14572864321608048,1.4081632653061225,-0.49786543257169624
0.15577889447236193,1.4081632653061225,-0.49353999978010676
0.16582914572864316,1.4081632653061225,-0.48807717958369096
0.1758793969849246,1.4081632653061225,-0.4814933703109199
0.18592964824120606,1.4081632653061225,-0.47395750740703113
0.1959798994974875,1.4081632653061225,-0.4657297247439489
0.20603015075376896,1.4081632653061225,-0.4570907216450868
0.2160804020100502,1.4081632653061225,-0.4482856550425587
0.22613065326633164,1.4081632653061225,-0.43949762164273565
0.2361809045226131,1.4081632653061225,-0.4308504784712171
0.24623115577889454,1.4081632653061225,-0.42242819293920897
0.256281407035176,1.4081632653061225,-0.4142946204784079
0.2663316582914572,1.4081632653061225,-0.406502994125647
0.27638190954773867,1.4081632653061225,-0.39909354941307995
0.2864321608040201,1.4081632653061225,-0.3920852483155969
0.29648241206030157,1.4081632653061225,-0.38546971295927335
0.306532663316583,1.4081632653061225,-0.379212094331829
0.31658291457286425,1.4081632653061225,-0.37325838036025794
0.3266331658291457,1.4081632653061225,-0.3675455196746532
0.33668341708542715,1.4081632653061225,-0.3620107049126251
0.3467336683417086,1.4081632653061225,-0.3565978143391079
0.35678391959799005,1.4081632653061225,-0.3512606981498536
0.3668341708542713,1.4081632653061225,-0.34596396327376944
0.37688442211055273,1.4081632653061225,-0.34068218196844846
0.3869346733668342,1.4081632653061225,-0.3353983274637241
0.39698492462311563,1.4081632653061225,-0.33010198941683805
0.4070351758793971,1.4081632653061225,-0.3247876868685442
0.4170854271356783,1.4081632653061225,-0.31945342602319493
0.42713567839195976,1.4081632653061225,-0.31409954508362886
0.4371859296482412,1.4081632653061225,-0.3087278322788232
0.44723618090452266,1.4081632653061225,-0.30334087856852227
0.4572864321608041,1.4081632653061225,-0.29794161977469796
0.46733668341708534,1.4081632653061225,-0.29253302518888835
0.4773869346733668,1.4081632653061225,-0.28711789578385827
0.48743718592964824,1.4081632653061225,-0.28169874218889307
0.4974874371859297,1.4081632653061225,-0.2762777192067707
0.5075376884422111,1.4081632653061225,-0.2708565993123609
0.5175879396984926,1.4081632653061225,-0.2654367721561234
0.5276381909547738,1.4081632653061225,-0.2600192606750725
0.5376884422110553,1.4081632653061225,-0.25460474713876124
0.5477386934673367,1.4081632653061225,-0.24919360449199107
0.5577889447236182,1.4081632653061225,-0.2437859298496963
0.5678391959798996,1.4081632653061225,-0.23838157807993327
0.5778894472361809,1.4081632653061225,-0.2329801941806584
0.5879396984924623,1.4081632653061225,-0.22758124369525973
0.5979899497487438,1.4081632653061225,-0.22218404078216605
0.6080402010050252,1.4081632653061225,-0.21678777380176403
0.6180904522613067,1.4081632653061225,-0.21139152844394313
0.6281407035175879,1.4081632653061225,-0.20599430851769449
0.6381909547738693,1.4081632653061225,-0.2005950545789165
0.6482412060301508,1.4081632653061225,-0.1951926605978743
0.6582914572864322,1.4081632653061225,-0.18978598887331774
0.6683417085427137,1.4081632653061225,-0.18437388339328595
0.6783919597989949,1.4081632653061225,-0.17895518182805553
0.6884422110552764,1.4081632653061225,-0.17352872632202324
0.6984924623115578,1.4081632653061225,-0.16809337323096962
0.7085427135678393,1.4081632653061225,-0.16264800193066611
0.7185929648241207,1.4081632653061225,-0.15719152280323082
0.728643216080402,1.4081632653061225,-0.15172288448964014
0.7386934673366834,1.4081632653061225,-0.1462410804806372
0.7487437185929648,1.4081632653061225,-0.14074515510417163
0.7587939698492463,1.4081632653061225,-0.13523420895539004
0.7688442211055277,1.4081632653061225,-0.1297074038050656
0.778894472361809,1.4081632653061225,-0.12416396701401089
0.7889447236180904,1.4081632653061225,-0.11860319547438819
0.7989949748743719,1.4081632653061225,-0.11302445909361802
0.8090452261306533,1.4081632653061225,-0.10742720383277388
0.8190954773869348,1.4081632653061225,-0.10181095430859108
0.829145728643216,1.4081632653061225,-0.09617531596647003
0.8391959798994975,1.4081632653061225,-0.09051997683095511
0.8492462311557789,1.4081632653061225,-0.08484470883986076
0.8592964824120604,1.4081632653061225,-0.07914936876854112
0.8693467336683418,1.4081632653061225,-0.07343389875149789
0.879396984924623,1.4081632653061225,-0.06769832640958359
0.8894472361809045,1.4081632653061225,-0.061942764592342325
0.8994974874371859,1.4081632653061225,-0.05616741074646328
0.9095477386934674,1.4081632653061225,-0.05037254592288645
0.9195979899497488,1.4081632653061225,-0.0445585334366517
0.9296482412060301,1.4081632653061225,-0.0387258171951565
0.9396984924623115,1.4081632653061225,-0.03287491971196871
0.949748743718593,1.4081632653061225,-0.027006439824768164
0.9597989949748744,1.4081632653061225,-0.02112105013724047
0.9698492462311559,1.4081632653061225,-0.015219494205925305
0.9798994974874373,1.4081632653061225,-0.009302583493967675
0.9899497487437185,1.4081632653061225,-0.003371194114531212
1.0,1.4081632653061225,0.0025737366127418226
-1.0,1.4183673469387754,0.03645083203652416
-0.9899497487437185,1.4183673469387754,0.04125937619769707
-0.9798994974874372,1.4183673469387754,0.0460873148670439
-0.9698492462311558,1.4183673469387754,0.050935918173531186
-0.9597989949748744,1.4183673469387754,0.05580648111848585
-0.949748743718593,1.4183673469387754,0.060700322498003306
-0.9396984924623115,1.4183673469387754,0.06561878397935178
-0.9296482412060302,1.4183673469387754,0.07056322934565509
-0.9195979899497487,1.4183673469387754,0.07553504391832513
-0.9095477386934674,1.4183673469387754,0.08053563416041862
-0.8994974874371859,1.4183673469387754,0.0855664274561983
-0.8894472361809045,1.4183673469387754,0.09062887205252335
-0.8793969849246231,1.4183673469387754,0.09572443713606682
-0.8693467336683417,1.4183673469387754,0.10085461300665835
-0.8592964824120604,1.4183673469387754,0.10602091129103383
-0.8492462311557789,1.4183673469387754,0.11122486512295546
-0.8391959798994975,1.4183673469387754,0.116468029194785
-0.8291457286432161,1.4183673469387754,0.12175197956217154
-0.8190954773869347,1.4183673469387754,0.1270783130574375
-0.8090452261306533,1.4183673469387754,0.1324486461385646
-0.7989949748743719,1.4183673469387754,0.13786461296928987
-0.7889447236180904,1.4183673469387754,0.14332786249190566
-0.778894472361809,1.4183673469387754,0.1488400542179079
-0.7688442211055276,1.4183673469387754,0.15440285242281943
-0.7587939698492463,1.4183673469387754,0.1600179183905201
-0.7487437185929648,1.4183673469387754,0.16568690030945254
-0.7386934673366834,1.4183673469387754,0.1714114203784401
-0.728643216080402,1.4183673469387754,0.1771930586339709
-0.7185929648241206,1.4183673469387754,0.18303333296412172
-0.7085427135678393,1.4183673469387754,0.18893367472755684
-0.6984924623115578,1.4183673469387754,0.19489539935008682
-0.6884422110552764,1.4183673469387754,0.20091967122739463
-0.6783919597989949,1.4183673469387754,0.20700746222229743
-0.6683417085427136,1.4183673469387754,0.2131595030106761
-0.6582914572864322,1.4183673469387754,0.21937622650475347
-0.6482412060301508,1.4183673469387754,0.22565770256978296
-0.6381909547738693,1.4183673469387754,0.23200356325536658
-0.6281407035175879,1.4183673469387754,0.23841291779204343
-0.6180904522613065,1.4183673469387754,0.2448842566655247
-0.6080402010050251,1.4183673469387754,0.25141534418506317
-0.5979899497487438,1.4183673469387754,0.2580030991210811
-0.5879396984924623,1.4183673469387754,0.2646434632151379
-0.5778894472361809,1.4183673469387754,0.2713312576800325
-0.5678391959798995,1.4183673469387754,0.2780600282301943
-0.5577889447236181,1.4183673469387754,0.28482187973702167
-0.5477386934673367,1.4183673469387754,0.29160730231971627
-0.5376884422110553,1.4183673469387754,0.2984049915944649
-0.5276381909547738,1.4183673469387754,0.30520166695607864
-0.5175879396984925,1.4183673469387754,0.3119818932091014
-0.507537688442211,1.4183673469387754,0.31872791266555056
-0.4974874371859297,1.4183673469387754,0.3254194970655806
-0.48743718592964824,1.4183673469387754,0.33203383145530607
-0.4773869346733668,1.4183673469387754,0.3385454455877448
-0.46733668341708545,1.4183673469387754,0.3449262126162885
-0.457286432160804,1.4183673469387754,0.35114543991331837
-0.44723618090452255,1.4183673469387754,0.3571700827618489
-0.4371859296482412,1.4183673469387754,0.36296511821352295
-0.42713567839195976,1.4183673469387754,0.36849412296047857
-0.4170854271356784,1.4183673469387754,0.3737201043566125
-0.40703517587939697,1.4183673469387754,0.3786066355342288
-0.3969849246231155,1.4183673469387754,0.3831193405500126
-0.3869346733668342,1.4183673469387754,0.3872277592856246
-0.37688442211055273,1.4183673469387754,0.3909075897382085
-0.3668341708542714,1.4183673469387754,0.3941432539907862
-0.35678391959798994,1.4183673469387754,0.3969306640353204
-0.3467336683417085,1.4183673469387754,0.39927998194453584
-0.33668341708542715,1.4183673469387754,0.4012180913514387
-0.3266331658291457,1.4183673469387754,0.4027904466491974
-0.31658291457286436,1.4183673469387754,0.4040619669111051
-0.3065326633165829,1.4183673469387754,0.4051167089628358
-0.29648241206030146,1.4183673469387754,0.4060561856673769
-0.2864321608040201,1.4183673469387754,0.4069963657011699
-0.27638190954773867,1.4183673469387754,0.4080635563709232
-0.26633165829145733,1.4183673469387754,0.4093894842268886
-0.2562814070351759,1.4183673469387754,0.41110591672755825
-0.24623115577889443,1.4183673469387754,0.4133391074792192
-0.2361809045226131,1.4183673469387754,0.41620422436499593
-0.22613065326633164,1.4183673469387754,0.4197997838544194
-0.2160804020100502,1.4183673469387754,0.4242020222298788
-0.20603015075376885,1.4183673469387754,0.42945912934095887
-0.1959798994974874,1.4183673469387754,0.43558536668471726
-0.18592964824120606,1.4183673469387754,0.4425552579520009
-0.1758793969849246,1.4183673469387754,0.4502981899566747
-0.16582914572864316,1.4183673469387754,0.4586937527730496
-0.15577889447236182,1.4183673469387754,0.4675678070089463
-0.14572864321608037,1.4183673469387754,0.4766884633022467
-0.13567839195979903,1.4183673469387754,0.48575995761482826
-0.12562814070351758,1.4183673469387754,0.4944113200822363
-0.11557788944723613,1.4183673469387754,0.5021771374736896
-0.10552763819095479,1.4183673469387754,0.5084724775882838
-0.09547738693467334,1.4183673469387754,0.5125785603400207
-0.085427135678392,1.4183673469387754,0.5136887121992899
-0.07537688442211055,1.4183673469387754,0.5111234441703325
-0.0653266331658291,1.4183673469387754,0.5048876924910054
-0.055276381909547756,1.4183673469387754,0.4966596453896672
-0.045226130653266305,1.4183673469387754,0.49059089649006415
-0.035175879396984966,1.4183673469387754,0.491231054599239
-0.025125628140703515,1.4183673469387754,0.49289690683072007
-0.015075376884422065,1.4183673469387754,0.45229249256527626
-0.005025125628140725,1.4183673469387754,0.23028948487594153
0.005025125628140614,1.4183673469387754,-0.28359778527870433
0.015075376884422065,1.4183673469387754,-0.6628806561086061
0.025125628140703515,1.4183673469387754,-0.7151467272930453
0.035175879396984966,1.4183673469387754,-0.6551724215317725
0.045226130653266416,1.4183673469387754,-0.596147128101411
0.055276381909547645,1.4183673469387754,-0.5583567622410908
0.0653266331658291,1.4183673469387754,-0.5364192547417163
0.07537688442211055,1.4183673469387754,-0.5233149401786995
0.085427135678392,1.4183673469387754,-0.514879379429332
0.09547738693467345,1.4183673469387754,-0.5091200232685138
0.1055276381909549,1.4183673469387754,-0.5050706375207976
0.11557788944723613,1.4183673469387754,-0.5021107142568685
0.12562814070351758,1.4183673469387754,-0.4996854396520862
0.13567839195979903,1.4183673469387754,-0.4972461509618781
0.14572864321608048,1.4183673469387754,-0.4942881329997755
0.15577889447236193,1.4183673469387754,-0.49041646396029626
0.16582914572864316,1.4183673469387754,-0.48540105769579744
0.1758793969849246,1.4183673469387754,-0.47919919297578295
0.18592964824120606,1.4183673469387754,-0.47193739423988423
0.1959798994974875,1.4183673469387754,-0.4638584015604357
0.20603015075376896,1.4183673469387754,-0.4552512696542751
0.2160804020100502,1.4183673469387754,-0.44638816004859455
0.22613065326633164,1.4183673469387754,-0.4374863004297149
0.2361809045226131,1.4183673469387754,-0.4287001051319427
0.24623115577889454,1.4183673469387754,-0.4201346562775481
0.256281407035176,1.4183673469387754,-0.4118652923488539
0.2663316582914572,1.4183673469387754,-0.40395058794806377
0.27638190954773867,1.4183673469387754,-0.3964340141714533
0.2864321608040201,1.4183673469387754,-0.3893378986325235
0.29648241206030157,1.4183673469387754,-0.3826573545754315
0.306532663316583,1.4183673469387754,-0.3763600010792577
0.31658291457286425,1.4183673469387754,-0.37039230702082027
0.3266331658291457,1.4183673469387754,-0.3646895518623184
0.33668341708542715,1.4183673469387754,-0.35918562549903144
0.3467336683417086,1.4183673469387754,-0.35382025364373565
0.35678391959799005,1.4183673469387754,-0.348542996310103
0.3668341708542713,1.4183673469387754,-0.34331452048952343
0.37688442211055273,1.4183673469387754,-0.33810606280467587
0.3869346733668342,1.4183673469387754,-0.332897941983569
0.39698492462311563,1.4183673469387754,-0.32767774211650413
0.4070351758793971,1.4183673469387754,-0.3224385394458361
0.4170854271356783,1.4183673469387754,-0.31717735636683764
0.42713567839195976,1.4183673469387754,-0.3118939053887773
0.4371859296482412,1.4183673469387754,-0.30658961883319835
0.44723618090452266,1.4183673469387754,-0.3012669288731849
0.4572864321608041,1.4183673469387754,-0.2959287523341624
0.46733668341708534,1.4183673469387754,-0.2905781354285014
0.4773869346733668,1.4183673469387754,-0.2852180191932708
0.48743718592964824,1.4183673469387754,-0.27985109348572734
0.4974874371859297,1.4183673469387754,-0.2744797142955163
0.5075376884422111,1.4183673469387754,-0.2691058651483109
0.5175879396984926,1.4183673469387754,-0.2637311483017987
0.5276381909547738,1.4183673469387754,-0.2583567953133496
0.5376884422110553,1.4183673469387754,-0.25298368952991956
0.5477386934673367,1.4183673469387754,-0.24761239528068926
0.5577889447236182,1.4183673469387754,-0.24224319019861854
0.5678391959798996,1.4183673469387754,-0.2368760982935004
0.5778894472361809,1.4183673469387754,-0.23151092225630024
0.5879396984924623,1.4183673469387754,-0.22614727407899451
0.5979899497487438,1.4183673469387754,-0.22078460349267898
0.6080402010050252,1.4183673469387754,-0.21542222400991592
0.6180904522613067,1.4183673469387754,-0.21005933654306513
0.6281407035175879,1.4183673469387754,-0.20469505068682123
0.6381909547738693,1.4183673469387754,-0.19932840382103084
0.6482412060301508,1.4183673469387754,-0.19395837822428075
0.6582914572864322,1.4183673469387754,-0.18858391640055033
0.6683417085427137,1.4183673469387754,-0.1832039348184155
0.6783919597989949,1.4183673469387754,-0.1778173362503243
0.6884422110552764,1.4183673469387754,-0.17242302088236844
0.6984924623115578,1.4183673469387754,-0.16701989634540151
0.7085427135678393,1.4183673469387754,-0.16160688679812585
0.7185929648241207,1.4183673469387754,-0.15618294117312992
0.728643216080402,1.4183673469387754,-0.1507470406785131
0.7386934673366834,1.4183673469387754,-0.14529820563112036
0.7487437185929648,1.4183673469387754,-0.13983550168274392
0.7587939698492463,1.4183673469387754,-0.13435804548799302
0.7688442211055277,1.4183673469387754,-0.1288650098518012
0.778894472361809,1.4183673469387754,-0.12335562838571845
0.7889447236180904,1.4183673469387754,-0.11782919969492742
0.7989949748743719,1.4183673469387754,-0.11228509111234936
0.8090452261306533,1.4183673469387754,-0.1067227419919036
0.8190954773869348,1.4183673469387754,-0.1011416665699478
0.829145728643216,1.4183673469387754,-0.0955414564018757
0.8391959798994975,1.4183673469387754,-0.08992178237963203
0.8492462311557789,1.4183673469387754,-0.08428239633552578
0.8592964824120604,1.4183673469387754,-0.07862313223777359
0.8693467336683418,1.4183673469387754,-0.07294390698388103
0.879396984924623,1.4183673469387754,-0.06724472079889535
0.8894472361809045,1.4183673469387754,-0.06152565724684375
0.8994974874371859,1.4183673469387754,-0.05578688286507211
0.9095477386934674,1.4183673469387754,-0.050028646432784124
0.9195979899497488,1.4183673469387754,-0.044251277886650536
0.9296482412060301,1.4183673469387754,-0.038455186898004146
0.9396984924623115,1.4183673469387754,-0.03264086112766526
0.949748743718593,1.4183673469387754,-0.026808864175950853
0.9597989949748744,1.4183673469387754,-0.020959833246786852
0.9698492462311559,1.4183673469387754,-0.015094476546066604
0.9798994974874373,1.4183673469387754,-0.009213570435500085
0.9899497487437185,1.4183673469387754,-0.003317956364084218
1.0,1.4183673469387754,0.0025914623999283015
-1.0,1.4285714285714286,0.0373748784782012
-0.9899497487437185,1.4285714285714286,0.04214267589209736
-0.9798994974874372,1.4285714285714286,0.046930297080132716
-0.9698492462311558,1.4285714285714286,0.051739038061317105
-0.9597989949748744,1.4285714285714286,0.056570221065224524
-0.949748743718593,1.4285714285714286,0.06142519370766503
-0.9396984924623115,1.4285714285714286,0.06630532833033015
-0.9296482412060302,1.4285714285714286,0.07121202151547448
-0.9195979899497487,1.4285714285714286,0.0761466937810319
-0.9095477386934674,1.4285714285714286,0.08111078945447789
-0.8994974874371859,1.4285714285714286,0.08610577671493272
-0.8894472361809045,1.4285714285714286,0.09113314778234285
-0.8793969849246231,1.4285714285714286,0.0961944192199648
-0.8693467336683417,1.4285714285714286,0.10129113230155173
-0.8592964824120604,1.4285714285714286,0.10642485337760235
-0.8492462311557789,1.4285714285714286,0.11159717415556344
-0.8391959798994975,1.4285714285714286,0.11680971178695343
-0.8291457286432161,1.4285714285714286,0.1220641086298973
-0.8190954773869347,1.4285714285714286,0.12736203152855086
-0.8090452261306533,1.4285714285714286,0.1327051704212826
-0.7989949748743719,1.4285714285714286,0.13809523605735285
-0.7889447236180904,1.4285714285714286,0.1435339565672582
-0.778894472361809,1.4285714285714286,0.1490230725949605
-0.7688442211055276,1.4285714285714286,0.15456433066103464
-0.7587939698492463,1.4285714285714286,0.16015947438461897
-0.7487437185929648,1.4285714285714286,0.16581023314897214
-0.7386934673366834,1.4285714285714286,0.17151830775097765
-0.728643216080402,1.4285714285714286,0.17728535252923694
-0.7185929648241206,1.4285714285714286,0.18311295341910372
-0.7085427135678393,1.4285714285714286,0.1890026013367918
-0.6984924623115578,1.4285714285714286,0.19495566024943944
-0.6884422110552764,1.4285714285714286,0.2009733292450544
-0.6783919597989949,1.4285714285714286,0.2070565978773936
-0.6683417085427136,1.4285714285714286,0.21320619402836483
-0.6582914572864322,1.4285714285714286,0.21942252350779723
-0.6482412060301508,1.4285714285714286,0.22570560060158185
-0.6381909547738693,1.4285714285714286,0.23205496878975085
-0.6281407035175879,1.4285714285714286,0.2384696108931199
-0.6180904522613065,1.4285714285714286,0.24494784797940417
-0.6080402010050251,1.4285714285714286,0.2514872264781666
-0.5979899497487438,1.4285714285714286,0.2580843931317776
-0.5879396984924623,1.4285714285714286,0.26473495766267346
-0.5778894472361809,1.4285714285714286,0.2714333433845165
-0.5678391959798995,1.4285714285714286,0.27817262644878565
-0.5577889447236181,1.4285714285714286,0.2849443650253976
-0.5477386934673367,1.4285714285714286,0.2917384204976031
-0.5376884422110553,1.4285714285714286,0.29854277374552196
-0.5276381909547738,1.4285714285714286,0.30534334084513237
-0.5175879396984925,1.4285714285714286,0.3121237940767706
-0.507537688442211,1.4285714285714286,0.3188653960889136
-0.4974874371859297,1.4285714285714286,0.3255468574843732
-0.48743718592964824,1.4285714285714286,0.3321442310875502
-0.4773869346733668,1.4285714285714286,0.3386308598231593
-0.46733668341708545,1.4285714285714286,0.34497739958975704
-0.457286432160804,1.4285714285714286,0.3511519437958161
-0.44723618090452255,1.4285714285714286,0.3571202822631968
-0.4371859296482412,1.4285714285714286,0.3628463336524146
-0.42713567839195976,1.4285714285714286,0.36829279662689074
-0.4170854271356784,1.4285714285714286,0.3734220691394866
-0.40703517587939697,1.4285714285714286,0.3781974850214821
-0.3969849246231155,1.4285714285714286,0.38258490893190067
-0.3869346733668342,1.4285714285714286,0.38655471031044075
-0.37688442211055273,1.4285714285714286,0.3900840999953801
-0.3668341708542714,1.4285714285714286,0.39315975725453867
-0.35678391959798994,1.4285714285714286,0.3957806022638912
-0.3467336683417085,1.4285714285714286,0.39796048875986023
-0.33668341708542715,1.4285714285714286,0.3997305210017357
-0.3266331658291457,1.4285714285714286,0.40114066138583415
-0.31658291457286436,1.4285714285714286,0.4022603122036563
-0.3065326633165829,1.4285714285714286,0.4031776386476914
-0.29648241206030146,1.4285714285714286,0.4039975424224309
-0.2864321608040201,1.4285714285714286,0.404838366601183
-0.27638190954773867,1.4285714285714286,0.40582756829077193
-0.26633165829145733,1.4285714285714286,0.40709669210937394
-0.2562814070351759,1.4285714285714286,0.40877598759036604
-0.24623115577889443,1.4285714285714286,0.4109889391420112
-0.2361809045226131,1.4285714285714286,0.41384684923559223
-0.22613065326633164,1.4285714285714286,0.4174434847169818
-0.2160804020100502,1.4285714285714286,0.42184971624589374
-0.20603015075376885,1.4285714285714286,0.42710809045262277
-0.1959798994974874,1.4285714285714286,0.43322738037851527
-0.18592964824120606,1.4285714285714286,0.44017732372056817
-0.1758793969849246,1.4285714285714286,0.4478838876646506
-0.16582914572864316,1.4285714285714286,0.45622534907078904
-0.15577889447236182,1.4285714285714286,0.46502908109391605
-0.14572864321608037,1.4285714285714286,0.4740680760488022
-0.13567839195979903,1.4285714285714286,0.48305499532160334
-0.12562814070351758,1.4285714285714286,0.4916304545003146
-0.11557788944723613,1.4285714285714286,0.49934268709707996
-0.10552763819095479,1.4285714285714286,0.5056204722821929
-0.09547738693467334,1.4285714285714286,0.5097554207364081
-0.085427135678392,1.4285714285714286,0.510941723079385
-0.07537688442211055,1.4285714285714286,0.5084790934884027
-0.0653266331658291,1.4285714285714286,0.5023084770831637
-0.055276381909547756,1.4285714285714286,0.4939771270200398
-0.045226130653266305,1.4285714285714286,0.4874641794383102
-0.035175879396984966,1.4285714285714286,0.48731091466554344
-0.025125628140703515,1.4285714285714286,0.4884740667128301
-0.015075376884422065,1.4285714285714286,0.4496678473936323
-0.005025125628140725,1.4285714285714286,0.2362237451638603
0.005025125628140614,1.4285714285714286,-0.27033313213480265
0.015075376884422065,1.4285714285714286,-0.6607318466029927
0.025125628140703515,1.4285714285714286,-0.7205384315681331
0.035175879396984966,1.4285714285714286,-0.6601930703328981
0.045226130653266416,1.4285714285714286,-0.5983973917273988
0.055276381909547645,1.4285714285714286,-0.5581248178584716
0.0653266331658291,1.4285714285714286,-0.5345104676431126
0.07537688442211055,1.4285714285714286,-0.5203443805591733
0.085427135678392,1.4285714285714286,-0.5112232039443187
0.09547738693467345,1.4285714285714286,-0.5050187693974418
0.1055276381909549,1.4285714285714286,-0.5007134647382855
0.11557788944723613,1.4285714285714286,-0.4976754001390261
0.12562814070351758,1.4285714285714286,-0.49534597277957126
0.13567839195979903,1.4285714285714286,-0.49316203577582435
0.14572864321608048,1.4285714285714286,-0.4905859631364352
0.15577889447236193,1.4285714285714286,-0.48717179244459247
0.16582914572864316,1.4285714285714286,-0.4826270613670921
0.1758793969849246,1.4285714285714286,-0.476846739511935
0.18592964824120606,1.4285714285714286,-0.46990795623209614
0.1959798994974875,1.4285714285714286,-0.4620270243055725
0.20603015075376896,1.4285714285714286,-0.45349295352790375
0.2160804020100502,1.4285714285714286,-0.4445996310401218
0.22613065326633164,1.4285714285714286,-0.4355973781213431
0.2361809045226131,1.4285714285714286,-0.426673693539974
0.24623115577889454,1.4285714285714286,-0.4179589838295866
0.256281407035176,1.4285714285714286,-0.4095440030846473
0.2663316582914572,1.4285714285714286,-0.4014951974145402
0.27638190954773867,1.4285714285714286,-0.3938603577826362
0.2864321608040201,1.4285714285714286,-0.386665450699962
0.29648241206030157,1.4285714285714286,-0.37990920745017287
0.306532663316583,1.4285714285714286,-0.3735619985798813
0.31658291457286425,1.4285714285714286,-0.36757117465182787
0.3266331658291457,1.4285714285714286,-0.3618707021680575
0.33668341708542715,1.4285714285714286,-0.35639136507898184
0.3467336683417086,1.4285714285714286,-0.35106875153640643
0.35678391959799005,1.4285714285714286,-0.34584800496385304
0.3668341708542713,1.4285714285714286,-0.3406856449723933
0.37688442211055273,1.4285714285714286,-0.33554933703660256
0.3869346733668342,1.4285714285714286,-0.3304165175893874
0.39698492462311563,1.4285714285714286,-0.3252725643769555
0.4070351758793971,1.4285714285714286,-0.3201089444088946
0.4170854271356783,1.4285714285714286,-0.3149215642547249
0.42713567839195976,1.4285714285714286,-0.309709409528013
0.4371859296482412,1.4285714285714286,-0.3044734812586451
0.44723618090452266,1.4285714285714286,-0.2992159981560487
0.4572864321608041,1.4285714285714286,-0.2939398194718037
0.46733668341708534,1.4285714285714286,-0.28864804198549143
0.4773869346733668,1.4285714285714286,-0.2833437295464706
0.48743718592964824,1.4285714285714286,-0.27802974064842867
0.4974874371859297,1.4285714285714286,-0.2727086266694319
0.5075376884422111,1.4285714285714286,-0.2673825797767033
0.5175879396984926,1.4285714285714286,-0.26205341477527166
0.5276381909547738,1.4285714285714286,-0.25672257337283066
0.5376884422110553,1.4285714285714286,-0.2513911425666525
0.5477386934673367,1.4285714285714286,-0.24605988129841358
0.5577889447236182,1.4285714285714286,-0.24072925133248346
0.5678391959798996,1.4285714285714286,-0.2353994496353574
0.5778894472361809,1.4285714285714286,-0.2300704404861493
0.5879396984924623,1.4285714285714286,-0.22474198622369818
0.5979899497487438,1.4285714285714286,-0.21941367600716077
0.6080402010050252,1.4285714285714286,-0.2140849522889556
0.6180904522613067,1.4285714285714286,-0.20875513491300438
0.6281407035175879,1.4285714285714286,-0.20342344288809458
0.6381909547738693,1.4285714285714286,-0.19808901396865483
0.6482412060301508,1.4285714285714286,-0.19275092221986007
0.6582914572864322,1.4285714285714286,-0.1874081937628974
0.6683417085427137,1.4285714285714286,-0.18205982089816752
0.6783919597989949,1.4285714285714286,-0.17670477479529523
0.6884422110552764,1.4285714285714286,-0.1713420169236319
0.6984924623115578,1.4285714285714286,-0.1659705093783173
0.7085427135678393,1.4285714285714286,-0.16058922423722058
0.7185929648241207,1.4285714285714286,-0.15519715206441181
0.728643216080402,1.4285714285714286,-0.14979330965721777
0.7386934673366834,1.4285714285714286,-0.14437674711688647
0.7487437185929648,1.4285714285714286,-0.1389465543077006
0.7587939698492463,1.4285714285714286,-0.13350186675615827
0.7688442211055277,1.4285714285714286,-0.1280418710305401
0.778894472361809,1.4285714285714286,-0.12256580963180716
0.7889447236180904,1.4285714285714286,-0.11707298541906114
0.7989949748743719,1.4285714285714286,-0.11156276558673198
0.8090452261306533,1.4285714285714286,-0.10603458520596307
0.8190954773869348,1.4285714285714286,-0.10048795033922261
0.829145728643216,1.4285714285714286,-0.0949224407348308
0.8391959798994975,1.4285714285714286,-0.08933771210659561
0.8492462311557789,1.4285714285714286,-0.08373349800315022
0.8592964824120604,1.4285714285714286,-0.07810961127146523
0.8693467336683418,1.4285714285714286,-0.07246594511957119
0.879396984924623,1.4285714285714286,-0.06680247378431736
0.8894472361809045,1.4285714285714286,-0.06111925281126701
0.8994974874371859,1.4285714285714286,-0.055416418955156505
0.9095477386934674,1.4285714285714286,-0.049694189710960845
0.9195979899497488,1.4285714285714286,-0.04395286248717567
0.9296482412060301,1.4285714285714286,-0.038192813434638956
0.9396984924623115,1.4285714285714286,-0.03241449594577356
0.949748743718593,1.4285714285714286,-0.02661843884075138
0.9597989949748744,1.4285714285714286,-0.0208052442584864
0.9698492462311559,1.4285714285714286,-0.014975585271726793
0.9798994974874373,1.4285714285714286,-0.009130203246667301
0.9899497487437185,1.4285714285714286,-0.003269904968568771
1.0,1.4285714285714286,0.002604440444378131
-1.0,1.4387755102040816,0.03830060473888322
-0.9899497487437185,1.4387755102040816,0.043028227083654724
-0.9798994974874372,1.4387755102040816,0.047776124905423906
-0.9698492462311558,1.4387755102040816,0.05254562108107119
-0.9597989949748744,1.4387755102040816,0.05733806620060483
-0.949748743718593,1.4387755102040816,0.06215483800454305
-0.9396984924623115,1.4387755102040816,0.06699734099387708
-0.9296482412060302,1.4387755102040816,0.07186700621997247
-0.9195979899497487,1.4387755102040816,0.076765291255322
-0.9095477386934674,1.4387755102040816,0.08169368033805013
-0.8994974874371859,1.4387755102040816,0.0866536846732979
-0.8894472361809045,1.4387755102040816,0.09164684286296992
-0.8793969849246231,1.4387755102040816,0.09667472142159511
-0.8693467336683417,1.4387755102040816,0.10173891532020418
-0.8592964824120604,1.4387755102040816,0.10684104848192408
-0.8492462311557789,1.4387755102040816,0.11198277413249197
-0.8391959798994975,1.4387755102040816,0.11716577488585384
-0.8291457286432161,1.4387755102040816,0.12239176241961769
-0.8190954773869347,1.4387755102040816,0.12766247656712548
-0.8090452261306533,1.4387755102040816,0.13297968362258067
-0.7989949748743719,1.4387755102040816,0.13834517362282128
-0.7889447236180904,1.4387755102040816,0.1437607563342429
-0.778894472361809,1.4387755102040816,0.1492282556360548
-0.7688442211055276,1.4387755102040816,0.15474950195168058
-0.7587939698492463,1.4387755102040816,0.1603263223388705
-0.7487437185929648,1.4387755102040816,0.16596052780616177
-0.7386934673366834,1.4387755102040816,0.17165389737906717
-0.728643216080402,1.4387755102040816,0.1774081583940525
-0.7185929648241206,1.4387755102040816,0.1832249624526232
-0.7085427135678393,1.4387755102040816,0.189105856422204
-0.6984924623115578,1.4387755102040816,0.19505224782616515
-0.6884422110552764,1.4387755102040816,0.20106536392347008
-0.6783919597989949,1.4387755102040816,0.2071462037410935
-0.6683417085427136,1.4387755102040816,0.2132954822920603
-0.6582914572864322,1.4387755102040816,0.21951356619228302
-0.6482412060301508,1.4387755102040816,0.225800399884919
-0.6381909547738693,1.4387755102040816,0.2321554216977918
-0.6281407035175879,1.4387755102040816,0.238577469005136
-0.6180904522613065,1.4387755102040816,0.24506467184918623
-0.6080402010050251,1.4387755102040816,0.2516143345116433
-0.5979899497487438,1.4387755102040816,0.25822280472420406
-0.5879396984924623,1.4387755102040816,0.2648853304881799
-0.5778894472361809,1.4387755102040816,0.27159590485615615
-0.5678391959798995,1.4387755102040816,0.278347099537671
-0.5577889447236181,1.4387755102040816,0.2851298888544899
-0.5477386934673367,1.4387755102040816,0.2919334664230282
-0.5376884422110553,1.4387755102040816,0.29874505802241136
-0.5276381909547738,1.4387755102040816,0.30554973546577946
-0.5175879396984925,1.4387755102040816,0.3123302379897498
-0.507537688442211,1.4387755102040816,0.31906680978569135
-0.4974874371859297,1.4387755102040816,0.3257370649040305
-0.48743718592964824,1.4387755102040816,0.3323158939686837
-0.4773869346733668,1.4387755102040816,0.3387754310442944
-0.46733668341708545,1.4387755102040816,0.3450851036828123
-0.457286432160804,1.4387755102040816,0.35121179464253793
-0.44723618090452255,1.4387755102040816,0.35712014986194063
-0.4371859296482412,1.4387755102040816,0.3627730735118202
-0.42713567839195976,1.4387755102040816,0.36813245635751357
-0.4170854271356784,1.4387755102040816,0.3731601864939733
-0.40703517587939697,1.4387755102040816,0.37781948905977913
-0.3969849246231155,1.4387755102040816,0.3820766300936096
-0.3869346733668342,1.4387755102040816,0.38590299499486047
-0.37688442211055273,1.4387755102040816,0.38927751035593006
-0.3668341708542714,1.4387755102040816,0.3921893180177314
-0.35678391959798994,1.4387755102040816,0.3946405358834706
-0.3467336683417085,1.4387755102040816,0.3966488623779082
-0.33668341708542715,1.4387755102040816,0.3982497190408708
-0.3266331658291457,1.4387755102040816,0.3994976013907733
-0.31658291457286436,1.4387755102040816,0.4004663415875045
-0.3065326633165829,1.4387755102040816,0.401248084740605
-0.29648241206030146,1.4387755102040816,0.4019509313064844
-0.2864321608040201,1.4387755102040816,0.40269536803158257
-0.27638190954773867,1.4387755102040816,0.40360975492140905
-0.26633165829145733,1.4387755102040816,0.40482521515989855
-0.2562814070351759,1.4387755102040816,0.4064702676867391
-0.24623115577889443,1.4387755102040816,0.408665455776433
-0.2361809045226131,1.4387755102040816,0.41151809420424046
-0.22613065326633164,1.4387755102040816,0.41511713341809175
-0.2160804020100502,1.4387755102040816,0.41952807229756184
-0.20603015075376885,1.4387755102040816,0.42478787470469326
-0.1959798994974874,1.4387755102040816,0.4308999592369632
-0.18592964824120606,1.4387755102040816,0.43782949108445857
-0.1758793969849246,1.4387755102040816,0.4454993116192921
-0.16582914572864316,1.4387755102040816,0.45378674920236706
-0.15577889447236182,1.4387755102040816,0.46252110083554854
-0.14572864321608037,1.4387755102040816,0.4714806578501626
-0.13567839195979903,1.4387755102040816,0.48038687842676475
-0.12562814070351758,1.4387755102040816,0.48889223794419956
-0.11557788944723613,1.4387755102040816,0.496558762592302
-0.10552763819095479,1.4387755102040816,0.5028289696277602
-0.09547738693467334,1.4387755102040816,0.507004836888257
-0.085427135678392,1.4387755102040816,0.5082814915445248
-0.07537688442211055,1.4387755102040816,0.5059382461908648
-0.0653266331658291,1.4387755102040816,0.49985292918154944
-0.055276381909547756,1.4387755102040816,0.4914424264070846
-0.045226130653266305,1.4387755102040816,0.4845094959597184
-0.035175879396984966,1.4387755102040816,0.48357036751082316
-0.025125628140703515,1.4387755102040816,0.4841986609429699
-0.015075376884422065,1.4387755102040816,0.4471337018427818
-0.005025125628140725,1.4387755102040816,0.24227893331148254
0.005025125628140614,1.4387755102040816,-0.25625434494033894
0.015075376884422065,1.4387755102040816,-0.6578263317145521
0.025125628140703515,1.4387755102040816,-0.7259283299005272
0.035175879396984966,1.4387755102040816,-0.6655486032000386
0.045226130653266416,1.4387755102040816,-0.6010019126880215
0.055276381909547645,1.4387755102040816,-0.5581647325307539
0.0653266331658291,1.4387755102040816,-0.5327923866253237
0.07537688442211055,1.4387755102040816,-0.5175059751097184
0.085427135678392,1.4387755102040816,-0.5076553750027741
0.09547738693467345,1.4387755102040816,-0.5009664851319553
0.1055276381909549,1.4387755102040816,-0.4963648860913284
0.11557788944723613,1.4387755102040816,-0.49320688820237335
0.12562814070351758,1.4387755102040816,-0.4909332847371152
0.13567839195979903,1.4387755102040816,-0.4889717435159945
0.14572864321608048,1.4387755102040816,-0.48675761361833797
0.15577889447236193,1.4387755102040816,-0.4837986956539101
0.16582914572864316,1.4387755102040816,-0.47974221619239876
0.1758793969849246,1.4387755102040816,-0.47441897961468504
0.18592964824120606,1.4387755102040816,-0.4678508196881239
0.1959798994974875,1.4387755102040816,-0.46021896888896796
0.20603015075376896,1.4387755102040816,-0.4518034444149265
0.2160804020100502,1.4387755102040816,-0.44291328915157024
0.22613065326633164,1.4387755102040816,-0.433829386394569
0.2361809045226131,1.4387755102040816,-0.4247737472643498
0.24623115577889454,1.4387755102040816,-0.4159059328992336
0.256281407035176,1.4387755102040816,-0.4073363117400588
0.2663316582914572,1.4387755102040816,-0.3991423000248606
0.27638190954773867,1.4387755102040816,-0.3913776055604228
0.2864321608040201,1.4387755102040816,-0.38407238727143056
0.29648241206030157,1.4387755102040816,-0.37722919771094265
0.306532663316583,1.4387755102040816,-0.3708214316921249
0.31658291457286425,1.4387755102040816,-0.36479771371981595
0.3266331658291457,1.4387755102040816,-0.35909107337181884
0.33668341708542715,1.4387755102040816,-0.3536294216762841
0.3467336683417086,1.4387755102040816,-0.34834425836537636
0.35678391959799005,1.4387755102040816,-0.3431762056101588
0.3668341708542713,1.4387755102040816,-0.33807743607148955
0.37688442211055273,1.4387755102040816,-0.33301180582288237
0.3869346733668342,1.4387755102040816,-0.3279536322106301
0.39698492462311563,1.4387755102040816,-0.32288587421573156
0.4070351758793971,1.4387755102040816,-0.31779821127197216
0.4170854271356783,1.4387755102040816,-0.3126852912332015
0.42713567839195976,1.4387755102040816,-0.3075452623276618
0.4371859296482412,1.4387755102040816,-0.30237861131173827
0.44723618090452266,1.4387755102040816,-0.2971872827208645
0.4572864321608041,1.4387755102040816,-0.2919740349656534
0.46733668341708534,1.4387755102040816,-0.28674198545158436
0.4773869346733668,1.4387755102040816,-0.28149430087743904
0.48743718592964824,1.4387755102040816,-0.27623399575349405
0.4974874371859297,1.4387755102040816,-0.2709638095420527
0.5075376884422111,1.4387755102040816,-0.2656861395316026
0.5175879396984926,1.4387755102040816,-0.2604030121981875
0.5276381909547738,1.4387755102040816,-0.25511608033079824
0.5376884422110553,1.4387755102040816,-0.24982663670960684
0.5477386934673367,1.4387755102040816,-0.24453563779100904
0.5577889447236182,1.4387755102040816,-0.23924373283976694
0.5678391959798996,1.4387755102040816,-0.23395129540683798
0.5778894472361809,1.4387755102040816,-0.22865845510699292
0.5879396984924623,1.4387755102040816,-0.2233651284035658
0.5979899497487438,1.4387755102040816,-0.21807104763670646
0.6080402010050252,1.4387755102040816,-0.212775787896113
0.6180904522613067,1.4387755102040816,-0.20747879158442142
0.6281407035175879,1.4387755102040816,-0.20217939067694468
0.6381909547738693,1.4387755102040816,-0.19687682678208088
0.6482412060301508,1.4387755102040816,-0.19157026916284647
0.6582914572864322,1.4387755102040816,-0.18625883090685957
0.6683417085427137,1.4387755102040816,-0.18094158343950273
0.6783919597989949,1.4387755102040816,-0.17561756956963842
0.6884422110552764,1.4387755102040816,-0.1702858152443064
0.6984924623115578,1.4387755102040816,-0.1649453401714942
0.7085427135678393,1.4387755102040816,-0.1595951674509085
0.7185929648241207,1.4387755102040816,-0.1542343323331585
0.728643216080402,1.4387755102040816,-0.14886189020898702
0.7386934673366834,1.4387755102040816,-0.14347692391277878
0.7487437185929648,1.4387755102040816,-0.13807855040892258
0.7587939698492463,1.4387755102040816,-0.1326659269157809
0.7688442211055277,1.4387755102040816,-0.1272382565102295
0.778894472361809,1.4387755102040816,-0.12179479324571635
0.7889447236180904,1.4387755102040816,-0.11633484680859552
0.7989949748743719,1.4387755102040816,-0.11085778673092181
0.8090452261306533,1.4387755102040816,-0.10536304617273146
0.8190954773869348,1.4387755102040816,-0.09985012528303391
0.829145728643216,1.4387755102040816,-0.09431859414601176
0.8391959798994975,1.4387755102040816,-0.08876809531720758
0.8492462311557789,1.4387755102040816,-0.08319834595354839
0.8592964824120604,1.4387755102040816,-0.07760913954083831
0.8693467336683418,1.4387755102040816,-0.0720003472226588
0.879396984924623,1.4387755102040816,-0.0663719187354026
0.8894472361809045,1.4387755102040816,-0.060723882955268954
0.8994974874371859,1.4387755102040816,-0.05505634806440443
0.9095477386934674,1.4387755102040816,-0.0493695013449203
0.9195979899497488,1.4387755102040816,-0.043663608611138605
0.9296482412060301,1.4387755102040816,-0.03793901329212898
0.9396984924623115,1.4387755102040816,-0.03219613517823991
0.949748743718593,1.4387755102040816,-0.0264354688469646
0.9597989949748744,1.4387755102040816,-0.020657581785047036
0.9698492462311559,1.4387755102040816,-0.014863112225086988
0.9798994974874373,1.4387755102040816,-0.009052766716253574
0.9899497487437185,1.4387755102040816,-0.0032273174497822466
1.0,1.4387755102040816,0.002612400639099316
-1.0,1.4489795918367347,0.03922747596617429
-0.9899497487437185,1.4489795918367347,0.04391549080975082
-0.9798994974874372,1.4489795918367347,0.048624255164095465
-0.9698492462311558,1.4489795918367347,0.05335511984201999
-0.9597989949748744,1.4489795918367347,0.0581094650469533
-0.949748743718593,1.4489795918367347,0.06288870008006422
-0.9396984924623115,1.4489795918367347,0.06769426322689154
-0.9296482412060302,1.4489795918367347,0.07252762182667702
-0.9195979899497487,1.4489795918367347,0.07739027252031189
-0.9095477386934674,1.4489795918367347,0.08228374166381433
-0.8994974874371859,1.4489795918367347,0.08720958588352712
-0.8894472361809045,1.4489795918367347,0.09216939273646477
-0.8793969849246231,1.4489795918367347,0.097164781424492
-0.8693467336683417,1.4489795918367347,0.10219740349399598
-0.8592964824120604,1.4489795918367347,0.10726894343346971
-0.8492462311557789,1.4489795918367347,0.11238111905981774
-0.8391959798994975,1.4489795918367347,0.11753568156018607
-0.8291457286432161,1.4489795918367347,0.12273441502973936
-0.8190954773869347,1.4489795918367347,0.1279791353170434
-0.8090452261306533,1.4489795918367347,0.13327168795761912
-0.7989949748743719,1.4489795918367347,0.1386139449428957
-0.7889447236180904,1.4489795918367347,0.1440078000362659
-0.778894472361809,1.4489795918367347,0.1494551623104493
-0.7688442211055276,1.4489795918367347,0.15495794754090908
-0.7587939698492463,1.4489795918367347,0.16051806704892851
-0.7487437185929648,1.4489795918367347,0.1661374135453202
-0.7386934673366834,1.4489795918367347,0.17181784348179535
-0.728643216080402,1.4489795918367347,0.17756115537230366
-0.7185929648241206,1.4489795918367347,0.18336906350146454
-0.7085427135678393,1.4489795918367347,0.18924316639244065
-0.6984924623115578,1.4489795918367347,0.19518490936320532
-0.6884422110552764,1.4489795918367347,0.20119554045961463
-0.6783919597989949,1.4489795918367347,0.20727605901814117
-0.6683417085427136,1.4489795918367347,0.21342715608329532
-0.6582914572864322,1.4489795918367347,0.21964914588867884
-0.6482412060301508,1.4489795918367347,0.22594188761119133
-0.6381909547738693,1.4489795918367347,0.2323046966318406
-0.6281407035175879,1.4489795918367347,0.2387362445922253
-0.6180904522613065,1.4489795918367347,0.24523444763339947
-0.6080402010050251,1.4489795918367347,0.25179634235634085
-0.5979899497487438,1.4489795918367347,0.25841794926588263
-0.5879396984924623,1.4489795918367347,0.26509412377125074
-0.5778894472361809,1.4489795918367347,0.271818395237887
-0.5678391959798995,1.4489795918367347,0.27858279514288575
-0.5577889447236181,1.4489795918367347,0.28537767611040776
-0.5477386934673367,1.4489795918367347,0.2921915245300718
-0.5376884422110553,1.4489795918367347,0.299010770633879
-0.5276381909547738,1.4489795918367347,0.3058196013779929
-0.5175879396984925,1.4489795918367347,0.3125997833081491
-0.507537688442211,1.4489795918367347,0.3193305048575993
-0.4974874371859297,1.4489795918367347,0.3259882503227489
-0.48743718592964824,1.4489795918367347,0.33254672118010653
-0.4773869346733668,1.4489795918367347,0.33897682453777744
-0.46733668341708545,1.4489795918367347,0.34524675340575395
-0.457286432160804,1.4489795918367347,0.35132218907218893
-0.44723618090452255,1.4489795918367347,0.3571666619358635
-0.4371859296482412,1.4489795918367347,0.3627421130575651
-0.42713567839195976,1.4489795918367347,0.3680097032778322
-0.4170854271356784,1.4489795918367347,0.3729309180346657
-0.40703517587939697,1.4489795918367347,0.37746901108293285
-0.3969849246231155,1.4489795918367347,0.38159081538599715
-0.3869346733668342,1.4489795918367347,0.3852689204483495
-0.37688442211055273,1.4489795918367347,0.3884841692191776
-0.3668341708542714,1.4489795918367347,0.39122836442692044
-0.35678391959798994,1.4489795918367347,0.3935069993162955
-0.3467336683417085,1.4489795918367347,0.3953417540103412
-0.33668341708542715,1.4489795918367347,0.3967724455857391
-0.3266331658291457,1.4489795918367347,0.39785810946929234
-0.31658291457286436,1.4489795918367347,0.3986769388180673
-0.3065326633165829,1.4489795918367347,0.39932491994632013
-0.29648241206030146,1.4489795918367347,0.39991315857159004
-0.2864321608040201,1.4489795918367347,0.40056405830077046
-0.27638190954773867,1.4489795918367347,0.4014066456860842
-0.26633165829145733,1.4489795918367347,0.4025713986824694
-0.2562814070351759,1.4489795918367347,0.40418491200966666
-0.24623115577889443,1.4489795918367347,0.4063646365206157
-0.2361809045226131,1.4489795918367347,0.4092137979059599
-0.22613065326633164,1.4489795918367347,0.41281648366095003
-0.2160804020100502,1.4489795918367347,0.41723283364690145
-0.20603015075376885,1.4489795918367347,0.4224943064339497
-0.1959798994974874,1.4489795918367347,0.4285991144369008
-0.18592964824120606,1.4489795918367347,0.4355080738553053
-0.1758793969849246,1.4489795918367347,0.44314119773722394
-0.16582914572864316,1.4489795918367347,0.4513752252809651
-0.15577889447236182,1.4489795918367347,0.46004177139841795
-0.14572864321608037,1.4489795918367347,0.4689248125805907
-0.13567839195979903,1.4489795918367347,0.47775492961383115
-0.12562814070351758,1.4489795918367347,0.4861966742338185
-0.11557788944723613,1.4489795918367347,0.4938259462806167
-0.10552763819095479,1.4489795918367347,0.5000989632946458
-0.09547738693467334,1.4489795918367347,0.5043279927367865
-0.085427135678392,1.4489795918367347,0.5057091422030662
-0.07537688442211055,1.4489795918367347,0.5035017427200515
-0.0653266331658291,1.4489795918367347,0.4975215217939696
-0.055276381909547756,1.4489795918367347,0.4890559646807974
-0.045226130653266305,1.4489795918367347,0.4817283653241944
-0.035175879396984966,1.4489795918367347,0.480013900542412
-0.025125628140703515,1.4489795918367347,0.48007694980296933
-0.015075376884422065,1.4489795918367347,0.44468464109427885
-0.005025125628140725,1.4489795918367347,0.2484080833163571
0.005025125628140614,1.4489795918367347,-0.24139992614329558
0.015075376884422065,1.4489795918367347,-0.6541006255431239
0.025125628140703515,1.4489795918367347,-0.7312717121555067
0.035175879396984966,1.4489795918367347,-0.6712299856581329
0.045226130653266416,1.4489795918367347,-0.6039682546688827
0.055276381909547645,1.4489795918367347,-0.5584868925232912
0.0653266331658291,1.4489795918367347,-0.531273774776176
0.07537688442211055,1.4489795918367347,-0.5148072694005001
0.085427135678392,1.4489795918367347,-0.504183595335379
0.09547738693467345,1.4489795918367347,-0.49697183351556995
0.1055276381909549,1.4489795918367347,-0.49203446498926856
0.11557788944723613,1.4489795918367347,-0.4887148106312119
0.12562814070351758,1.4489795918367347,-0.48645565929913814
0.13567839195979903,1.4489795918367347,-0.4846804716325986
0.14572864321608048,1.4489795918367347,-0.4828035183177828
0.15577889447236193,1.4489795918367347,-0.4802917119877832
0.16582914572864316,1.4489795918367347,-0.47673506060154613
0.1758793969849246,1.4489795918367347,-0.4718996657063481
0.18592964824120606,1.4489795918367347,-0.46574738594474024
0.1959798994974875,1.4489795918367347,-0.4584163735739129
0.20603015075376896,1.4489795918367347,-0.4501684664017373
0.2160804020100502,1.4489795918367347,-0.4413202037042281
0.22613065326633164,1.4489795918367347,-0.4321790015809232
0.2361809045226131,1.4489795918367347,-0.4230015202490959
0.24623115577889454,1.4489795918367347,-0.4139796632689942
0.256281407035176,1.4489795918367347,-0.40524767908800174
0.2663316582914572,1.4489795918367347,-0.3968975545575366
0.27638190954773867,1.4489795918367347,-0.38899106826221774
0.2864321608040201,1.4489795918367347,-0.38156348889635355
0.29648241206030157,1.4489795918367347,-0.37462153307513546
0.306532663316583,1.4489795918367347,-0.36814190843081995
0.31658291457286425,1.4489795918367347,-0.3620748998200958
0.3266331658291457,1.4489795918367347,-0.35635299187992336
0.33668341708542715,1.4489795918367347,-0.35090149019008643
0.3467336683417086,1.4489795918367347,-0.34564789074654767
0.35678391959799005,1.4489795918367347,-0.34052821435192954
0.3668341708542713,1.4489795918367347,-0.3354900976166994
0.37688442211055273,1.4489795918367347,-0.33049334791164975
0.3869346733668342,1.4489795918367347,-0.3255089184606142
0.39698492462311563,1.4489795918367347,-0.32051712548156475
0.4070351758793971,1.4489795918367347,-0.31550567024665993
0.4170854271356783,1.4489795918367347,-0.3104677876160554
0.42713567839195976,1.4489795918367347,-0.3054006681000988
0.4371859296482412,1.4489795918367347,-0.3003041930818374
0.44723618090452266,1.4489795918367347,-0.2951799657272117
0.4572864321608041,1.4489795918367347,-0.29003059527445774
0.46733668341708534,1.4489795918367347,-0.28485918592510984
0.4773869346733668,1.4489795918367347,-0.2796689843173211
0.48743718592964824,1.4489795918367347,-0.27446314614733214
0.4974874371859297,1.4489795918367347,-0.26924459001290235
0.5075376884422111,1.4489795918367347,-0.26401591358816323
0.5175879396984926,1.4489795918367347,-0.25877935325011125
0.5276381909547738,1.4489795918367347,-0.25353677314447787
0.5376884422110553,1.4489795918367347,-0.24828967348590983
0.5477386934673367,1.4489795918367347,-0.24303921079303745
0.5577889447236182,1.4489795918367347,-0.23778622493557433
0.5678391959798996,1.4489795918367347,-0.23253126947588756
0.5778894472361809,1.4489795918367347,-0.22727464295523
0.5879396984924623,1.4489795918367347,-0.22201641961247998
0.5979899497487438,1.4489795918367347,-0.21675647861535552
0.6080402010050252,1.4489795918367347,-0.21149453129531864
0.6180904522613067,1.4489795918367347,-0.20623014615688645
0.6281407035175879,1.4489795918367347,-0.20096277161648315
0.6381909547738693,1.4489795918367347,-0.1956917565426077
0.6482412060301508,1.4489795918367347,-0.1904163687379871
0.6582914572864322,1.4489795918367347,-0.18513581154030137
0.6683417085427137,1.4489795918367347,-0.17984923873155012
0.6783919597989949,1.4489795918367347,-0.17455576794497352
0.6884422110552764,1.4489795918367347,-0.16925449274807222
0.6984924623115578,1.4489795918367347,-0.16394449356453397
0.7085427135678393,1.4489795918367347,-0.15862484757947948
0.7185929648241207,1.4489795918367347,-0.15329463775324234
0.728643216080402,1.4489795918367347,-0.14795296105002453
0.7386934673366834,1.4489795918367347,-0.14259893597005696
0.7487437185929648,1.4489795918367347,-0.13723170945779875
0.7587939698492463,1.4489795918367347,-0.1318504632443366
0.7688442211055277,1.4489795918367347,-0.12645441966981197
0.778894472361809,1.4489795918367347,-0.12104284702108875
0.7889447236180904,1.4489795918367347,-0.11561506441119213
0.7989949748743719,1.4489795918367347,-0.11017044621989325
0.8090452261306533,1.4489795918367347,-0.10470842610925979
0.8190954773869348,1.4489795918367347,-0.09922850062373237
0.829145728643216,1.4489795918367347,-0.09373023238121428
0.8391959798994975,1.4489795918367347,-0.0882132528596
0.8492462311557789,1.4489795918367347,-0.08267726478203141
0.8592964824120604,1.4489795918367347,-0.07712204410366039
0.8693467336683418,1.4489795918367347,-0.07154744160291371
0.879396984924623,1.4489795918367347,-0.06595338408083001
0.8894472361809045,1.4489795918367347,-0.06033987517311748
0.8994974874371859,1.4489795918367347,-0.054706995780833434
0.9095477386934674,1.4489795918367347,-0.049054904127114635
0.9195979899497488,1.4489795918367347,-0.04338383544902924
0.9296482412060301,1.4489795918367347,-0.03769410133530904
0.9396984924623115,1.4489795918367347,-0.03198608872243905
0.949748743718593,1.4489795918367347,-0.026260258563281097
0.9597989949748744,1.4489795918367347,-0.02051714418398698
0.9698492462311559,1.4489795918367347,-0.014757349346487952
0.9798994974874373,1.4489795918367347,-0.008981546035210758
0.9899497487437185,1.4489795918367347,-0.003190471987885607
1.0,1.4489795918367347,0.0026150720086513812
-1.0,1.4591836734693877,0.04015495669676872
-0.9899497487437185,1.4591836734693877,0.04480392732955685
-0.9798994974874372,1.4591836734693877,0.04947414380400195
-0.9698492462311558,1.4591836734693877,0.05416698606680834
-0.9597989949748744,1.4591836734693877,0.05888386531820644
-0.949748743718593,1.4591836734693877,0.06362622399622977
-0.9396984924623115,1.4591836734693877,0.0683955359454162
-0.9296482412060302,1.4591836734693877,0.07319330676849256
-0.9195979899497487,1.4591836734693877,0.07802107435137051
-0.9095477386934674,1.4591836734693877,0.08288040954180809
-0.8994974874371859,1.4591836734693877,0.08777291695031808
-0.8894472361809045,1.4591836734693877,0.09270023582807879
-0.8793969849246231,1.4591836734693877,0.09766404096071904
-0.8693467336683417,1.4591836734693877,0.10266604349876382
-0.8592964824120604,1.4591836734693877,0.10770799162517755
-0.8492462311557789,1.4591836734693877,0.11279167093780851
-0.8391959798994975,1.4591836734693877,0.11791890439958591
-0.8291457286432161,1.4591836734693877,0.12309155168207908
-0.8190954773869347,1.4591836734693877,0.12831150769855354
-0.8090452261306533,1.4591836734693877,0.133580700090967
-0.7989949748743719,1.4591836734693877,0.1389010854016245
-0.7889447236180904,1.4591836734693877,0.14427464362444908
-0.778894472361809,1.4591836734693877,0.14970337079323892
-0.7688442211055276,1.4591836734693877,0.15518926922496046
-0.7587939698492463,1.4591836734693877,0.16073433499524437
-0.7487437185929648,1.4591836734693877,0.16634054218099942
-0.7386934673366834,1.4591836734693877,0.17200982336169085
-0.728643216080402,1.4591836734693877,0.17774404582670394
-0.7185929648241206,1.4591836734693877,0.18354498289180798
-0.7085427135678393,1.4591836734693877,0.18941427968389002
-0.6984924623115578,1.4591836734693877,0.19535341271082574
-0.6884422110552764,1.4591836734693877,0.20136364249434613
-0.6783919597989949,1.4591836734693877,0.20744595851018666
-0.6683417085427136,1.4591836734693877,0.2136010156548862
-0.6582914572864322,1.4591836734693877,0.2198290614465711
-0.6482412060301508,1.4591836734693877,0.22612985317340795
-0.6381909547738693,1.4591836734693877,0.2325025642354629
-0.6281407035175879,1.4591836734693877,0.23894567899240093
-0.6180904522613065,1.4591836734693877,0.245456875542166
-0.6080402010050251,1.4591836734693877,0.2520328960281286
-0.5979899497487438,1.4591836734693877,0.2586694043207056
-0.5879396984924623,1.4591836734693877,0.26536083126376586
-0.5778894472361809,1.4591836734693877,0.2721002081394221
-0.5678391959798995,1.4591836734693877,0.2788789896144015
-0.5577889447236181,1.4591836734693877,0.2856868682195065
-0.5477386934673367,1.4591836734693877,0.29251158341906325
-0.5376884422110553,1.4591836734693877,0.2993387295958044
-0.5276381909547738,1.4591836734693877,0.3061515688636224
-0.5175879396984925,1.4591836734693877,0.3129308565924788
-0.507537688442211,1.4591836734693877,0.31965468996448954
-0.4974874371859297,1.4591836734693877,0.3262983928659658
-0.48743718592964824,1.4591836734693877,0.33283445404681644
-0.4773869346733668,1.4591836734693877,0.3392325398188094
-0.46733668341708545,1.4591836734693877,0.3454596076334304
-0.457286432160804,1.4591836734693877,0.35148015256673915
-0.44723618090452255,1.4591836734693877,0.35725662468973585
-0.4371859296482412,1.4591836734693877,0.3627500607591191
-0.42713567839195976,1.4591836734693877,0.3679209772533918
-0.4170854271356784,1.4591836734693877,0.37273057131734555
-0.40703517587939697,1.4591836734693877,0.37714226857299327
-0.3969849246231155,1.4591836734693877,0.38112363821298534
-0.3869346733668342,1.4591836734693877,0.3846486625475971
-0.37688442211055273,1.4591836734693877,0.3877002979427362
-0.3668341708542714,1.4591836734693877,0.3902731981791314
-0.35678391959798994,1.4591836734693877,0.39237639684614123
-0.3467336683417085,1.4591836734693877,0.39403567669099726
-0.33668341708542715,1.4591836734693877,0.3952953108618713
-0.3266331658291457,1.4591836734693877,0.3962188645570248
-0.31658291457286436,1.4591836734693877,0.39688880950284666
-0.3065326633165829,1.4591836734693877,0.3974048264541453
-0.29648241206030146,1.4591836734693877,0.39788083159217724
-0.2864321608040201,1.4591836734693877,0.39844092413899834
-0.27638190954773867,1.4591836734693877,0.39921457239803293
-0.26633165829145733,1.4591836734693877,0.40033140129242495
-0.2562814070351759,1.4591836734693877,0.40191590634774255
-0.24623115577889443,1.4591836734693877,0.4040823144145761
-0.2361809045226131,1.4591836734693877,0.4069296802650395
-0.22613065326633164,1.4591836734693877,0.41053720050399345
-0.2160804020100502,1.4591836734693877,0.4149596858973116
-0.20603015075376885,1.4591836734693877,0.42022318238207235
-0.1959798994974874,1.4591836734693877,0.4263208568244611
-0.18592964824120606,1.4591836734693877,0.433209408123149
-0.1758793969849246,1.4591836734693877,0.4408063204193331
-0.16582914572864316,1.4591836734693877,0.4489880962187204
-0.15577889447236182,1.4591836734693877,0.45758904417639334
-0.14572864321608037,1.4591836734693877,0.46639918069675546
-0.13567839195979903,1.4591836734693877,0.47515849034713675
-0.12562814070351758,1.4591836734693877,0.4835437622584766
-0.11557788944723613,1.4591836734693877,0.4911447894431289
-0.10552763819095479,1.4591836734693877,0.49743139170933026
-0.09547738693467334,1.4591836734693877,0.5017259987185662
-0.085427135678392,1.4591836734693877,0.5032257156212271
-0.07537688442211055,1.4591836734693877,0.5011703325024622
-0.0653266331658291,1.4591836734693877,0.495314616856121
-0.055276381909547756,1.4591836734693877,0.48681798221888706
-0.045226130653266305,1.4591836734693877,0.47912196676522656
-0.035175879396984966,1.4591836734693877,0.47664550434115294
-0.025125628140703515,1.4591836734693877,0.476115037508815
-0.015075376884422065,1.4591836734693877,0.44231657866734253
-0.005025125628140725,1.4591836734693877,0.2545664177107918
0.005025125628140614,1.4591836734693877,-0.22581684536371707
0.015075376884422065,1.4591836734693877,-0.6494927818720351
0.025125628140703515,1.4591836734693877,-0.7365203359658825
0.035175879396984966,1.4591836734693877,-0.6772258951443482
0.045226130653266416,1.4591836734693877,-0.6073033802246159
0.055276381909547645,1.4591836734693877,-0.5591018492448704
0.0653266331658291,1.4591836734693877,-0.5299635702502566
0.07537688442211055,1.4591836734693877,-0.5122557578497189
0.085427135678392,1.4591836734693877,-0.5008153540950927
0.09547738693467345,1.4591836734693877,-0.49304326237250906
0.1055276381909549,1.4591836734693877,-0.48773172312143886
0.11557788944723613,1.4591836734693877,-0.4842090929393409
0.12562814070351758,1.4591836734693877,-0.48192213163036807
0.13567839195979903,1.4591836734693877,-0.48029467244919516
0.14572864321608048,1.4591836734693877,-0.4787257910168756
0.15577889447236193,1.4591836734693877,-0.4766472518769903
0.16582914572864316,1.4591836734693877,-0.4735958250844827
0.1758793969849246,1.4591836734693877,-0.46927363391935817
0.18592964824120606,1.4591836734693877,-0.46357918941955867
0.1959798994974875,1.4591836734693877,-0.456600453067987
0.20603015075376896,1.4591836734693877,-0.44857196994445686
0.2160804020100502,1.4591836734693877,-0.4398092794648579
0.22613065326633164,1.4591836734693877,-0.4306408738105753
0.2361809045226131,1.4591836734693877,-0.42135677048986697
0.24623115577889454,1.4591836734693877,-0.41218350593974223
0.256281407035176,1.4591836734693877,-0.4032833077946748
0.2663316582914572,1.4591836734693877,-0.3947667216649201
0.27638190954773867,1.4591836734693877,-0.38670632035397967
0.2864321608040201,1.4591836734693877,-0.37914384070438245
0.29648241206030157,1.4591836734693877,-0.37209071847763603
0.306532663316583,1.4591836734693877,-0.36552731622273693
0.31658291457286425,1.4591836734693877,-0.359405968912869
0.3266331658291457,1.4591836734693877,-0.3536590222370206
0.33668341708542715,1.4591836734693877,-0.3482094763568322
0.3467336683417086,1.4591836734693877,-0.3429809447350804
0.35678391959799005,1.4591836734693877,-0.337904793899243
0.3668341708542713,1.4591836734693877,-0.33292394847724455
0.37688442211055273,1.4591836734693877,-0.32799392865721444
0.3869346733668342,1.4591836734693877,-0.32308207116779536
0.39698492462311563,1.4591836734693877,-0.31816581405096955
0.4070351758793971,1.4591836734693877,-0.31323067729496146
0.4170854271356783,1.4591836734693877,-0.3082683165891872
0.42713567839195976,1.4591836734693877,-0.30327483397885324
0.4371859296482412,1.4591836734693877,-0.2982494057106403
0.44723618090452266,1.4591836734693877,-0.2931932194218418
0.4572864321608041,1.4591836734693877,-0.2881086813832228
0.46733668341708534,1.4591836734693877,-0.2829988445514203
0.4773869346733668,1.4591836734693877,-0.277867009392197
0.48743718592964824,1.4591836734693877,-0.27271645554905344
0.4974874371859297,1.4591836734693877,-0.2675502700110724
0.5075376884422111,1.4591836734693877,-0.26237124477344675
0.5175879396984926,1.4591836734693877,-0.25718182336573003
0.5276381909547738,1.4591836734693877,-0.2519840808482118
0.5376884422110553,1.4591836734693877,-0.2467797259956173
0.5477386934673367,1.4591836734693877,-0.2415701175496848
0.5577889447236182,1.4591836734693877,-0.23635628880292708
0.5678391959798996,1.4591836734693877,-0.23113897654007112
0.5778894472361809,1.4591836734693877,-0.2259186516528913
0.5879396984924623,1.4591836734693877,-0.22069554967373145
0.5979899497487438,1.4591836734693877,-0.21546970013390865
0.6080402010050252,1.4591836734693877,-0.2102409541154992
0.6180904522613067,1.4591836734693877,-0.20500900968217503
0.6281407035175879,1.4591836734693877,-0.1997734350866334
0.6381909547738693,1.4591836734693877,-0.19453368978870345
0.6482412060301508,1.4591836734693877,-0.1892891434014067
0.6582914572864322,1.4591836734693877,-0.18403909272814853
0.6683417085427137,1.4591836734693877,-0.17878277707474668
0.6783919597989949,1.4591836734693877,-0.17351939202354447
0.6884422110552764,1.4591836734693877,-0.16824810184953987
0.6984924623115578,1.4591836734693877,-0.1629680507446158
0.7085427135678393,1.4591836734693877,-0.15767837299863513
0.7185929648241207,1.4591836734693877,-0.15237820226736426
0.728643216080402,1.4591836734693877,-0.14706668003838147
0.7386934673366834,1.4591836734693877,-0.14174296338817755
0.7487437185929648,1.4591836734693877,-0.13640623210713052
0.7587939698492463,1.4591836734693877,-0.13105569525420785
0.7688442211055277,1.4591836734693877,-0.1256905971902819
0.778894472361809,1.4591836734693877,-0.1203102231278568
0.7889447236180904,1.4591836734693877,-0.11491390422566697
0.7989949748743719,1.4591836734693877,-0.10950102224901262
0.8090452261306533,1.4591836734693877,-0.10407101381059711
0.8190954773869348,1.4591836734693877,-0.09862337420197065
0.829145728643216,1.4591836734693877,-0.09315766082218618
0.8391959798994975,1.4591836734693877,-0.08767349620793755
0.8492462311557789,1.4591836734693877,-0.08217057066792813
0.8592964824120604,1.4591836734693877,-0.07664864452358652
0.8693467336683418,1.4591836734693877,-0.0711075499581511
0.879396984924623,1.4591836734693877,-0.0655471924766827
0.8894472361809045,1.4591836734693877,-0.05996755198042528
0.8994974874371859,1.4591836734693877,-0.054368683460191525
0.9095477386934674,1.4591836734693877,-0.048750717314893915
0.9195979899497488,1.4591836734693877,-0.04311385930297412
0.9296482412060301,1.4591836734693877,-0.037458390136178105
0.9396984924623115,1.4591836734693877,-0.03178466472689437
0.949748743718593,1.4591836734693877,-0.026093111101991667
0.9597989949748744,1.4591836734693877,-0.020384228997750442
0.9698492462311559,1.4591836734693877,-0.014658588152113794
0.9798994974874373,1.4591836734693877,-0.008916826311895526
0.9899497487437185,1.4591836734693877,-0.0031596469739168243
1.0,1.4591836734693877,0.002612183119778705
-1.0,1.4693877551020407,0.041082511080766604
-0.9899497487437185,1.4693877551020407,0.04569299640619173
-0.9798994974874372,1.4693877551020407,0.05032524624957549
-0.9698492462311558,1.4693877551020407,0.054980671019176336
-0.9597989949748744,1.4693877551020407,0.059660714435401274
-0.949748743718593,1.4693877551020407,0.06436685379877999
-0.9396984924623115,1.4693877551020407,0.06910060044495972
-0.9296482412060302,1.4693877551020407,0.0738635003800541
-0.9195979899497487,1.4693877551020407,0.07865713508051642
-0.9095477386934674,1.4693877551020407,0.08348312243069378
-0.8994974874371859,1.4693877551020407,0.0883431177583518
-0.8894472361809045,1.4693877551020407,0.09323881491357347
-0.8793969849246231,1.4693877551020407,0.0981719473193974
-0.8693467336683417,1.4693877551020407,0.10314428890342425
-0.8592964824120604,1.4693877551020407,0.10815765479820497
-0.8492462311557789,1.4693877551020407,0.11321390167461354
-0.8391959798994975,1.4693877551020407,0.11831492754659234
-0.8291457286432161,1.4693877551020407,0.123462670857657
-0.8190954773869347,1.4693877551020407,0.12865910862946855
-0.8090452261306533,1.4693877551020407,0.13390625342066642
-0.7989949748743719,1.4693877551020407,0.1392061488101713
-0.7889447236180904,1.4693877551020407,0.14456086308332994
-0.778894472361809,1.4693877551020407,0.14997248076181235
-0.7688442211055276,1.4693877551020407,0.15544309157911174
-0.7587939698492463,1.4693877551020407,0.16097477646305147
-0.7487437185929648,1.4693877551020407,0.16656959004500416
-0.7386934673366834,1.4693877551020407,0.17222953917280703
-0.728643216080402,1.4693877551020407,0.17795655686100847
-0.7185929648241206,1.4693877551020407,0.18375247106853287
-0.7085427135678393,1.4693877551020407,0.18961896765102781
-0.6984924623115578,1.4693877551020407,0.19555754679415127
-0.6884422110552764,1.4693877551020407,0.2015694721966843
-0.6783919597989949,1.4693877551020407,0.20765571224113788
-0.6683417085427136,1.4693877551020407,0.21381687236785624
-0.6582914572864322,1.4693877551020407,0.2200531178612094
-0.6482412060301508,1.4693877551020407,0.2263640862694658
-0.6381909547738693,1.4693877551020407,0.23274878872103788
-0.6281407035175879,1.4693877551020407,0.23920549947905717
-0.6180904522613065,1.4693877551020407,0.24573163320554192
-0.6080402010050251,1.4693877551020407,0.25232360960072553
-0.5979899497487438,1.4693877551020407,0.2589767053597366
-0.5879396984924623,1.4693877551020407,0.26568489376894033
-0.5778894472361809,1.4693877551020407,0.27244067277214556
-0.5678391959798995,1.4693877551020407,0.279234883001846
-0.5577889447236181,1.4693877551020407,0.28605651812671273
-0.5477386934673367,1.4693877551020407,0.292892530954604
-0.5376884422110553,1.4693877551020407,0.29972764009883557
-0.5276381909547738,1.4693877551020407,0.3065441437226591
-0.5175879396984925,1.4693877551020407,0.31332174899151377
-0.507537688442211,1.4693877551020407,0.3200374284640735
-0.4974874371859297,1.4693877551020407,0.32666531782718167
-0.48743718592964824,1.4693877551020407,0.3331766732076067
-0.4773869346733668,1.4693877551020407,0.33953991082666723
-0.46733668341708545,1.4693877551020407,0.34572075697710036
-0.457286432160804,1.4693877551020407,0.351682542012979
-0.44723618090452255,1.4693877551020407,0.3573866777901683
-0.4371859296482412,1.4693877551020407,0.3627933628625202
-0.42713567839195976,1.4693877551020407,0.36786256216331514
-0.4170854271356784,1.4693877551020407,0.37255530549926497
-0.40703517587939697,1.4693877551020407,0.3768353387362988
-0.3969849246231155,1.4693877551020407,0.3806711393305804
-0.3869346733668342,1.4693877551020407,0.38403827049568395
-0.37688442211055273,1.4693877551020407,0.38692199439240227
-0.3668341708542714,1.4693877551020407,0.38931999695018216
-0.35678391959798994,1.4693877551020407,0.39124500401738793
-0.3467336683417085,1.4693877551020407,0.39272700595590726
-0.33668341708542715,1.4693877551020407,0.3938147756600059
-0.3266331658291457,1.4693877551020407,0.3945763825565145
-0.31658291457286436,1.4693877551020407,0.39509848292289607
-0.3065326633165829,1.4693877551020407,0.3954842992418761
-0.29648241206030146,1.4693877551020407,0.3958503639571531
-0.2864321608040201,1.4693877551020407,0.3963222576499854
-0.27638190954773867,1.4693877551020407,0.3970296779111435
-0.26633165829145733,1.4693877551020407,0.39810120491251677
-0.2562814070351759,1.4693877551020407,0.39965907813935486
-0.24623115577889443,1.4693877551020407,0.40181418755642584
-0.2361809045226131,1.4693877551020407,0.40466135338754927
-0.22613065326633164,1.4693877551020407,0.4082748704615923
-0.2160804020100502,1.4693877551020407,0.4127042658454082
-0.20603015075376885,1.4693877551020407,0.4179702789336027
-0.1959798994974874,1.4693877551020407,0.4240612022774858
-0.18592964824120606,1.4693877551020407,0.4309298555903345
-0.1758793969849246,1.4693877551020407,0.4384914938149671
-0.16582914572864316,1.4693877551020407,0.4466227269955424
-0.15577889447236182,1.4693877551020407,0.4551609142603369
-0.14572864321608037,1.4693877551020407,0.463902435219797
-0.13567839195979903,1.4693877551020407,0.4725969157953579
-0.12562814070351758,1.4693877551020407,0.48093349035157273
-0.11557788944723613,1.4693877551020407,0.4885158066889138
-0.10552763819095479,1.4693877551020407,0.49482713293287517
-0.09547738693467334,1.4693877551020407,0.49919988761098777
-0.085427135678392,1.4693877551020407,0.5008321655949233
-0.07537688442211055,1.4693877551020407,0.49894467335555337
-0.0653266331658291,1.4693877551020407,0.49323246822405686
-0.055276381909547756,1.4693877551020407,0.4847285475339228
-0.045226130653266305,1.4693877551020407,0.47669115358358716
-0.035175879396984966,1.4693877551020407,0.4734686745211516
-0.025125628140703515,1.4693877551020407,0.47231883699311195
-0.015075376884422065,1.4693877551020407,0.44002676508931027
-0.005025125628140725,1.4693877551020407,0.2607118824849799
0.005025125628140614,1.4693877551020407,-0.20956027353721618
0.015075376884422065,1.4693877551020407,-0.6439432794032689
0.025125628140703515,1.4693877551020407,-0.7416224331970792
0.035175879396984966,1.4693877551020407,-0.6835225332271232
0.045226130653266416,1.4693877551020407,-0.6110135244246788
0.055276381909547645,1.4693877551020407,-0.560020302346051
0.0653266331658291,1.4693877551020407,-0.5288709211129727
0.07537688442211055,1.4693877551020407,-0.5098589160059004
0.085427135678392,1.4693877551020407,-0.4975579310214293
0.09547738693467345,1.4693877551020407,-0.48918897073642825
0.1055276381909549,1.4693877551020407,-0.4834660659343898
0.11557788944723613,1.4693877551020407,-0.47969984124492593
0.12562814070351758,1.4693877551020407,-0.47734235046348156
0.13567839195979903,1.4693877551020407,-0.4758219181393783
0.14572864321608048,1.4693877551020407,-0.4745281357936998
0.15577889447236193,1.4693877551020407,-0.4728636023735704
0.16582914572864316,1.4693877551020407,-0.4703165678551269
0.1758793969849246,1.4693877551020407,-0.4665270729113073
0.18592964824120606,1.4693877551020407,-0.461328251125409
0.1959798994974875,1.4693877551020407,-0.45475184359572457
0.20603015075376896,1.4693877551020407,-0.4469963641590745
0.2160804020100502,1.4693877551020407,-0.43836730881270436
0.22613065326633164,1.4693877551020407,-0.42920750236183797
0.2361809045226131,1.4693877551020407,-0.4198375274174022
0.24623115577889454,1.4693877551020407,-0.4105197163739304
0.256281407035176,1.4693877551020407,-0.40144795297620706
0.2663316582914572,1.4693877551020407,-0.3927555564422411
0.27638190954773867,1.4693877551020407,-0.3845291600449421
0.2864321608040201,1.4693877551020407,-0.37681883082462975
0.29648241206030157,1.4693877551020407,-0.36964156944208904
0.306532663316583,1.4693877551020407,-0.36298183847299836
0.31658291457286425,1.4693877551020407,-0.35679443352695983
0.3266331658291457,1.4693877551020407,-0.35101198261404387
0.33668341708542715,1.4693877551020407,-0.3455555115961324
0.3467336683417086,1.4693877551020407,-0.3403449098125848
0.35678391959799005,1.4693877551020407,-0.33530686633111956
0.3668341708542713,1.4693877551020407,-0.330379433811705
0.37688442211055273,1.4693877551020407,-0.3255136096479794
0.3869346733668342,1.4693877551020407,-0.3206728554318082
0.39698492462311563,1.4693877551020407,-0.31583148446554543
0.4070351758793971,1.4693877551020407,-0.31097261954738686
0.4170854271356783,1.4693877551020407,-0.30608615861565047
0.42713567839195976,1.4693877551020407,-0.3011669735009508
0.4371859296482412,1.4693877551020407,-0.29621342631644754
0.44723618090452266,1.4693877551020407,-0.2912262075414491
0.4572864321608041,1.4693877551020407,-0.28620746079461473
0.46733668341708534,1.4693877551020407,-0.2811601451899134
0.4773869346733668,1.4693877551020407,-0.27608758543330214
0.48743718592964824,1.4693877551020407,-0.27099316525557865
0.4974874371859297,1.4693877551020407,-0.2658801273342427
0.5075376884422111,1.4693877551020407,-0.2607514504682761
0.5175879396984926,1.4693877551020407,-0.2556097815206144
0.5276381909547738,1.4693877551020407,-0.2504574052380991
0.5376884422110553,1.4693877551020407,-0.24529623950563323
0.5477386934673367,1.4693877551020407,-0.24012784702685272
0.5577889447236182,1.4693877551020407,-0.2349534570234007
0.5678391959798996,1.4693877551020407,-0.22977399248032027
0.5778894472361809,1.4693877551020407,-0.22459009988585163
0.5879396984924623,1.4693877551020407,-0.21940217944329957
0.5979899497487438,1.4693877551020407,-0.2142104144684924
0.6080402010050252,1.4693877551020407,-0.2090147992045107
0.6180904522613067,1.4693877551020407,-0.20381516464375898
0.6281407035175879,1.4693877551020407,-0.19861120218958997
0.6381909547738693,1.4693877551020407,-0.1934024851482408
0.6482412060301508,1.4693877551020407,-0.1881884881408162
0.6582914572864322,1.4693877551020407,-0.1829686045822494
0.6683417085427137,1.4693877551020407,-0.17774216240253196
0.6783919597989949,1.4693877551020407,-0.1725084381944222
0.6884422110552764,1.4693877551020407,-0.16726666996808406
0.6984924623115578,1.4693877551020407,-0.16201606868153426
0.7085427135678393,1.4693877551020407,-0.15675582869969862
0.7185929648241207,1.4693877551020407,-0.15148513731675314
0.728643216080402,1.4693877551020407,-0.14620318345776576
0.7386934673366834,1.4693877551020407,-0.14090916565757516
0.7487437185929648,1.4693877551020407,-0.1356022993979282
0.7587939698492463,1.4693877551020407,-0.13028182386864862
0.7688442211055277,1.4693877551020407,-0.12494700820505975
0.778894472361809,1.4693877551020407,-0.11959715724224049
0.7889447236180904,1.4693877551020407,-0.1142316168168093
0.7989949748743719,1.4693877551020407,-0.10884977863877454
0.8090452261306533,1.4693877551020407,-0.10345108474940537
0.8190954773869348,1.4693877551020407,-0.09803503157593876
0.829145728643216,1.4693877551020407,-0.09260117359005296
0.8391959798994975,1.4693877551020407,-0.08714912657431528
0.8492462311557789,1.4693877551020407,-0.08167857049900665
0.8592964824120604,1.4693877551020407,-0.07618925201080512
0.8693467336683418,1.4693877551020407,-0.07068098653452928
0.879396984924623,1.4693877551020407,-0.06515365998948028
0.8894472361809045,1.4693877551020407,-0.059607230122674715
0.8994974874371859,1.4693877551020407,-0.05404172746241026
0.9095477386934674,1.4693877551020407,-0.0484572558969871
0.9195979899497488,1.4693877551020407,-0.04285399288501893
0.9296482412060301,1.4693877551020407,-0.03723218930546071
0.9396984924623115,1.4693877551020407,-0.03159216895725675
0.949748743718593,1.4693877551020407,-0.025934327720265216
0.9597989949748744,1.4693877551020407,-0.02025913239088578
0.9698492462311559,1.4693877551020407,-0.014567119207433199
0.9798994974874373,1.4693877551020407,-0.008858892081861358
0.9899497487437185,1.4693877551020407,-0.0031351205558718676
1.0,1.4693877551020407,0.002603462499337017
-1.0,1.4795918367346939,0.042009603134058826
-0.9899497487437185,1.4795918367346939,0.046582157625461695
-0.9798994974874372,1.4795918367346939,0.05117701779693304
-0.9698492462311558,1.4795918367346939,0.05579562598548715
-0.9597989949748744,1.4795918367346939,0.06043946010451551
-0.949748743718593,1.4795918367346939,0.06511003420092615
-0.9396984924623115,1.4795918367346939,0.06980889919912422
-0.9296482412060302,1.4795918367346939,0.07453764381943787
-0.9195979899497487,1.4795918367346939,0.07929789564830109
-0.9095477386934674,1.4795918367346939,0.08409132232550337
-0.8994974874371859,1.4795918367346939,0.08891963279983012
-0.8894472361809045,1.4795918367346939,0.09378457858840097
-0.8793969849246231,1.4795918367346939,0.09868795495692118
-0.8693467336683417,1.4795918367346939,0.10363160191781462
-0.8592964824120604,1.4795918367346939,0.10861740492083657
-0.8492462311557789,1.4795918367346939,0.11364729508623295
-0.8391959798994975,1.4795918367346939,0.11872324880392482
-0.8291457286432161,1.4795918367346939,0.12384728649357102
-0.8190954773869347,1.4795918367346939,0.1290214702898264
-0.8090452261306533,1.4795918367346939,0.13424790038472106
-0.7989949748743719,1.4795918367346939,0.13952870972502573
-0.7889447236180904,1.4795918367346939,0.14486605672673947
-0.778894472361809,1.4795918367346939,0.15026211563166036
-0.7688442211055276,1.4795918367346939,0.1557190640923956
-0.7587939698492463,1.4795918367346939,0.16123906753229655
-0.7487437185929648,1.4795918367346939,0.1668242597857904
-0.7386934673366834,1.4795918367346939,0.17247671948266718
-0.728643216080402,1.4795918367346939,0.17819844159734055
-0.7185929648241206,1.4795918367346939,0.1839913035415799
-0.7085427135678393,1.4795918367346939,0.189857025137464
-0.6984924623115578,1.4795918367346939,0.19579712176775255
-0.6884422110552764,1.4795918367346939,0.20181284996535553
-0.6783919597989949,1.4795918367346939,0.20790514467498872
-0.6683417085427136,1.4795918367346939,0.21407454740215415
-0.6582914572864322,1.4795918367346939,0.22032112446247987
-0.6482412060301508,1.4795918367346939,0.22664437456486658
-0.6381909547738693,1.4795918367346939,0.23304312501329744
-0.6281407035175879,1.4795918367346939,0.2395154159053055
-0.6180904522613065,1.4795918367346939,0.2460583718528585
-0.6080402010050251,1.4795918367346939,0.25266806096957994
-0.5979899497487438,1.4795918367346939,0.2593393411754735
-0.5879396984924623,1.4795918367346939,0.26606569428868565
-0.5778894472361809,1.4795918367346939,0.2728390489293873
-0.5678391959798995,1.4795918367346939,0.27964959398417133
-0.5577889447236181,1.4795918367346939,0.2864855853065743
-0.5477386934673367,1.4795918367346939,0.29333314950343214
-0.5376884422110553,1.4795918367346939,0.30017609012878266
-0.5276381909547738,1.4795918367346939,0.306995703437699
-0.5175879396984925,1.4795918367346939,0.3137706131124356
-0.507537688442211,1.4795918367346939,0.32047663614210775
-0.4974874371859297,1.4795918367346939,0.32708669539657176
-0.48743718592964824,1.4795918367346939,0.33357079845439513
-0.4773869346733668,1.4795918367346939,0.33989610694968686
-0.46733668341708545,1.4795918367346939,0.3460271260207862
-0.457286432160804,1.4795918367346939,0.351926049115117
-0.44723618090452255,1.4795918367346939,0.357553298848519
-0.4371859296482412,1.4795918367346939,0.36286830876057685
-0.42713567839195976,1.4795918367346939,0.3678305918980007
-0.4170854271356784,1.4795918367346939,0.3724011376380114
-0.40703517587939697,1.4795918367346939,0.37654416473409835
-0.3969849246231155,1.4795918367346939,0.3802292326354165
-0.3869346733668342,1.4795918367346939,0.38343367184282817
-0.37688442211055273,1.4795918367346939,0.3861452369775451
-0.3668341708542714,1.4795918367346939,0.3883648173908508
-0.35678391959798994,1.4795918367346939,0.39010896973672904
-0.3467336683417085,1.4795918367346939,0.3914119813931781
-0.33668341708542715,1.4795918367346939,0.39232715283037123
-0.3266331658291457,1.4795918367346939,0.39292701834330224
-0.31658291457286436,1.4795918367346939,0.393302315086692
-0.3065326633165829,1.4795918367346939,0.3935596505849013
-0.29648241206030146,1.4795918367346939,0.39381798164452153
-0.2864321608040201,1.4795918367346939,0.39420416413687587
-0.27638190954773867,1.4795918367346939,0.3948479253723902
-0.26633165829145733,1.4795918367346939,0.3958766250606355
-0.2562814070351759,1.4795918367346939,0.39741010729827486
-0.24623115577889443,1.4795918367346939,0.39955582992423844
-0.2361809045226131,1.4795918367346939,0.40240433184819524
-0.22613065326633164,1.4795918367346939,0.40602501077671316
-0.2160804020100502,1.4795918367346939,0.41046216934081503
-0.20603015075376885,1.4795918367346939,0.4157313582611257
-0.1959798994974874,1.4795918367346939,0.42181617593890464
-0.18592964824120606,1.4795918367346939,0.4286658058028273
-0.1758793969849246,1.4795918367346939,0.43619357206859255
-0.16582914572864316,1.4795918367346939,0.44427652704739895
-0.15577889447236182,1.4795918367346939,0.452755417204341
-0.14572864321608037,1.4795918367346939,0.4614332772226005
-0.13567839195979903,1.4795918367346939,0.4700695694739606
-0.12562814070351758,1.4795918367346939,0.47836583057824256
-0.11557788944723613,1.4795918367346939,0.4859394703793488
-0.10552763819095479,1.4795918367346939,0.49228699965674194
-0.09547738693467334,1.4795918367346939,0.49675061045244284
-0.085427135678392,1.4795918367346939,0.4985293563381714
-0.07537688442211055,1.4795918367346939,0.4968253305531015
-0.0653266331658291,1.4795918367346939,0.4912752240380198
-0.055276381909547756,1.4795918367346939,0.4827875654705025
-0.045226130653266305,1.4795918367346939,0.47443646749925505
-0.035175879396984966,1.4795918367346939,0.47048641627827104
-0.025125628140703515,1.4795918367346939,0.46869403352959205
-0.015075376884422065,1.4795918367346939,0.4378137662622078
-0.005025125628140725,1.4795918367346939,0.26680561818660636
0.005025125628140614,1.4795918367346939,-0.19269311838681322
0.015075376884422065,1.4795918367346939,-0.6373959902842634
0.025125628140703515,1.4795918367346939,-0.746522760151092
0.035175879396984966,1.4795918367346939,-0.6901034410168293
0.045226130653266416,1.4795918367346939,-0.6151040555640925
0.055276381909547645,1.4795918367346939,-0.5612530732667523
0.0653266331658291,1.4795918367346939,-0.5280052192400659
0.07537688442211055,1.4795918367346939,-0.5076242375063206
0.085427135678392,1.4795918367346939,-0.49441840828651823
0.09547738693467345,1.4795918367346939,-0.48541688483837825
0.1055276381909549,1.4795918367346939,-0.4792467184524162
0.11557788944723613,1.4795918367346939,-0.47519723836657063
0.12562814070351758,1.4795918367346939,-0.4727264436190747
0.13567839195979903,1.4795918367346939,-0.4712707585897178
0.14572864321608048,1.4795918367346939,-0.4702157357737753
0.15577889447236193,1.4795918367346939,-0.46894089544201345
0.16582914572864316,1.4795918367346939,-0.4668912661922292
0.1758793969849246,1.4795918367346939,-0.46364775422451415
0.18592964824120606,1.4795918367346939,-0.45897741667019465
0.1959798994974875,1.4795918367346939,-0.452850967197858
0.20603015075376896,1.4795918367346939,-0.4454228009602057
0.2160804020100502,1.4795918367346939,-0.43697909032084453
0.22613065326633164,1.4795918367346939,-0.4278691664088734
0.2361809045226131,1.4795918367346939,-0.41843988481761657
0.24623115577889454,1.4795918367346939,-0.4089892209716962
0.256281407035176,1.4795918367346939,-0.3997457059783823
0.2663316582914572,1.4795918367346939,-0.3908696709861403
0.27638190954773867,1.4795918367346939,-0.3824655472677299
0.2864321608040201,1.4795918367346939,-0.37459413717702994
0.29648241206030157,1.4795918367346939,-0.36727922130434143
0.306532663316583,1.4795918367346939,-0.36050997065148205
0.31658291457286425,1.4795918367346939,-0.3542440997205031
0.3266331658291457,1.4795918367346939,-0.3484149612833222
0.33668341708542715,1.4795918367346939,-0.34294196881095207
0.3467336683417086,1.4795918367346939,-0.337741483765829
0.35678391959799005,1.4795918367346939,-0.33273552668423845
0.3668341708542713,1.4795918367346939,-0.3278571370681796
0.37688442211055273,1.4795918367346939,-0.32305255899401997
0.3869346733668342,1.4795918367346939,-0.31828111524286645
0.39698492462311563,1.4795918367346939,-0.31351373703966345
0.4070351758793971,1.4795918367346939,-0.3087309211080346
0.4170854271356783,1.4795918367346939,-0.30392061615675703
0.42713567839195976,1.4795918367346939,-0.2990763104472031
0.4371859296482412,1.4795918367346939,-0.29419543312998453
0.44723618090452266,1.4795918367346939,-0.2892780878906942
0.4572864321608041,1.4795918367346939,-0.284326089667735
0.46733668341708534,1.4795918367346939,-0.27934225620737574
0.4773869346733668,1.4795918367346939,-0.274329903097996
0.48743718592964824,1.4795918367346939,-0.26929249544634104
0.4974874371859297,1.4795918367346939,-0.26423341677953754
0.5075376884422111,1.4795918367346939,-0.259155823595892
0.5175879396984926,1.4795918367346939,-0.2540625611008371
0.5276381909547738,1.4795918367346939,-0.24895612163917835
0.5376884422110553,1.4795918367346939,-0.24383863212598061
0.5477386934673367,1.4795918367346939,-0.23871186050426305
0.5577889447236182,1.4795918367346939,-0.23357723409197015
0.5678391959798996,1.4795918367346939,-0.22843586480041703
0.5778894472361809,1.4795918367346939,-0.22328857776944547
0.5879396984924623,1.4795918367346939,-0.21813594110217216
0.5979899497487438,1.4795918367346939,-0.2129782951996422
0.6080402010050252,1.4795918367346939,-0.20781578077483487
0.6180904522613067,1.4795918367346939,-0.2026483650289715
0.6281407035175879,1.4795918367346939,-0.19747586574852816
0.6381909547738693,1.4795918367346939,-0.19229797326409703
0.6482412060301508,1.4795918367346939,-0.1871142703287877
0.6582914572864322,1.4795918367346939,-0.18192425004357476
0.6683417085427137,1.4795918367346939,-0.17672733199419743
0.6783919597989949,1.4795918367346939,-0.17152287677920477
0.6884422110552764,1.4795918367346939,-0.16631019910912465
0.6984924623115578,1.4795918367346939,-0.1610885796477414
0.7085427135678393,1.4795918367346939,-0.1558572757520255
0.7185929648241207,1.4795918367346939,-0.1506155312499347
0.728643216080402,1.4795918367346939,-0.1453625853769969
0.7386934673366834,1.4795918367346939,-0.14009768097441416
0.7487437185929648,1.4795918367346939,-0.13482007203428292
0.7587939698492463,1.4795918367346939,-0.12952903066178964
0.7688442211055277,1.4795918367346939,-0.12422385351021675
0.778894472361809,1.4795918367346939,-0.11890386773235859
0.7889447236180904,1.4795918367346939,-0.11356843648152279
0.7989949748743719,1.4795918367346939,-0.10821696398656505
0.8090452261306533,1.4795918367346939,-0.10284890021832338
0.8190954773869348,1.4795918367346939,-0.09746374515918882
0.829145728643216,1.4795918367346939,-0.09206105268323114
0.8391959798994975,1.4795918367346939,-0.08664043405119981
0.8492462311557789,1.4795918367346939,-0.08120156102259304
0.8592964824120604,1.4795918367346939,-0.07574416858575034
0.8693467336683418,1.4795918367346939,-0.07026805730643904
0.879396984924623,1.4795918367346939,-0.06477309529553837
0.8894472361809045,1.4795918367346939,-0.059259219797021534
0.8994974874371859,1.4795918367346939,-0.05372643839848423
0.9095477386934674,1.4795918367346939,-0.04817482986776572
0.9195979899497488,1.4795918367346939,-0.042604544620775425
0.9296482412060301,1.4795918367346939,-0.037015804827311344
0.9396984924623115,1.4795918367346939,-0.03140890416343481
0.949748743718593,1.4795918367346939,-0.025784207220789834
0.9597989949748744,1.4795918367346939,-0.020142148584988695
0.9698492462311559,1.4795918367346939,-0.014483231596964241
0.9798994974874373,1.4795918367346939,-0.008808026812761938
0.9899497487437185,1.4795918367346939,-0.0031171701787874317
1.0,1.4795918367346939,0.0025886390591522423
-1.0,1.489795918367347,0.0429356970253017
-0.9899497487437185,1.489795918367347,0.047470870757750194
-0.9798994974874372,1.489795918367347,0.05202891406071991
-0.9698492462311558,1.489795918367347,0.0566113028164468
-0.9597989949748744,1.489795918367347,0.06121955096272899
-0.949748743718593,1.489795918367347,0.0658552113432675
-0.9396984924623115,1.489795918367347,0.07051987674155902
-0.9296482412060302,1.489795918367347,0.0752151810794911
-0.9195979899497487,1.489795918367347,0.07994280075049515
-0.9095477386934674,1.489795918367347,0.08470445604399046
-0.8994974874371859,1.489795918367347,0.08950191260276816
-0.8894472361809045,1.489795918367347,0.09433698283783634
-0.8793969849246231,1.489795918367347,0.09921152720608678
-0.8693467336683417,1.489795918367347,0.10412745523489117
-0.8592964824120604,1.489795918367347,0.10908672615441592
-0.8492462311557789,1.489795918367347,0.1140913489731461
-0.8391959798994975,1.489795918367347,0.11914338180483786
-0.8291457286432161,1.489795918367347,0.12424493022602284
-0.8190954773869347,1.489795918367347,0.12939814441234992
-0.8090452261306533,1.489795918367347,0.13460521476959053
-0.7989949748743719,1.489795918367347,0.13986836574112893
-0.7889447236180904,1.489795918367347,0.1451898474383898
-0.778894472361809,1.489795918367347,0.15057192470389635
-0.7688442211055276,1.489795918367347,0.15601686317870722
-0.7587939698492463,1.489795918367347,0.16152691190680457
-0.7487437185929648,1.489795918367347,0.16710428196884053
-0.7386934673366834,1.489795918367347,0.17275112059657582
-0.728643216080402,1.489795918367347,0.1784694801778024
-0.7185929648241206,1.489795918367347,0.18426128152001736
-0.7085427135678393,1.489795918367347,0.19012827070062965
-0.6984924623115578,1.489795918367347,0.196071968793458
-0.6884422110552764,1.489795918367347,0.20209361372788381
-0.6783919597989949,1.489795918367347,0.20819409351136475
-0.6683417085427136,1.489795918367347,0.21437387003228653
-0.6582914572864322,1.489795918367347,0.22063289266404135
-0.6482412060301508,1.489795918367347,0.22697050091997906
-0.6381909547738693,1.489795918367347,0.23338531547180863
-0.6281407035175879,1.489795918367347,0.2398751169525536
-0.6180904522613065,1.489795918367347,0.2464367121331008
-0.6080402010050251,1.489795918367347,0.2530657873055855
-0.5979899497487438,1.489795918367347,0.2597567490468665
-0.5879396984924623,1.489795918367347,0.2665025529946531
-0.5778894472361809,1.489795918367347,0.2732945218746841
-0.5678391959798995,1.489795918367347,0.28012215480192926
-0.5577889447236181,1.489795918367347,0.2869729308802239
-0.5477386934673367,1.489795918367347,0.2938321113879372
-0.5376884422110553,1.489795918367347,0.3006825464158997
-0.5276381909547738,1.489795918367347,0.3075044937805286
-0.5175879396984925,1.489795918367347,0.3142754604421478
-0.507537688442211,1.489795918367347,0.3209700795940557
-0.4974874371859297,1.489795918367347,0.3275600401277847
-0.48743718592964824,1.489795918367347,0.3340140893780128
-0.4773869346733668,1.489795918367347,0.3402981349021241
-0.46733668341708545,1.489795918367347,0.34637547642855016
-0.457286432160804,1.489795918367347,0.3522072046689727
-0.44723618090452255,1.489795918367347,0.35775280872789506
-0.4371859296482412,1.489795918367347,0.36297103712473067
-0.42713567839195976,1.489795918367347,0.3678210570380237
-0.4170854271356784,1.489795918367347,0.3722639495840052
-0.40703517587939697,1.489795918367347,0.37626456242673534
-0.3969849246231155,1.489795918367347,0.37979371141112017
-0.3869346733668342,1.489795918367347,0.38283067794971615
-0.37688442211055273,1.489795918367347,0.38536588916589154
-0.3668341708542714,1.489795918367347,0.3874035986937633
-0.35678391959798994,1.489795918367347,0.38896431908157325
-0.3467336683417085,1.489795918367347,0.39008670905755405
-0.33668341708542715,1.489795918367347,0.390828609789984
-0.3266331658291457,1.489795918367347,0.3912669688897763
-0.31658291457286436,1.489795918367347,0.391496492935112
-0.3065326633165829,1.489795918367347,0.39162701566282554
-0.29648241206030146,1.489795918367347,0.391779730152523
-0.2864321608040201,1.489795918367347,0.39208257066923435
-0.27638190954773867,1.489795918367347,0.3926651079472865
-0.26633165829145733,1.489795918367347,0.3936533213157658
-0.2562814070351759,1.489795918367347,0.39516453692112496
-0.24623115577889443,1.489795918367347,0.3973027018036154
-0.2361809045226131,1.489795918367347,0.40015404234358554
-0.22613065326633164,1.489795918367347,0.4037830778692273
-0.2160804020100502,1.489795918367347,0.40822895818611427
-0.20603015075376885,1.489795918367347,0.41350217343313767
-0.1959798994974874,1.489795918367347,0.4195818153929386
-0.18592964824120606,1.489795918367347,0.42641367735939883
-0.1758793969849246,1.489795918367347,0.43390944862973035
-0.16582914572864316,1.489795918367347,0.44194694784723065
-0.15577889447236182,1.489795918367347,0.4503706251488554
-0.14572864321608037,1.489795918367347,0.45899043085998936
-0.13567839195979903,1.489795918367347,0.4675758176201008
-0.12562814070351758,1.489795918367347,0.4758407329247766
-0.11557788944723613,1.489795918367347,0.48341620507619054
-0.10552763819095479,1.489795918367347,0.489811734270559
-0.09547738693467334,1.489795918367347,0.49437903248844794
-0.085427135678392,1.489795918367347,0.4963180595483282
-0.07537688442211055,1.489795918367347,0.49481277552447467
-0.0653266331658291,1.489795918367347,0.48944292843458537
-0.055276381909547756,1.489795918367347,0.48099478463016876
-0.045226130653266305,1.489795918367347,0.4723581529882296
-0.035175879396984966,1.489795918367347,0.4677012513129606
-0.025125628140703515,1.489795918367347,0.4652460481232925
-0.015075376884422065,1.489795918367347,0.4356774143745299
-0.005025125628140725,1.489795918367347,0.27281235704046025
0.005025125628140614,1.489795918367347,-0.17528535896480732
0.015075376884422065,1.489795918367347,-0.6297992214292095
0.025125628140703515,1.489795918367347,-0.7511626973382812
0.035175879396984966,1.489795918367347,-0.6969493209346964
0.045226130653266416,1.489795918367347,-0.6195793235067752
0.055276381909547645,1.489795918367347,-0.5628110681427194
0.0653266331658291,1.489795918367347,-0.5273761322364394
0.07537688442211055,1.489795918367347,-0.505559275027036
0.085427135678392,1.489795918367347,-0.4914036894803543
0.09547738693467345,1.489795918367347,-0.48173464323801607
0.1055276381909549,1.489795918367347,-0.47508267144186644
0.11557788944723613,1.489795918367347,-0.4707114496517334
0.12562814070351758,1.489795918367347,-0.4680848891767434
0.13567839195979903,1.489795918367347,-0.46665057599274734
0.14572864321608048,1.489795918367347,-0.4657951249947474
0.15577889447236193,1.489795918367347,-0.464881043943685
0.16582914572864316,1.489795918367347,-0.46331586427866633
0.1758793969849246,1.489795918367347,-0.4606252197533528
0.18592964824120606,1.489795918367347,-0.4565106689178322
0.1959798994974875,1.489795918367347,-0.45087840301420334
0.20603015075376896,1.489795918367347,-0.4438315017428818
0.2160804020100502,1.489795918367347,-0.43562761219072027
0.22613065326633164,1.489795918367347,-0.42661391822073724
0.2361809045226131,1.489795918367347,-0.41715783101373327
0.24623115577889454,1.489795918367347,-0.40759136715052413
0.256281407035176,1.489795918367347,-0.39817975631580127
0.2663316582914572,1.489795918367347,-0.3891143663244294
0.27638190954773867,1.489795918367347,-0.3805215160929579
0.2864321608040201,1.489795918367347,-0.37247569903151756
0.29648241206030157,1.489795918367347,-0.3650091319189545
0.306532663316583,1.489795918367347,-0.35811653476348493
0.31658291457286425,1.489795918367347,-0.35175908440761705
0.3266331658291457,1.489795918367347,-0.345871334018827
0.33668341708542715,1.489795918367347,-0.34037147919119626
0.3467336683417086,1.489795918367347,-0.3351725885325906
0.35678391959799005,1.489795918367347,-0.3301920574439269
0.3668341708542713,1.489795918367347,-0.3253577928016208
0.37688442211055273,1.489795918367347,-0.32061106233064346
0.3869346733668342,1.489795918367347,-0.3159067827096705
0.39698492462311563,1.489795918367347,-0.31121223547323373
0.4070351758793971,1.489795918367347,-0.3065050492724212
0.4170854271356783,1.489795918367347,-0.3017710187277324
0.42713567839195976,1.489795918367347,-0.29700208295316843
0.4371859296482412,1.489795918367347,-0.2921946088500902
0.44723618090452266,1.489795918367347,-0.28734801510044067
0.4572864321608041,1.489795918367347,-0.28246371510661894
0.46733668341708534,1.489795918367347,-0.27754433239800114
0.4773869346733668,1.489795918367347,-0.2725931360003127
0.48743718592964824,1.489795918367347,-0.2676136465851632
0.4974874371859297,1.489795918367347,-0.2626093713629292
0.5075376884422111,1.489795918367347,-0.2575836336934413
0.5175879396984926,1.489795918367347,-0.2525394708519776
0.5276381909547738,1.489795918367347,-0.24747957975027116
0.5376884422110553,1.489795918367347,-0.24240629556333562
0.5477386934673367,1.489795918367347,-0.23732159224637012
0.5577889447236182,1.489795918367347,-0.2322270970108791
0.5678391959798996,1.489795918367347,-0.2271241131471077
0.5778894472361809,1.489795918367347,-0.22201364729650977
0.5879396984924623,1.489795918367347,-0.21689643853294205
0.5979899497487438,1.489795918367347,-0.21177298751743048
0.6080402010050252,1.489795918367347,-0.20664358463688204
0.6180904522613067,1.489795918367347,-0.20150833649007335
0.6281407035175879,1.489795918367347,-0.19636719039612385
0.6381909547738693,1.489795918367347,-0.19121995681012063
0.6482412060301508,1.489795918367347,-0.1860663296665199
0.6582914572864322,1.489795918367347,-0.18090590475456933
0.6683417085427137,1.489795918367347,-0.1757381962770972
0.6783919597989949,1.489795918367347,-0.17056265176589164
0.6884422110552764,1.489795918367347,-0.16537866553193087
0.6984924623115578,1.489795918367347,-0.16018559082284484
0.7085427135678393,1.489795918367347,-0.15498275084741567
0.7185929648241207,1.489795918367347,-0.1497694488107065
0.728643216080402,1.489795918367347,-0.14454497708554592
0.7386934673366834,1.489795918367347,-0.13930862562802546
0.7487437185929648,1.489795918367347,-0.1340596897272975
0.7587939698492463,1.489795918367347,-0.1287974771638546
0.7688442211055277,1.489795918367347,-0.12352131483593864
0.778894472361809,1.489795918367347,-0.11823055490097986
0.7889447236180904,1.489795918367347,-0.11292458046794496
0.7989949748743719,1.489795918367347,-0.10760281086720636
0.8090452261306533,1.489795918367347,-0.10226470651693861
0.8190954773869348,1.489795918367347,-0.09690977339889703
0.829145728643216,1.489795918367347,-0.09153756715170805
0.8391959798994975,1.489795918367347,-0.08614769678624923
0.8492462311557789,1.489795918367347,-0.08073982802524432
0.8592964824120604,1.489795918367347,-0.07531368626765947
0.8693467336683418,1.489795918367347,-0.06986905917772335
0.879396984924623,1.489795918367347,-0.06440579889831533
0.8894472361809045,1.489795918367347,-0.05892382388892242
0.8994974874371859,1.489795918367347,-0.05342312038923003
0.9095477386934674,1.489795918367347,-0.04790374351066942
0.9195979899497488,1.489795918367347,-0.04236581795970823
0.9296482412060301,1.489795918367347,-0.03680953839833423
0.9396984924623115,1.489795918367347,-0.031235169448946776
0.949748743718593,1.489795918367347,-0.025643045352713667
0.9597989949748744,1.489795918367347,-0.020033569292225994
0.9698492462311559,1.489795918367347,-0.014407212391119445
0.9798994974874373,1.489795918367347,-0.008764512404962316
0.9899497487437185,1.489795918367347,-0.0031060721193580942
1.0,1.489795918367347,0.002567442527394853
-1.0,1.5,0.0438602574040427
-0.9899497487437185,1.5,0.04835859616956781
-0.9798994974874372,1.5,0.052880391479051214
-0.9698492462311558,1.5,0.057427154535162034
-0.9597989949748744,1.5,0.06200043729882296
-0.949748743718593,1.5,0.06660183363510017
-0.9396984924623115,1.5,0.07123298063573266
-0.9296482412060302,1.5,0.07589556009234047
-0.9195979899497487,1.5,0.0805913000820048
-0.9095477386934674,1.5,0.08532197661265967
-0.8994974874371859,1.5,0.09008941525954545
-0.8894472361809045,1.5,0.09489549270577086
-0.8793969849246231,1.5,0.0997421380798385
-0.8693467336683417,1.5,0.1046313339607727
-0.8592964824120604,1.5,0.10956511689737608
-0.8492462311557789,1.5,0.11454557726212033
-0.8391959798994975,1.5,0.11957485823241942
-0.8291457286432161,1.5,0.1246551536626253
-0.8190954773869347,1.5,0.1297887045791173
-0.8090452261306533,1.5,0.13497779399850263
-0.7989949748743719,1.5,0.14022473973527505
-0.7889447236180904,1.5,0.14553188483035212
-0.778894472361809,1.5,0.150901585195851
-0.7688442211055276,1.5,0.1563361940342547
-0.7587939698492463,1.5,0.16183804255183942
-0.7487437185929648,1.5,0.16740941644697227
-0.7386934673366834,1.5,0.1730525276137843
-0.728643216080402,1.5,0.1787694804611848
-0.7185929648241206,1.5,0.1845622322067908
-0.7085427135678393,1.5,0.19043254646614927
-0.6984924623115578,1.5,0.19638193942134174
-0.6884422110552764,1.5,0.20241161782196504
-0.6783919597989949,1.5,0.20852240804919864
-0.6683417085427136,1.5,0.21471467546468342
-0.6582914572864322,1.5,0.2209882332766
-0.6482412060301508,1.5,0.2273422401935234
-0.6381909547738693,1.5,0.23377508621230436
-0.6281407035175879,1.5,0.2402842660116784
-0.6180904522613065,1.5,0.246866239613296
-0.6080402010050251,1.5,0.2535162802440287
-0.5979899497487438,1.5,0.2602283097085464
-0.5879396984924623,1.5,0.26699472208371444
-0.5778894472361809,1.5,0.27380619720506305
-0.5678391959798995,1.5,0.2806515062640731
-0.5577889447236181,1.5,0.2875173129132836
-0.5477386934673367,1.5,0.29438797463133193
-0.5376884422110553,1.5,0.3012453507876386
-0.5276381909547738,1.5,0.3080686259312906
-0.5175879396984925,1.5,0.31483415938335735
-0.507537688442211,1.5,0.32151537531220653
-0.4974874371859297,1.5,0.32808271118476295
-0.48743718592964824,1.5,0.3345036468480673
-0.4773869346733668,1.5,0.3407428414648759
-0.46733668341708545,1.5,0.3467624109185461
-0.457286432160804,1.5,0.3525223836781163
-0.44723618090452255,1.5,0.3579813776411178
-0.4371859296482412,1.5,0.363097542755319
-0.42713567839195976,1.5,0.36782981216545374
-0.4170854271356784,1.5,0.3721394954177655
-0.40703517587939697,1.5,0.37599222758798945
-0.3969849246231155,1.5,0.37936025499908455
-0.3869346733668342,1.5,0.38222498987234976
-0.37688442211055273,1.5,0.3845797044680366
-0.3668341708542714,1.5,0.3864321667279327
-0.35678391959798994,1.5,0.38780695681055866
-0.3467336683417085,1.5,0.3887471647339009
-0.33668341708542715,1.5,0.3893151720071557
-0.3266331658291457,1.5,0.38959227744552727
-0.31658291457286436,1.5,0.3896770396102217
-0.3065326633165829,1.5,0.38968235915497984
-0.29648241206030146,1.5,0.3897314824660061
-0.2864321608040201,1.5,0.389953235267926
-0.27638190954773867,1.5,0.390476858904265
-0.26633165829145733,1.5,0.3914268078666483
-0.2562814070351759,1.5,0.3929177838068292
-0.24623115577889443,1.5,0.3950501597807753
-0.2361809045226131,1.5,0.39790583270274227
-0.22613065326633164,1.5,0.4015444749801961
-0.2160804020100502,1.5,0.4060001661229682
-0.20603015075376885,1.5,0.4112784725506674
-0.1959798994974874,1.5,0.41735417286335763
-0.18592964824120606,1.5,0.4241699181834975
-0.1758793969849246,1.5,0.43163605470886957
-0.16582914572864316,1.5,0.4396314797517378
-0.15577889447236182,1.5,0.44800464235792914
-0.14572864321608037,1.5,0.4565726379780244
-0.13567839195979903,1.5,0.46511502331210597
-0.12562814070351758,1.5,0.47335811937787
-0.11557788944723613,1.5,0.4809463819810835
-0.10552763819095479,1.5,0.4874020039567528
-0.09547738693467334,1.5,0.4920859290967462
-0.085427135678392,1.5,0.4941989513108269
-0.07537688442211055,1.5,0.49290738416654734
-0.0653266331658291,1.5,0.4877355225909884
-0.055276381909547756,1.5,0.4793498039584281
-0.045226130653266305,1.5,0.47045617136929674
-0.035175879396984966,1.5,0.46511522680541206
-0.025125628140703515,1.5,0.46198000153745367
-0.015075376884422065,1.5,0.4336187346738096
-0.005025125628140725,1.5,0.2787007384968709
0.005025125628140614,1.5,-0.15741318532955118
0.015075376884422065,1.5,-0.6211068133611587
0.025125628140703515,1.5,-0.7554804048347672
0.035175879396984966,1.5,-0.7040378682266042
0.045226130653266416,1.5,-0.6244424965594091
0.055276381909547645,1.5,-0.5647052290553441
0.0653266331658291,1.5,-0.5269936323007182
0.07537688442211055,1.5,-0.5036716845272329
0.085427135678392,1.5,-0.48852052519203293
0.09547738693467345,1.5,-0.478149590625638
0.1055276381909549,1.5,-0.4709826377392942
0.11557788944723613,1.5,-0.4662525391079171
0.12562814070351758,1.5,-0.4634283941438558
0.13567839195979903,1.5,-0.4619714395908193
0.14572864321608048,1.5,-0.46127404804015126
0.15577889447236193,1.5,-0.46068764987562716
0.16582914572864316,1.5,-0.45958827973769745
0.1758793969849246,1.5,-0.4574509237622928
0.18592964824120606,1.5,-0.45391340702205996
0.1959798994974875,1.5,-0.4488152534502755
0.20603015075376896,1.5,-0.4422021155369492
0.2160804020100502,1.5,-0.4342942959571614
0.22613065326633164,1.5,-0.42542764320408566
0.2361809045226131,1.5,-0.41598312719270397
0.24623115577889454,1.5,-0.40632368857291357
0.256281407035176,1.5,-0.396752138822384
0.2663316582914572,1.5,-0.3874944348026864
0.27638190954773867,1.5,-0.37870305871988763
0.2864321608040201,1.5,-0.3704696695535874
0.29648241206030157,1.5,-0.3628370750115167
0.306532663316583,1.5,-0.35580669067083326
0.31658291457286425,1.5,-0.3493438324272549
0.3266331658291457,1.5,-0.3433847822528346
0.33668341708542715,1.5,-0.33784695003153775
0.3467336683417086,1.5,-0.33264038708258553
0.35678391959799005,1.5,-0.32767794401699024
0.3668341708542713,1.5,-0.3228823003835136
0.37688442211055273,1.5,-0.31818953460268573
0.3869346733668342,1.5,-0.31354988794833205
0.39698492462311563,1.5,-0.30892671501023206
0.4070351758793971,1.5,-0.30429452118832745
0.4170854271356783,1.5,-0.2996367283096477
0.42713567839195976,1.5,-0.2949435479059066
0.4371859296482412,1.5,-0.2902101442292979
0.44723618090452266,1.5,-0.28543514357238275
0.4572864321608041,1.5,-0.28061947760175276
0.46733668341708534,1.5,-0.27576551703117697
0.4773869346733668,1.5,-0.2708764424504717
0.48743718592964824,1.5,-0.26595580091740656
0.4974874371859297,1.5,-0.2610072036242228
0.5075376884422111,1.5,-0.2560341280625359
0.5175879396984926,1.5,-0.2510397959031707
0.5276381909547738,1.5,-0.246027104561746
0.5376884422110553,1.5,-0.24099859594681017
0.5477386934673367,1.5,-0.23595645024590614
0.5577889447236182,1.5,-0.23090249595726733
0.5678391959798996,1.5,-0.22583822990561514
0.5778894472361809,1.5,-0.220764842862761
0.5879396984924623,1.5,-0.2156832477757893
0.5979899497487438,1.5,-0.2105941086079739
0.6080402010050252,1.5,-0.20549786851552457
0.6180904522613067,1.5,-0.2003947765901483
0.6281407035175879,1.5,-0.1952849127492086
0.6381909547738693,1.5,-0.1901682105941544
0.6482412060301508,1.5,-0.1850444782151742
0.6582914572864322,1.5,-0.17991341701915972
0.6683417085427137,1.5,-0.17477463871617316
0.6783919597989949,1.5,-0.16962768062924363
0.6884422110552764,1.5,-0.16447201950266896
0.6984924623115578,1.5,-0.15930708398168283
0.7085427135678393,1.5,-0.15413226592604196
0.7185929648241207,1.5,-0.14894693070517148
0.728643216080402,1.5,-0.14375042660535092
0.7386934673366834,1.5,-0.13854209346152307
0.7487437185929648,1.5,-0.13332127060883586
0.7587939698492463,1.5,-0.12808730423261547
0.7688442211055277,1.5,-0.12283955418045053
0.778894472361809,1.5,-0.11757740028681732
0.7889447236180904,1.5,-0.11230024824908752
0.7989949748743719,1.5,-0.10700753508394736
0.8090452261306533,1.5,-0.10169873418508499
0.8190954773869348,1.5,-0.09637335999637217
0.829145728643216,1.5,-0.09103097230953738
0.8391959798994975,1.5,-0.08567118019139278
0.8492462311557789,1.5,-0.08029364554281249
0.8592964824120604,1.5,-0.07489808628980235
0.8693467336683418,1.5,-0.06948427920597833
0.879396984924623,1.5,-0.06405206236543279
0.8894472361809045,1.5,-0.05860133722521901
0.8994974874371859,1.5,-0.05313207033746864
0.9095477386934674,1.5,-0.04764429469220047
0.9195979899497488,1.5,-0.04213811069335521
0.9296482412060301,1.5,-0.03661368677214133
0.9396984924623115,1.5,-0.031071259643572352
0.949748743718593,1.5,-0.02551113421388293
0.9597989949748744,1.5,-0.019933683148351755
0.9698492462311559,1.5,-0.014339346110893936
0.9798994974874373,1.5,-0.00872862868855917
0.9899497487437185,1.5,-0.0031021010156901674
1.0,1.5,0.0025396038859143155
